UF,InicioSemana,Etanol,Gasolina,Paridade,EtanolCompensa
AC,2024-09-02,4.98,7.19,0.6926286509040334,True
AC,2024-09-09,4.96,7.19,0.6898470097357441,True
AC,2024-09-16,4.97,7.19,0.6912378303198886,True
AC,2024-09-23,5.14,7.53,0.6826029216467463,True
AC,2024-09-30,4.99,7.19,0.694019471488178,True
AC,2024-10-07,4.98,7.19,0.6926286509040334,True
AC,2024-10-14,4.99,7.445,0.6702484889187375,True
AC,2024-10-21,5.24,7.53,0.6958831341301461,True
AC,2024-10-28,4.99,7.48,0.6671122994652406,True
AC,2024-11-04,5.1899999999999995,7.49,0.692923898531375,True
AC,2024-11-11,5.05,7.49,0.6742323097463284,True
AC,2024-11-18,5.09,7.48,0.6804812834224598,True
AC,2024-11-25,5.29,7.640000000000001,0.6924083769633508,True
AC,2024-12-02,5.29,7.49,0.7062750333778371,False
AC,2024-12-09,5.1899999999999995,7.49,0.692923898531375,True
AC,2024-12-16,5.29,7.49,0.7062750333778371,False
AC,2024-12-23,5.29,7.49,0.7062750333778371,False
AC,2024-12-30,5.29,7.49,0.7062750333778371,False
AC,2025-01-06,5.59,7.73,0.723156532988357,False
AC,2025-01-13,5.1899999999999995,7.49,0.692923898531375,True
AC,2025-01-20,5.28,7.4350000000000005,0.7101546738399462,False
AC,2025-01-27,5.28,7.4350000000000005,0.7101546738399462,False
AC,2025-02-03,5.24,7.41,0.7071524966261808,False
AC,2025-02-10,5.34,7.69,0.694408322496749,True
AC,2025-02-17,5.34,7.69,0.694408322496749,True
AC,2025-02-24,5.34,7.69,0.694408322496749,True
AC,2025-03-03,5.395,7.69,0.701560468140442,False
AC,2025-03-10,5.34,7.69,0.694408322496749,True
AC,2025-03-17,5.470000000000001,7.69,0.7113133940182055,False
AC,2025-03-24,5.470000000000001,7.64,0.7159685863874347,False
AC,2025-03-31,5.49,8.07,0.6802973977695167,True
AC,2025-04-07,5.470000000000001,7.67,0.713168187744459,False
AC,2025-04-14,5.45,7.645,0.7128842380640943,False
AC,2025-04-21,5.95,8.09,0.7354758961681088,False
AC,2025-04-28,5.39,7.69,0.7009102730819246,False
AC,2025-05-05,5.49,7.69,0.7139141742522757,False
AC,2025-05-12,5.4399999999999995,7.63,0.7129750982961992,False
AC,2025-05-19,5.470000000000001,7.69,0.7113133940182055,False
AC,2025-05-26,5.395,7.69,0.701560468140442,False
AC,2025-06-02,5.470000000000001,7.69,0.7113133940182055,False
AC,2025-06-09,5.445,7.67,0.7099087353324642,False
AC,2025-06-16,5.390000000000001,7.64,0.705497382198953,False
AC,2025-06-23,5.44,8.07,0.6741016109045849,True
AC,2025-06-30,5.390000000000001,7.64,0.705497382198953,False
AC,2025-07-07,5.390000000000001,7.64,0.705497382198953,False
AC,2025-07-14,5.445,7.615,0.7150361129349967,False
AC,2025-07-21,5.305,7.5649999999999995,0.7012557832121613,False
AC,2025-07-28,5.95,8.09,0.7354758961681088,False
AC,2025-08-04,5.305,7.5649999999999995,0.7012557832121613,False
AC,2025-08-11,5.32,7.83,0.6794380587484036,True
AC,2025-08-18,5.29,7.53,0.7025232403718459,False
AC,2025-08-25,5.95,8.09,0.7354758961681088,False
AC,2025-09-01,5.29,7.49,0.7062750333778371,False
AC,2025-09-08,5.29,7.53,0.7025232403718459,False
AC,2025-09-15,5.29,7.51,0.7043941411451399,False
AC,2025-09-22,5.27,7.415,0.7107215104517869,False
AC,2025-09-29,5.29,7.53,0.7025232403718459,False
AC,2025-10-06,5.29,7.44,0.711021505376344,False
AC,2025-10-13,5.27,7.39,0.713125845737483,False
AC,2025-10-20,5.29,7.39,0.7158322056833559,False
AC,2025-10-27,5.24,7.32,0.7158469945355191,False
AC,2025-11-03,5.27,7.44,0.7083333333333333,False
AC,2025-11-10,5.245,7.37,0.7116689280868386,False
AC,2025-11-17,5.25,7.38,0.7113821138211383,False
AC,2025-11-24,5.27,7.37,0.7150610583446404,False
AC,2025-12-01,5.25,7.345000000000001,0.7147719537100068,False
AC,2025-12-08,5.27,7.39,0.713125845737483,False
AC,2025-12-22,5.95,7.97,0.7465495608531996,False
AC,2025-12-29,5.245,7.38,0.7107046070460705,False
AC,2026-01-05,5.19,7.305,0.7104722792607804,False
AC,2026-01-12,5.25,7.38,0.7113821138211383,False
AC,2026-01-19,5.23,7.305,0.7159479808350446,False
AC,2026-01-26,5.19,7.29,0.7119341563786009,False
AC,2026-02-02,5.24,7.355,0.7124405166553365,False
AC,2026-02-09,5.17,7.28,0.7101648351648351,False
AC,2026-02-16,5.19,7.305,0.7104722792607804,False
AC,2026-02-23,5.95,7.97,0.7465495608531996,False
AC,2026-03-02,5.95,7.97,0.7465495608531996,False
AC,2026-03-09,6.21,8.19,0.7582417582417583,False
AC,2026-03-16,6.04,8.17,0.7392900856793145,False
AC,2026-03-23,5.29,7.53,0.7025232403718459,False
AC,2026-04-27,6.39,8.46,0.7553191489361701,False
AC,2026-05-04,5.29,7.39,0.7158322056833559,False
AC,2026-05-11,5.285,7.385,0.7156398104265403,False
AC,2026-05-18,5.29,7.39,0.7158322056833559,False
AC,2026-05-25,5.305,7.365,0.7202987101154107,False
AC,2026-06-01,5.32,7.29,0.729766803840878,False
AC,2026-06-08,5.19,7.39,0.702300405953992,False
AC,2026-06-15,5.32,7.39,0.7198917456021652,False
AC,2026-06-22,5.235,7.39,0.7083897158322058,False
AC,2026-06-29,5.135,7.38,0.6957994579945799,True
AC,2026-07-06,4.99,7.32,0.6816939890710383,True
AC,2026-07-13,6.39,8.46,0.7553191489361701,False
AC,2026-07-20,5.04,7.29,0.691358024691358,True
AC,2026-07-27,5.135,7.29,0.7043895747599451,False
AC,2026-08-03,5.04,7.28,0.6923076923076923,True
AC,2026-08-10,4.99,7.29,0.6844993141289438,True
AC,2026-08-17,5.04,7.29,0.691358024691358,True
AC,2026-08-24,4.99,7.29,0.6844993141289438,True
AC,2026-08-31,4.99,7.29,0.6844993141289438,True
AL,2024-09-02,4.99,6.29,0.7933227344992051,False
AL,2024-09-09,4.99,6.29,0.7933227344992051,False
AL,2024-09-16,4.98,6.29,0.7917329093799683,False
AL,2024-09-23,4.89,6.29,0.7774244833068362,False
AL,2024-09-30,4.79,6.19,0.7738287560581583,False
AL,2024-10-07,4.69,6.09,0.7701149425287357,False
AL,2024-10-14,4.68,6.09,0.7684729064039408,False
AL,2024-10-21,4.65,6.09,0.7635467980295567,False
AL,2024-10-28,4.59,6.09,0.7536945812807881,False
AL,2024-11-04,4.58,6.08,0.7532894736842105,False
AL,2024-11-11,4.49,5.99,0.7495826377295493,False
AL,2024-11-18,4.59,6.19,0.7415185783521808,False
AL,2024-11-25,4.59,6.19,0.7415185783521808,False
AL,2024-12-02,4.59,6.19,0.7415185783521808,False
AL,2024-12-09,4.59,6.19,0.7415185783521808,False
AL,2024-12-16,4.55,6.15,0.7398373983739837,False
AL,2024-12-23,4.55,6.15,0.7398373983739837,False
AL,2024-12-30,4.49,6.09,0.7372742200328408,False
AL,2025-01-06,4.55,6.14,0.741042345276873,False
AL,2025-01-13,4.69,6.29,0.7456279809220986,False
AL,2025-01-20,4.69,6.29,0.7456279809220986,False
AL,2025-01-27,4.89,6.29,0.7774244833068362,False
AL,2025-02-03,4.99,6.39,0.780907668231612,False
AL,2025-02-10,4.99,6.39,0.780907668231612,False
AL,2025-02-17,4.99,6.39,0.780907668231612,False
AL,2025-02-24,4.99,6.39,0.780907668231612,False
AL,2025-03-03,4.99,6.37,0.783359497645212,False
AL,2025-03-10,4.98,6.35,0.7842519685039371,False
AL,2025-03-17,4.98,6.29,0.7917329093799683,False
AL,2025-03-24,4.89,6.29,0.7774244833068362,False
AL,2025-03-31,4.89,6.19,0.7899838449111469,False
AL,2025-04-07,5.05,6.39,0.7902973395931142,False
AL,2025-04-14,5.05,6.38,0.7915360501567398,False
AL,2025-04-21,5.025,6.35,0.7913385826771655,False
AL,2025-04-28,4.98,6.32,0.7879746835443038,False
AL,2025-05-05,5.03,6.295,0.7990468625893566,False
AL,2025-05-12,4.985,6.19,0.8053311793214862,False
AL,2025-05-19,5.16,6.39,0.807511737089202,False
AL,2025-05-26,5.135,6.36,0.8073899371069182,False
AL,2025-06-02,5.11,6.29,0.8124006359300477,False
AL,2025-06-09,4.99,6.29,0.7933227344992051,False
AL,2025-06-16,4.99,6.28,0.7945859872611465,False
AL,2025-06-23,4.99,6.18,0.807443365695793,False
AL,2025-06-30,5.12,6.39,0.8012519561815337,False
AL,2025-07-07,5.12,6.39,0.8012519561815337,False
AL,2025-07-14,5.18,6.38,0.8119122257053292,False
AL,2025-07-21,5.18,6.38,0.8119122257053292,False
AL,2025-07-28,5.14,6.34,0.8107255520504731,False
AL,2025-08-04,5.09,6.29,0.8092209856915739,False
AL,2025-08-11,5.05,6.29,0.8028616852146263,False
AL,2025-08-18,5.04,6.19,0.81421647819063,False
AL,2025-08-25,4.99,6.13,0.8140293637846656,False
AL,2025-09-01,4.89,5.98,0.8177257525083611,False
AL,2025-09-08,4.97,5.99,0.8297161936560934,False
AL,2025-09-15,4.89,5.96,0.8204697986577181,False
AL,2025-09-22,4.98,5.99,0.8313856427378965,False
AL,2025-09-29,5.15,6.25,0.8240000000000001,False
AL,2025-10-06,5.14,6.25,0.8223999999999999,False
AL,2025-10-13,5.12,6.25,0.8192,False
AL,2025-10-20,5.08,6.25,0.8128,False
AL,2025-10-27,5.04,6.19,0.81421647819063,False
AL,2025-11-03,4.99,6.19,0.8061389337641357,False
AL,2025-11-10,4.99,6.19,0.8061389337641357,False
AL,2025-11-17,4.95,6.25,0.792,False
AL,2025-11-24,4.94,6.25,0.7904000000000001,False
AL,2025-12-01,4.93,6.23,0.7913322632423755,False
AL,2025-12-08,4.98,6.29,0.7917329093799683,False
AL,2025-12-15,4.99,6.29,0.7933227344992051,False
AL,2025-12-22,5.12,6.37,0.8037676609105181,False
AL,2025-12-29,4.99,6.29,0.7933227344992051,False
AL,2026-01-05,4.99,6.355,0.7852084972462627,False
AL,2026-01-12,4.99,6.37,0.783359497645212,False
AL,2026-01-19,4.99,6.37,0.783359497645212,False
AL,2026-01-26,4.99,6.37,0.783359497645212,False
AL,2026-02-02,4.99,6.19,0.8061389337641357,False
AL,2026-02-09,4.99,6.37,0.783359497645212,False
AL,2026-02-16,5.14,6.29,0.8171701112877583,False
AL,2026-02-23,5.09,6.37,0.7990580847723705,False
AL,2026-03-02,5.11,6.39,0.7996870109546167,False
AL,2026-03-09,5.19,6.65,0.7804511278195488,False
AL,2026-03-16,5.19,6.79,0.764359351988218,False
AL,2026-03-23,5.19,6.845,0.7582176771365962,False
AL,2026-03-30,5.19,6.8,0.7632352941176471,False
AL,2026-05-04,5.235,6.87,0.7620087336244542,False
AL,2026-05-11,5.27,6.87,0.7671033478893741,False
AL,2026-05-18,5.29,6.84,0.7733918128654971,False
AL,2026-05-25,5.09,6.79,0.7496318114874816,False
AL,2026-06-01,5.04,6.85,0.7357664233576643,False
AL,2026-06-08,4.99,6.92,0.7210982658959538,False
AL,2026-06-15,4.99,6.785,0.735445836403832,False
AL,2026-06-22,4.99,6.94,0.7190201729106628,False
AL,2026-06-29,4.99,6.89,0.7242380261248187,False
AL,2026-07-06,4.99,6.69,0.7458893871449925,False
AL,2026-07-13,4.99,6.69,0.7458893871449925,False
AL,2026-07-20,4.99,6.75,0.7392592592592593,False
AL,2026-07-27,5.09,6.84,0.7441520467836257,False
AL,2026-08-03,4.99,6.79,0.7349042709867453,False
AL,2026-08-10,4.99,6.69,0.7458893871449925,False
AL,2026-08-17,4.99,6.69,0.7458893871449925,False
AL,2026-08-24,4.99,6.69,0.7458893871449925,False
AL,2026-08-31,4.99,6.69,0.7458893871449925,False
AM,2024-09-02,4.89,6.89,0.7097242380261248,False
AM,2024-09-09,4.89,6.89,0.7097242380261248,False
AM,2024-09-16,4.89,6.89,0.7097242380261248,False
AM,2024-09-23,4.89,6.89,0.7097242380261248,False
AM,2024-09-30,4.89,6.89,0.7097242380261248,False
AM,2024-10-07,4.89,6.89,0.7097242380261248,False
AM,2024-10-14,4.99,6.99,0.7138769670958512,False
AM,2024-10-21,4.99,6.99,0.7138769670958512,False
AM,2024-10-28,4.99,6.99,0.7138769670958512,False
AM,2024-11-04,4.99,6.99,0.7138769670958512,False
AM,2024-11-11,4.99,6.99,0.7138769670958512,False
AM,2024-11-18,4.99,6.99,0.7138769670958512,False
AM,2024-11-25,4.99,6.99,0.7138769670958512,False
AM,2024-12-02,4.99,6.99,0.7138769670958512,False
AM,2024-12-09,4.99,6.99,0.7138769670958512,False
AM,2024-12-16,4.99,6.99,0.7138769670958512,False
AM,2024-12-23,4.99,6.99,0.7138769670958512,False
AM,2024-12-30,4.99,6.99,0.7138769670958512,False
AM,2025-01-06,4.99,6.99,0.7138769670958512,False
AM,2025-01-13,4.99,6.99,0.7138769670958512,False
AM,2025-01-20,4.99,6.99,0.7138769670958512,False
AM,2025-01-27,4.99,6.99,0.7138769670958512,False
AM,2025-02-03,4.99,6.99,0.7138769670958512,False
AM,2025-02-10,5.49,7.29,0.7530864197530864,False
AM,2025-02-17,5.49,7.29,0.7530864197530864,False
AM,2025-02-24,5.49,7.29,0.7530864197530864,False
AM,2025-03-03,5.49,7.29,0.7530864197530864,False
AM,2025-03-10,5.49,7.29,0.7530864197530864,False
AM,2025-03-17,5.49,7.29,0.7530864197530864,False
AM,2025-03-24,5.49,7.29,0.7530864197530864,False
AM,2025-03-31,5.49,7.29,0.7530864197530864,False
AM,2025-04-07,5.49,7.29,0.7530864197530864,False
AM,2025-04-14,5.49,7.29,0.7530864197530864,False
AM,2025-04-21,5.49,7.09,0.7743300423131171,False
AM,2025-04-28,5.49,7.09,0.7743300423131171,False
AM,2025-05-05,5.49,7.09,0.7743300423131171,False
AM,2025-05-12,5.49,7.09,0.7743300423131171,False
AM,2025-05-19,5.49,7.09,0.7743300423131171,False
AM,2025-05-26,5.49,7.09,0.7743300423131171,False
AM,2025-06-02,5.49,7.09,0.7743300423131171,False
AM,2025-06-09,5.49,7.09,0.7743300423131171,False
AM,2025-06-16,5.49,7.09,0.7743300423131171,False
AM,2025-06-23,5.49,7.09,0.7743300423131171,False
AM,2025-06-30,5.49,7.09,0.7743300423131171,False
AM,2025-07-07,5.49,7.09,0.7743300423131171,False
AM,2025-07-14,5.49,6.99,0.7854077253218884,False
AM,2025-07-21,5.49,6.99,0.7854077253218884,False
AM,2025-07-28,5.49,6.99,0.7854077253218884,False
AM,2025-08-04,5.49,6.99,0.7854077253218884,False
AM,2025-08-11,5.49,6.99,0.7854077253218884,False
AM,2025-08-18,5.49,6.99,0.7854077253218884,False
AM,2025-08-25,5.49,6.99,0.7854077253218884,False
AM,2025-09-01,5.49,6.99,0.7854077253218884,False
AM,2025-09-08,5.49,6.99,0.7854077253218884,False
AM,2025-09-15,5.49,6.99,0.7854077253218884,False
AM,2025-09-22,5.49,6.99,0.7854077253218884,False
AM,2025-09-29,5.49,6.99,0.7854077253218884,False
AM,2025-10-06,5.49,6.99,0.7854077253218884,False
AM,2025-10-13,5.49,6.99,0.7854077253218884,False
AM,2025-10-20,5.49,6.99,0.7854077253218884,False
AM,2025-10-27,5.49,6.99,0.7854077253218884,False
AM,2025-11-03,5.49,6.99,0.7854077253218884,False
AM,2025-11-10,5.49,6.99,0.7854077253218884,False
AM,2025-11-17,5.49,6.99,0.7854077253218884,False
AM,2025-11-24,5.49,6.99,0.7854077253218884,False
AM,2025-12-01,5.49,6.99,0.7854077253218884,False
AM,2025-12-08,5.49,6.99,0.7854077253218884,False
AM,2025-12-15,5.49,6.99,0.7854077253218884,False
AM,2025-12-22,5.49,6.99,0.7854077253218884,False
AM,2025-12-29,5.49,6.99,0.7854077253218884,False
AM,2026-01-05,5.49,6.99,0.7854077253218884,False
AM,2026-01-12,5.49,6.99,0.7854077253218884,False
AM,2026-01-19,5.49,6.99,0.7854077253218884,False
AM,2026-01-26,5.49,6.99,0.7854077253218884,False
AM,2026-02-02,5.49,6.99,0.7854077253218884,False
AM,2026-02-09,5.49,6.99,0.7854077253218884,False
AM,2026-02-16,5.49,6.99,0.7854077253218884,False
AM,2026-02-23,5.49,6.99,0.7854077253218884,False
AM,2026-03-02,5.49,6.99,0.7854077253218884,False
AM,2026-03-09,5.59,7.29,0.766803840877915,False
AM,2026-03-16,5.59,7.29,0.766803840877915,False
AM,2026-03-23,5.59,7.59,0.7364953886693018,False
AM,2026-03-30,5.59,7.59,0.7364953886693018,False
AM,2026-05-04,5.35,7.59,0.7048748353096179,False
AM,2026-05-11,5.29,6.99,0.7567954220314735,False
AM,2026-05-18,4.99,6.99,0.7138769670958512,False
AM,2026-05-25,4.99,6.79,0.7349042709867453,False
AM,2026-06-01,4.99,6.79,0.7349042709867453,False
AM,2026-06-08,4.99,6.79,0.7349042709867453,False
AM,2026-06-15,4.99,6.99,0.7138769670958512,False
AM,2026-06-22,4.99,6.99,0.7138769670958512,False
AM,2026-06-29,4.99,6.99,0.7138769670958512,False
AM,2026-07-06,4.99,6.99,0.7138769670958512,False
AM,2026-07-13,5.29,7.29,0.7256515775034293,False
AM,2026-07-20,4.99,7.29,0.6844993141289438,True
AM,2026-07-27,4.99,7.29,0.6844993141289438,True
AM,2026-08-03,4.99,7.29,0.6844993141289438,True
AM,2026-08-10,4.99,7.29,0.6844993141289438,True
AM,2026-08-17,4.79,7.29,0.6570644718792867,True
AM,2026-08-24,4.79,7.29,0.6570644718792867,True
AM,2026-08-31,4.79,7.29,0.6570644718792867,True
AP,2024-09-02,4.94,5.87,0.8415672913117548,False
AP,2024-09-09,4.94,5.87,0.8415672913117548,False
AP,2024-09-16,4.94,5.87,0.8415672913117548,False
AP,2024-09-23,5.19,5.87,0.8841567291311755,False
AP,2024-09-30,4.94,5.87,0.8415672913117548,False
AP,2024-10-07,4.9,5.83,0.8404802744425387,False
AP,2024-10-14,4.99,5.83,0.855917667238422,False
AP,2024-10-21,4.94,5.89,0.838709677419355,False
AP,2024-10-28,4.94,5.83,0.8473413379073756,False
AP,2024-11-04,5.1899999999999995,5.93,0.8752107925801011,False
AP,2024-11-11,4.94,5.89,0.838709677419355,False
AP,2024-11-18,4.94,5.89,0.838709677419355,False
AP,2024-11-25,4.94,5.89,0.838709677419355,False
AP,2024-12-02,5.11,5.89,0.867572156196944,False
AP,2024-12-09,5.11,5.859999999999999,0.8720136518771332,False
AP,2024-12-16,5.11,5.85,0.8735042735042736,False
AP,2024-12-23,5.195,5.85,0.8880341880341881,False
AP,2024-12-30,5.11,5.85,0.8735042735042736,False
AP,2025-01-06,5.11,5.85,0.8735042735042736,False
AP,2025-01-13,5.11,5.85,0.8735042735042736,False
AP,2025-01-20,5.115,5.84,0.8758561643835617,False
AP,2025-01-27,5.28,5.89,0.8964346349745332,False
AP,2025-02-03,5.35,6.02,0.8887043189368771,False
AP,2025-02-10,5.43,6.04,0.8990066225165563,False
AP,2025-02-17,5.33,6.04,0.8824503311258278,False
AP,2025-02-24,5.33,6.029999999999999,0.8839137645107795,False
AP,2025-03-03,5.33,6.02,0.8853820598006645,False
AP,2025-03-10,5.33,6.02,0.8853820598006645,False
AP,2025-03-17,5.33,6.04,0.8824503311258278,False
AP,2025-03-24,5.33,6.02,0.8853820598006645,False
AP,2025-03-31,5.33,6.029999999999999,0.8839137645107795,False
AP,2025-04-07,5.33,6.02,0.8853820598006645,False
AP,2025-04-14,5.33,6.029999999999999,0.8839137645107795,False
AP,2025-04-21,5.33,6.02,0.8853820598006645,False
AP,2025-04-28,5.33,6.02,0.8853820598006645,False
AP,2025-05-05,5.33,6.02,0.8853820598006645,False
AP,2025-05-12,5.305,6.02,0.8812292358803987,False
AP,2025-05-19,5.305,6.02,0.8812292358803987,False
AP,2025-05-26,5.305,6.02,0.8812292358803987,False
AP,2025-06-02,5.305,6.02,0.8812292358803987,False
AP,2025-06-09,5.305,6.02,0.8812292358803987,False
AP,2025-06-16,5.305,6.02,0.8812292358803987,False
AP,2025-06-23,5.305,6.02,0.8812292358803987,False
AP,2025-06-30,5.305,6.02,0.8812292358803987,False
AP,2025-07-07,5.305,6.02,0.8812292358803987,False
AP,2025-07-14,5.305,6.02,0.8812292358803987,False
AP,2025-07-21,5.305,6.02,0.8812292358803987,False
AP,2025-07-28,5.305,6.02,0.8812292358803987,False
AP,2025-08-04,5.305,6.02,0.8812292358803987,False
AP,2025-08-11,5.37,6.02,0.8920265780730898,False
AP,2025-08-18,5.33,5.95,0.8957983193277311,False
AP,2025-08-25,5.405,5.95,0.9084033613445378,False
AP,2025-09-01,5.405,5.95,0.9084033613445378,False
AP,2025-09-08,5.460000000000001,6.02,0.9069767441860467,False
AP,2025-09-15,5.460000000000001,6.02,0.9069767441860467,False
AP,2025-09-22,5.460000000000001,5.97,0.9145728643216082,False
AP,2025-09-29,5.460000000000001,5.97,0.9145728643216082,False
AP,2025-10-06,5.460000000000001,5.97,0.9145728643216082,False
AP,2025-10-13,5.44,5.94,0.9158249158249159,False
AP,2025-10-20,5.54,6.06,0.9141914191419143,False
AP,2025-11-03,5.54,6.06,0.9141914191419143,False
AP,2025-11-10,5.54,6.06,0.9141914191419143,False
AP,2025-11-17,5.54,6.06,0.9141914191419143,False
AP,2025-11-24,5.54,6.06,0.9141914191419143,False
AP,2025-12-01,5.54,6.06,0.9141914191419143,False
AP,2025-12-08,5.79,6.07,0.9538714991762768,False
AP,2025-12-15,5.79,6.07,0.9538714991762768,False
AP,2025-12-22,5.79,6.07,0.9538714991762768,False
AP,2026-02-02,5.89,6.14,0.9592833876221498,False
AP,2026-02-23,5.89,6.09,0.967159277504105,False
AP,2026-03-02,5.89,6.09,0.967159277504105,False
AP,2026-05-11,5.84,6.39,0.9139280125195618,False
AP,2026-05-18,5.84,6.59,0.8861911987860395,False
AP,2026-05-25,5.89,6.49,0.9075500770416024,False
AP,2026-06-01,5.84,6.43,0.9082426127527217,False
AP,2026-06-08,5.89,6.43,0.9160186625194401,False
AP,2026-06-15,5.84,6.43,0.9082426127527217,False
AP,2026-06-22,5.865,6.43,0.9121306376360809,False
AP,2026-07-13,5.81,6.39,0.9092331768388107,False
AP,2026-07-20,5.89,6.45,0.9131782945736433,False
AP,2026-07-27,5.81,6.45,0.9007751937984495,False
AP,2026-08-17,5.81,6.49,0.8952234206471493,False
AP,2026-08-24,5.85,6.49,0.9013867488443759,False
BA,2024-09-02,4.59,6.33,0.7251184834123222,False
BA,2024-09-09,4.61,6.38,0.7225705329153606,False
BA,2024-09-16,4.55,6.3,0.7222222222222222,False
BA,2024-09-23,4.59,6.34,0.72397476340694,False
BA,2024-09-30,4.63,6.33,0.7314375987361769,False
BA,2024-10-07,4.55,6.3,0.7222222222222222,False
BA,2024-10-14,4.59,6.33,0.7251184834123222,False
BA,2024-10-21,4.55,6.29,0.7233704292527822,False
BA,2024-10-28,4.54,6.32,0.7183544303797468,False
BA,2024-11-04,4.52,6.32,0.7151898734177214,False
BA,2024-11-11,4.52,6.32,0.7151898734177214,False
BA,2024-11-18,4.51,6.33,0.7124802527646129,False
BA,2024-11-25,4.52,6.34,0.7129337539432176,False
BA,2024-12-02,4.5649999999999995,6.34,0.7200315457413249,False
BA,2024-12-09,4.55,6.33,0.7187993680884676,False
BA,2024-12-16,4.51,6.32,0.7136075949367088,False
BA,2024-12-23,4.59,6.38,0.719435736677116,False
BA,2024-12-30,4.59,6.38,0.719435736677116,False
BA,2025-01-06,4.55,6.38,0.713166144200627,False
BA,2025-01-13,4.66,6.39,0.7292644757433491,False
BA,2025-01-20,4.79,6.49,0.7380585516178736,False
BA,2025-01-27,4.79,6.49,0.7380585516178736,False
BA,2025-02-03,4.89,6.57,0.7442922374429223,False
BA,2025-02-10,4.89,6.6,0.7409090909090909,False
BA,2025-02-17,4.89,6.59,0.7420333839150227,False
BA,2025-02-24,4.93,6.58,0.7492401215805471,False
BA,2025-03-03,4.93,6.59,0.7481031866464339,False
BA,2025-03-10,4.94,6.59,0.7496206373292869,False
BA,2025-03-17,4.89,6.57,0.7442922374429223,False
BA,2025-03-24,4.89,6.56,0.7454268292682926,False
BA,2025-03-31,4.89,6.56,0.7454268292682926,False
BA,2025-04-07,4.89,6.54,0.7477064220183486,False
BA,2025-04-14,4.89,6.53,0.7488514548238897,False
BA,2025-04-21,4.89,6.49,0.7534668721109399,False
BA,2025-04-28,4.87,6.45,0.7550387596899225,False
BA,2025-05-05,4.86,6.49,0.74884437596302,False
BA,2025-05-12,4.82,6.39,0.754303599374022,False
BA,2025-05-19,4.88,6.39,0.7636932707355243,False
BA,2025-05-26,4.89,6.39,0.7652582159624413,False
BA,2025-06-02,4.85,6.39,0.758998435054773,False
BA,2025-06-09,4.86,6.43,0.755832037325039,False
BA,2025-06-16,4.83,6.45,0.7488372093023256,False
BA,2025-06-23,4.83,6.48,0.7453703703703703,False
BA,2025-06-30,4.805,6.49,0.7403697996918335,False
BA,2025-07-07,4.83,6.45,0.7488372093023256,False
BA,2025-07-14,4.74,6.18,0.766990291262136,False
BA,2025-07-21,4.74,6.29,0.753577106518283,False
BA,2025-07-28,4.74,6.365,0.7446975648075412,False
BA,2025-08-04,4.69,6.3149999999999995,0.7426761678543152,False
BA,2025-08-11,4.66,6.29,0.7408585055643879,False
BA,2025-08-18,4.73,6.29,0.7519872813990461,False
BA,2025-08-25,4.75,6.28,0.7563694267515924,False
BA,2025-09-01,4.66,6.19,0.752827140549273,False
BA,2025-09-08,4.65,6.14,0.7573289902280131,False
BA,2025-09-15,4.69,6.25,0.7504000000000001,False
BA,2025-09-22,4.79,6.21,0.7713365539452496,False
BA,2025-09-29,4.76,6.29,0.7567567567567567,False
BA,2025-10-06,4.83,6.335,0.7624309392265194,False
BA,2025-10-13,4.79,6.29,0.7615262321144675,False
BA,2025-10-20,4.69,6.3149999999999995,0.7426761678543152,False
BA,2025-10-27,4.69,6.37,0.7362637362637363,False
BA,2025-11-03,4.71,6.39,0.7370892018779343,False
BA,2025-11-10,4.66,6.345,0.7344365642237983,False
BA,2025-11-17,4.69,6.35,0.7385826771653544,False
BA,2025-11-24,4.69,6.355,0.7380015735641228,False
BA,2025-12-01,4.71,6.36,0.7405660377358491,False
BA,2025-12-08,4.68,6.29,0.7440381558028616,False
BA,2025-12-15,4.73,6.355,0.7442958300550747,False
BA,2025-12-22,4.75,6.34,0.749211356466877,False
BA,2025-12-29,4.89,6.45,0.7581395348837209,False
BA,2026-01-05,4.98,6.5,0.7661538461538462,False
BA,2026-01-12,4.99,6.57,0.7595129375951294,False
BA,2026-01-19,5.03,6.69,0.7518684603886397,False
BA,2026-01-26,5.09,6.69,0.7608370702541105,False
BA,2026-02-02,5.04,6.69,0.7533632286995515,False
BA,2026-02-09,4.99,6.62,0.7537764350453172,False
BA,2026-02-16,4.99,6.62,0.7537764350453172,False
BA,2026-02-23,4.99,6.59,0.7572078907435509,False
BA,2026-03-02,4.99,6.59,0.7572078907435509,False
BA,2026-03-09,5.25,6.94,0.7564841498559077,False
BA,2026-03-16,5.29,7.29,0.7256515775034293,False
BA,2026-03-23,5.59,7.49,0.7463284379172229,False
BA,2026-03-30,5.59,7.55,0.7403973509933774,False
BA,2026-05-04,5.39,7.385,0.7298578199052133,False
BA,2026-05-11,5.385,7.35,0.7326530612244898,False
BA,2026-05-18,5.19,7.29,0.7119341563786009,False
BA,2026-05-25,5.09,7.19,0.7079276773296245,False
BA,2026-06-01,4.99,7.2,0.6930555555555555,True
BA,2026-06-08,4.97,7.09,0.7009873060648801,False
BA,2026-06-15,4.99,7.11,0.7018284106891702,False
BA,2026-06-22,4.9350000000000005,7.09,0.6960507757404797,True
BA,2026-06-29,4.89,6.99,0.6995708154506437,True
BA,2026-07-06,4.89,6.99,0.6995708154506437,True
BA,2026-07-13,4.89,6.99,0.6995708154506437,True
BA,2026-07-20,4.75,6.99,0.6795422031473534,True
BA,2026-07-27,4.75,6.99,0.6795422031473534,True
BA,2026-08-03,4.75,6.99,0.6795422031473534,True
BA,2026-08-10,4.69,6.98,0.671919770773639,True
BA,2026-08-17,4.67,6.89,0.6777939042089985,True
BA,2026-08-24,4.59,6.75,0.6799999999999999,True
BA,2026-08-31,4.495,6.74,0.6669139465875371,True
CE,2024-09-02,5.09,6.28,0.8105095541401274,False
CE,2024-09-09,5.09,6.19,0.8222940226171244,False
CE,2024-09-16,5.04,5.99,0.8414023372287145,False
CE,2024-09-23,5.09,5.99,0.8497495826377295,False
CE,2024-09-30,4.99,5.99,0.8330550918196995,False
CE,2024-10-07,4.99,5.99,0.8330550918196995,False
CE,2024-10-14,4.99,5.99,0.8330550918196995,False
CE,2024-10-21,4.99,5.99,0.8330550918196995,False
CE,2024-10-28,4.99,5.99,0.8330550918196995,False
CE,2024-11-04,4.99,5.99,0.8330550918196995,False
CE,2024-11-11,4.99,5.99,0.8330550918196995,False
CE,2024-11-18,4.99,5.99,0.8330550918196995,False
CE,2024-11-25,4.99,5.99,0.8330550918196995,False
CE,2024-12-02,4.99,6.49,0.7688751926040062,False
CE,2024-12-09,4.99,6.39,0.780907668231612,False
CE,2024-12-16,4.98,6.39,0.779342723004695,False
CE,2024-12-23,4.99,6.39,0.780907668231612,False
CE,2024-12-30,4.99,6.39,0.780907668231612,False
CE,2025-01-06,4.9350000000000005,6.39,0.7723004694835682,False
CE,2025-01-13,4.95,6.39,0.7746478873239437,False
CE,2025-01-20,4.99,6.39,0.780907668231612,False
CE,2025-01-27,4.99,6.39,0.780907668231612,False
CE,2025-02-03,4.99,6.49,0.7688751926040062,False
CE,2025-02-10,4.99,6.48,0.7700617283950617,False
CE,2025-02-17,5.14,6.49,0.7919876733436054,False
CE,2025-02-24,5.03,6.54,0.7691131498470949,False
CE,2025-03-03,5.29,6.59,0.802731411229135,False
CE,2025-03-10,5.15,6.48,0.7947530864197531,False
CE,2025-03-17,5.19,6.42,0.8084112149532711,False
CE,2025-03-24,5.19,6.45,0.8046511627906977,False
CE,2025-03-31,5.19,6.42,0.8084112149532711,False
CE,2025-04-07,5.39,6.49,0.8305084745762711,False
CE,2025-04-14,5.39,6.49,0.8305084745762711,False
CE,2025-04-21,5.39,6.55,0.8229007633587786,False
CE,2025-04-28,5.37,6.49,0.8274268104776579,False
CE,2025-05-05,5.39,6.49,0.8305084745762711,False
CE,2025-05-12,5.37,6.49,0.8274268104776579,False
CE,2025-05-19,5.375,6.49,0.8281972265023112,False
CE,2025-05-26,5.29,6.47,0.8176197836166924,False
CE,2025-06-02,5.29,6.47,0.8176197836166924,False
CE,2025-06-09,5.27,6.37,0.8273155416012558,False
CE,2025-06-16,5.27,6.385,0.8253719655442443,False
CE,2025-06-23,5.27,6.385,0.8253719655442443,False
CE,2025-06-30,5.27,6.39,0.8247261345852895,False
CE,2025-07-07,5.27,6.385,0.8253719655442443,False
CE,2025-07-14,5.27,6.39,0.8247261345852895,False
CE,2025-07-21,5.27,6.39,0.8247261345852895,False
CE,2025-07-28,5.29,6.39,0.8278560250391237,False
CE,2025-08-04,5.27,6.39,0.8247261345852895,False
CE,2025-08-11,5.19,6.39,0.8122065727699531,False
CE,2025-08-18,5.15,6.35,0.8110236220472442,False
CE,2025-08-25,5.09,6.33,0.8041074249605055,False
CE,2025-09-01,5.09,6.31,0.8066561014263075,False
CE,2025-09-08,4.99,6.3,0.7920634920634921,False
CE,2025-09-15,4.99,6.29,0.7933227344992051,False
CE,2025-09-22,4.99,6.3,0.7920634920634921,False
CE,2025-09-29,4.99,6.295,0.7926926131850676,False
CE,2025-10-06,4.99,6.295,0.7926926131850676,False
CE,2025-10-13,4.89,6.27,0.7799043062200957,False
CE,2025-10-20,4.99,6.275,0.7952191235059761,False
CE,2025-10-27,4.89,6.23,0.7849117174959871,False
CE,2025-11-03,4.89,6.2,0.7887096774193547,False
CE,2025-11-10,4.89,6.195,0.7893462469733655,False
CE,2025-11-17,4.69,6.14,0.7638436482084692,False
CE,2025-11-24,4.79,6.13,0.7814029363784666,False
CE,2025-12-01,4.69,6.13,0.7650897226753671,False
CE,2025-12-08,4.69,6.1850000000000005,0.7582861762328214,False
CE,2025-12-15,4.65,6.140000000000001,0.757328990228013,False
CE,2025-12-22,4.85,6.19,0.7835218093699514,False
CE,2025-12-29,4.89,6.18,0.7912621359223301,False
CE,2026-01-05,4.89,6.12,0.7990196078431372,False
CE,2026-01-12,4.99,6.27,0.7958532695374801,False
CE,2026-01-19,4.99,6.29,0.7933227344992051,False
CE,2026-01-26,5.055,6.49,0.7788906009244991,False
CE,2026-02-02,4.99,6.485,0.7694680030840401,False
CE,2026-02-09,5.09,6.49,0.7842835130970723,False
CE,2026-02-16,5.09,6.48,0.7854938271604938,False
CE,2026-02-23,4.99,6.43,0.7760497667185071,False
CE,2026-03-02,4.99,6.43,0.7760497667185071,False
CE,2026-03-09,5.29,6.69,0.7907324364723467,False
CE,2026-03-16,5.29,6.69,0.7907324364723467,False
CE,2026-03-23,5.49,6.99,0.7854077253218884,False
CE,2026-03-30,5.49,6.99,0.7854077253218884,False
CE,2026-05-04,5.47,6.97,0.7847919655667145,False
CE,2026-05-11,5.45,6.859999999999999,0.794460641399417,False
CE,2026-05-18,5.29,6.8149999999999995,0.7762289068231842,False
CE,2026-05-25,5.285,6.775,0.7800738007380074,False
CE,2026-06-01,5.29,6.79,0.7790868924889544,False
CE,2026-06-08,5.25,6.97,0.7532281205164993,False
CE,2026-06-15,5.29,6.99,0.7567954220314735,False
CE,2026-06-22,5.15,6.97,0.738880918220947,False
CE,2026-06-29,5.15,6.97,0.738880918220947,False
CE,2026-07-06,5.15,6.985,0.737294201861131,False
CE,2026-07-13,5.17,6.89,0.7503628447024674,False
CE,2026-07-20,5.15,6.94,0.7420749279538905,False
CE,2026-07-27,5.15,6.89,0.7474600870827287,False
CE,2026-08-03,5.15,6.9,0.7463768115942029,False
CE,2026-08-10,5.17,6.955,0.7433501078360891,False
CE,2026-08-17,4.99,6.99,0.7138769670958512,False
CE,2026-08-24,4.99,6.98,0.7148997134670487,False
CE,2026-08-31,4.99,6.99,0.7138769670958512,False
DF,2024-09-02,4.19,6.09,0.6880131362889984,True
DF,2024-09-09,3.98,5.79,0.687392055267703,True
DF,2024-09-16,4.24,6.12,0.6928104575163399,True
DF,2024-09-23,4.23,6.09,0.6945812807881774,True
DF,2024-09-30,4.09,6.07,0.6738056013179571,True
DF,2024-10-07,4.09,6.03,0.6782752902155886,True
DF,2024-10-14,4.035,5.97,0.6758793969849247,True
DF,2024-10-21,4.09,6.24,0.655448717948718,True
DF,2024-10-28,4.09,6.210000000000001,0.6586151368760064,True
DF,2024-11-04,4.09,6.18,0.6618122977346278,True
DF,2024-11-11,4.48,6.28,0.713375796178344,False
DF,2024-11-18,4.175,6.24,0.6690705128205128,True
DF,2024-11-25,3.99,5.99,0.666110183639399,True
DF,2024-12-02,4.17,6.03,0.6915422885572139,True
DF,2024-12-09,4.19,5.99,0.6994991652754592,True
DF,2024-12-16,4.09,6.13,0.66721044045677,True
DF,2024-12-23,4.09,6.13,0.66721044045677,True
DF,2024-12-30,4.24,6.109999999999999,0.6939443535188217,True
DF,2025-01-06,4.07,6.075,0.6699588477366255,True
DF,2025-01-13,3.98,5.98,0.6655518394648829,True
DF,2025-01-20,4.39,6.45,0.6806201550387596,True
DF,2025-01-27,4.39,6.39,0.6870109546165885,True
DF,2025-02-03,4.78,6.55,0.7297709923664123,False
DF,2025-02-10,4.78,6.55,0.7297709923664123,False
DF,2025-02-17,4.78,6.555,0.729214340198322,False
DF,2025-02-24,4.78,6.55,0.7297709923664123,False
DF,2025-03-03,4.78,6.55,0.7297709923664123,False
DF,2025-03-10,4.78,6.65,0.718796992481203,False
DF,2025-03-17,4.78,6.65,0.718796992481203,False
DF,2025-03-24,4.78,6.65,0.718796992481203,False
DF,2025-03-31,4.73,6.49,0.728813559322034,False
DF,2025-04-07,4.68,6.49,0.7211093990755008,False
DF,2025-04-14,4.68,6.49,0.7211093990755008,False
DF,2025-04-21,4.68,6.49,0.7211093990755008,False
DF,2025-04-28,4.68,6.49,0.7211093990755008,False
DF,2025-05-05,4.68,6.525,0.7172413793103447,False
DF,2025-05-12,4.85,6.65,0.7293233082706766,False
DF,2025-05-19,4.85,6.65,0.7293233082706766,False
DF,2025-05-26,4.85,6.65,0.7293233082706766,False
DF,2025-06-02,4.85,6.65,0.7293233082706766,False
DF,2025-06-09,4.85,6.56,0.7393292682926829,False
DF,2025-06-16,4.65,6.55,0.7099236641221375,False
DF,2025-06-23,4.65,6.55,0.7099236641221375,False
DF,2025-06-30,4.65,6.54,0.7110091743119267,False
DF,2025-07-07,4.66,6.55,0.7114503816793893,False
DF,2025-07-14,4.64,6.55,0.7083969465648855,False
DF,2025-07-21,4.46,6.29,0.7090620031796502,False
DF,2025-07-28,4.44,6.24,0.7115384615384616,False
DF,2025-08-04,4.65,6.54,0.7110091743119267,False
DF,2025-08-11,4.65,6.54,0.7110091743119267,False
DF,2025-08-18,4.65,6.54,0.7110091743119267,False
DF,2025-08-25,4.58,6.49,0.7057010785824345,False
DF,2025-09-01,4.58,6.51,0.7035330261136713,False
DF,2025-09-08,4.43,5.98,0.7408026755852842,False
DF,2025-09-15,4.65,6.48,0.7175925925925926,False
DF,2025-09-22,4.640000000000001,6.48,0.7160493827160495,False
DF,2025-09-29,4.64,6.48,0.7160493827160492,False
DF,2025-10-06,4.64,6.46,0.718266253869969,False
DF,2025-10-13,4.64,6.46,0.718266253869969,False
DF,2025-10-20,4.64,6.42,0.7227414330218068,False
DF,2025-10-27,4.18,5.98,0.6989966555183945,True
DF,2025-11-03,4.65,6.27,0.7416267942583733,False
DF,2025-11-10,4.66,6.36,0.7327044025157232,False
DF,2025-11-17,4.65,6.45,0.7209302325581396,False
DF,2025-11-24,4.65,6.45,0.7209302325581396,False
DF,2025-12-01,4.57,6.37,0.717425431711146,False
DF,2025-12-08,4.85,6.37,0.7613814756671898,False
DF,2025-12-15,4.75,6.35,0.7480314960629921,False
DF,2025-12-22,4.98,6.47,0.7697063369397219,False
DF,2025-12-29,4.97,6.45,0.7705426356589147,False
DF,2026-01-05,4.99,6.585,0.7577828397873956,False
DF,2026-01-12,4.985,6.575,0.7581749049429658,False
DF,2026-01-19,4.985,6.55,0.7610687022900764,False
DF,2026-01-26,4.55,6.18,0.7362459546925566,False
DF,2026-02-02,4.55,6.07,0.7495881383855024,False
DF,2026-02-09,5.15,6.45,0.7984496124031009,False
DF,2026-02-16,4.99,6.36,0.7845911949685535,False
DF,2026-02-23,4.97,6.28,0.7914012738853502,False
DF,2026-03-02,5.15,6.46,0.7972136222910218,False
DF,2026-03-09,5.21,6.55,0.7954198473282443,False
DF,2026-03-16,5.21,6.58,0.7917933130699089,False
DF,2026-03-23,5.19,6.62,0.7839879154078551,False
DF,2026-03-30,5.19,6.47,0.8021638330757342,False
DF,2026-05-04,4.39,6.220000000000001,0.7057877813504821,False
DF,2026-05-11,4.39,6.39,0.6870109546165885,True
DF,2026-05-18,4.47,6.49,0.6887519260400615,True
DF,2026-05-25,3.95,6.49,0.6086286594761171,True
DF,2026-06-01,4.19,6.59,0.6358118361153263,True
DF,2026-06-08,3.99,6.59,0.6054628224582701,True
DF,2026-06-15,4.24,6.65,0.637593984962406,True
DF,2026-06-22,3.99,6.48,0.6157407407407407,True
DF,2026-06-29,3.98,6.18,0.6440129449838188,True
DF,2026-07-06,3.89,5.99,0.6494156928213689,True
DF,2026-07-13,4.18,6.56,0.6371951219512195,True
DF,2026-07-20,3.88,5.89,0.6587436332767402,True
DF,2026-07-27,4.18,6.57,0.6362252663622526,True
DF,2026-08-03,4.18,6.56,0.6371951219512195,True
DF,2026-08-10,4.19,6.58,0.6367781155015199,True
DF,2026-08-17,4.37,6.67,0.6551724137931034,True
DF,2026-08-24,4.3100000000000005,6.59,0.65402124430956,True
ES,2024-09-02,4.39,6.09,0.7208538587848933,False
ES,2024-09-09,4.39,6.09,0.7208538587848933,False
ES,2024-09-16,4.39,6.09,0.7208538587848933,False
ES,2024-09-23,4.385,6.08,0.7212171052631579,False
ES,2024-09-30,4.39,6.05,0.7256198347107438,False
ES,2024-10-07,4.49,6.29,0.713831478537361,False
ES,2024-10-14,4.445,6.29,0.7066772655007949,False
ES,2024-10-21,4.445,6.27,0.7089314194577353,False
ES,2024-10-28,4.39,6.19,0.7092084006462035,False
ES,2024-11-04,4.39,6.19,0.7092084006462035,False
ES,2024-11-11,4.39,6.19,0.7092084006462035,False
ES,2024-11-18,4.38,6.15,0.7121951219512195,False
ES,2024-11-25,4.39,6.115,0.7179067865903516,False
ES,2024-12-02,4.39,6.09,0.7208538587848933,False
ES,2024-12-09,4.39,6.09,0.7208538587848933,False
ES,2024-12-16,4.42,6.09,0.7257799671592775,False
ES,2024-12-23,4.39,6.09,0.7208538587848933,False
ES,2024-12-30,4.39,6.09,0.7208538587848933,False
ES,2025-01-06,4.39,6.09,0.7208538587848933,False
ES,2025-01-13,4.37,5.99,0.7295492487479132,False
ES,2025-01-20,4.39,6.24,0.703525641025641,False
ES,2025-01-27,4.49,6.29,0.713831478537361,False
ES,2025-02-03,4.65,6.49,0.7164869029275809,False
ES,2025-02-10,4.59,6.49,0.7072419106317411,False
ES,2025-02-17,4.59,6.49,0.7072419106317411,False
ES,2025-02-24,4.59,6.49,0.7072419106317411,False
ES,2025-03-03,4.68,6.39,0.7323943661971831,False
ES,2025-03-10,4.675,6.39,0.7316118935837246,False
ES,2025-03-17,4.675,6.375,0.7333333333333333,False
ES,2025-03-24,4.68,6.29,0.7440381558028616,False
ES,2025-03-31,4.59,6.29,0.7297297297297297,False
ES,2025-04-07,4.59,6.29,0.7297297297297297,False
ES,2025-04-14,4.515000000000001,6.29,0.7178060413354532,False
ES,2025-04-21,4.59,6.29,0.7297297297297297,False
ES,2025-04-28,4.59,6.29,0.7297297297297297,False
ES,2025-05-05,4.59,6.19,0.7415185783521808,False
ES,2025-05-12,4.58,6.09,0.7520525451559935,False
ES,2025-05-19,4.54,6.09,0.7454844006568144,False
ES,2025-05-26,4.59,6.09,0.7536945812807881,False
ES,2025-06-02,4.49,6.055,0.7415359207266723,False
ES,2025-06-09,4.49,5.99,0.7495826377295493,False
ES,2025-06-16,4.49,5.99,0.7495826377295493,False
ES,2025-06-23,4.46,5.95,0.7495798319327731,False
ES,2025-06-30,4.45,5.99,0.7429048414023373,False
ES,2025-07-07,4.39,5.89,0.7453310696095077,False
ES,2025-07-14,4.49,5.99,0.7495826377295493,False
ES,2025-07-21,4.49,5.99,0.7495826377295493,False
ES,2025-07-28,4.49,5.99,0.7495826377295493,False
ES,2025-08-04,4.46,5.99,0.7445742904841403,False
ES,2025-08-11,4.45,5.95,0.7478991596638656,False
ES,2025-08-18,4.39,5.89,0.7453310696095077,False
ES,2025-08-25,4.39,5.875,0.7472340425531915,False
ES,2025-09-01,4.445,5.89,0.7546689303904924,False
ES,2025-09-08,4.49,5.99,0.7495826377295493,False
ES,2025-09-15,4.49,5.99,0.7495826377295493,False
ES,2025-09-22,4.49,6.29,0.713831478537361,False
ES,2025-09-29,4.49,6.29,0.713831478537361,False
ES,2025-10-06,4.49,6.29,0.713831478537361,False
ES,2025-10-13,4.49,6.29,0.713831478537361,False
ES,2025-10-20,4.49,6.29,0.713831478537361,False
ES,2025-10-27,4.49,6.19,0.7253634894991923,False
ES,2025-11-03,4.49,6.19,0.7253634894991923,False
ES,2025-11-10,4.49,6.19,0.7253634894991923,False
ES,2025-11-17,4.48,6.19,0.7237479806138934,False
ES,2025-11-24,4.485,6.18,0.725728155339806,False
ES,2025-12-01,4.45,6.16,0.7224025974025974,False
ES,2025-12-08,4.49,6.29,0.713831478537361,False
ES,2025-12-15,4.49,6.29,0.713831478537361,False
ES,2025-12-22,4.5649999999999995,6.29,0.7257551669316374,False
ES,2025-12-29,4.5600000000000005,6.29,0.7249602543720192,False
ES,2026-01-05,4.68,6.29,0.7440381558028616,False
ES,2026-01-12,4.69,6.29,0.7456279809220986,False
ES,2026-01-19,4.69,6.29,0.7456279809220986,False
ES,2026-01-26,4.79,6.29,0.7615262321144675,False
ES,2026-02-02,4.79,6.1850000000000005,0.7744543249797897,False
ES,2026-02-09,4.79,6.19,0.7738287560581583,False
ES,2026-02-16,4.79,6.19,0.7738287560581583,False
ES,2026-02-23,4.79,6.15,0.7788617886178861,False
ES,2026-03-02,4.79,6.09,0.7865353037766831,False
ES,2026-03-09,4.89,6.19,0.7899838449111469,False
ES,2026-03-16,4.99,6.59,0.7572078907435509,False
ES,2026-03-23,4.99,6.59,0.7572078907435509,False
ES,2026-03-30,4.99,6.59,0.7572078907435509,False
ES,2026-05-04,4.99,6.55,0.7618320610687024,False
ES,2026-05-11,4.99,6.49,0.7688751926040062,False
ES,2026-05-18,4.99,6.49,0.7688751926040062,False
ES,2026-05-25,4.99,6.49,0.7688751926040062,False
ES,2026-06-01,4.89,6.39,0.7652582159624413,False
ES,2026-06-08,4.85,6.39,0.758998435054773,False
ES,2026-06-15,4.82,6.675,0.7220973782771536,False
ES,2026-06-22,4.77,6.69,0.7130044843049327,False
ES,2026-06-29,4.7,6.675,0.704119850187266,False
ES,2026-07-06,4.69,6.65,0.7052631578947368,False
ES,2026-07-13,4.725,6.61,0.7148260211800301,False
ES,2026-07-20,4.59,6.52,0.7039877300613497,False
ES,2026-07-27,4.59,6.49,0.7072419106317411,False
ES,2026-08-03,4.59,6.460000000000001,0.7105263157894736,False
ES,2026-08-10,4.59,6.49,0.7072419106317411,False
ES,2026-08-17,4.59,6.39,0.7183098591549296,False
ES,2026-08-24,4.49,6.34,0.7082018927444795,False
ES,2026-08-31,4.48,6.29,0.7122416534181241,False
GO,2024-09-02,3.99,5.94,0.6717171717171717,True
GO,2024-09-09,4.19,6.23,0.6725521669341894,True
GO,2024-09-16,4.19,6.19,0.6768982229402262,True
GO,2024-09-23,4.15,6.154999999999999,0.6742485783915517,True
GO,2024-09-30,4.18,6.19,0.6752827140549272,True
GO,2024-10-07,4.09,6.19,0.6607431340872374,True
GO,2024-10-14,4.24,6.29,0.6740858505564388,True
GO,2024-10-21,4.09,6.19,0.6607431340872374,True
GO,2024-10-28,4.09,6.19,0.6607431340872374,True
GO,2024-11-04,3.99,5.99,0.666110183639399,True
GO,2024-11-11,3.99,5.99,0.666110183639399,True
GO,2024-11-18,3.99,5.97,0.6683417085427137,True
GO,2024-11-25,3.96,5.93,0.6677908937605397,True
GO,2024-12-02,3.89,5.89,0.6604414261460102,True
GO,2024-12-09,4.39,6.39,0.6870109546165885,True
GO,2024-12-16,4.29,6.365,0.6739984289080911,True
GO,2024-12-23,4.39,6.39,0.6870109546165885,True
GO,2024-12-30,4.29,6.29,0.6820349761526232,True
GO,2025-01-06,4.39,6.39,0.6870109546165885,True
GO,2025-01-13,4.39,6.39,0.6870109546165885,True
GO,2025-01-20,4.41,6.39,0.6901408450704226,True
GO,2025-01-27,4.42,6.39,0.6917057902973396,True
GO,2025-02-03,4.59,6.44,0.7127329192546583,False
GO,2025-02-10,4.54,6.44,0.7049689440993788,False
GO,2025-02-17,4.49,6.39,0.702660406885759,False
GO,2025-02-24,4.39,6.39,0.6870109546165885,True
GO,2025-03-03,4.48,6.39,0.7010954616588421,False
GO,2025-03-10,4.48,6.39,0.7010954616588421,False
GO,2025-03-17,4.45,6.39,0.6964006259780908,True
GO,2025-03-24,4.47,6.37,0.7017268445839874,False
GO,2025-03-31,4.39,6.29,0.697933227344992,True
GO,2025-04-07,4.355,6.22,0.7001607717041801,False
GO,2025-04-14,4.45,6.39,0.6964006259780908,True
GO,2025-04-21,4.49,6.39,0.702660406885759,False
GO,2025-04-28,4.58,6.42,0.7133956386292835,False
GO,2025-05-05,4.59,6.404999999999999,0.7166276346604216,False
GO,2025-05-12,4.59,6.39,0.7183098591549296,False
GO,2025-05-19,4.69,6.39,0.7339593114241002,False
GO,2025-05-26,4.59,6.385,0.7188723570869224,False
GO,2025-06-02,4.59,6.39,0.7183098591549296,False
GO,2025-06-09,4.45,6.29,0.7074721780604134,False
GO,2025-06-16,4.475,6.29,0.7114467408585055,False
GO,2025-06-23,4.485,6.32,0.7096518987341772,False
GO,2025-06-30,4.29,6.245,0.6869495596477182,True
GO,2025-07-07,4.28,6.24,0.6858974358974359,True
GO,2025-07-14,4.265000000000001,6.255,0.6818545163868905,True
GO,2025-07-21,3.99,5.99,0.666110183639399,True
GO,2025-07-28,4.39,6.295,0.6973788721207307,True
GO,2025-08-04,4.53,6.29,0.7201907790143085,False
GO,2025-08-11,4.29,6.29,0.6820349761526232,True
GO,2025-08-18,4.19,6.27,0.6682615629984052,True
GO,2025-08-25,3.99,5.99,0.666110183639399,True
GO,2025-09-01,4.19,6.17,0.6790923824959482,True
GO,2025-09-08,4.09,6.09,0.6715927750410509,True
GO,2025-09-15,4.55,6.29,0.7233704292527822,False
GO,2025-09-22,4.58,6.39,0.7167449139280125,False
GO,2025-09-29,4.59,6.39,0.7183098591549296,False
GO,2025-10-06,4.59,6.39,0.7183098591549296,False
GO,2025-10-13,4.59,6.43,0.713841368584759,False
GO,2025-10-20,4.59,6.39,0.7183098591549296,False
GO,2025-10-27,4.585,6.39,0.7175273865414711,False
GO,2025-11-03,4.675,6.39,0.7316118935837246,False
GO,2025-11-10,4.59,6.39,0.7183098591549296,False
GO,2025-11-17,4.59,6.39,0.7183098591549296,False
GO,2025-11-24,4.575,6.39,0.715962441314554,False
GO,2025-12-01,4.69,6.39,0.7339593114241002,False
GO,2025-12-08,4.79,6.39,0.7496087636932708,False
GO,2025-12-15,4.89,6.39,0.7652582159624413,False
GO,2025-12-22,4.97,6.4,0.7765624999999999,False
GO,2025-12-29,4.97,6.47,0.768160741885626,False
GO,2026-01-05,4.97,6.49,0.7657935285053928,False
GO,2026-01-12,4.97,6.49,0.7657935285053928,False
GO,2026-01-19,4.925,6.47,0.7612055641421948,False
GO,2026-01-26,4.97,6.49,0.7657935285053928,False
GO,2026-02-02,5.09,6.49,0.7842835130970723,False
GO,2026-02-09,5.09,6.47,0.7867078825347759,False
GO,2026-02-16,4.95,6.39,0.7746478873239437,False
GO,2026-02-23,4.95,6.39,0.7746478873239437,False
GO,2026-03-02,4.859999999999999,6.29,0.7726550079491254,False
GO,2026-03-09,4.79,6.39,0.7496087636932708,False
GO,2026-03-16,4.74,6.49,0.7303543913713405,False
GO,2026-03-23,4.6850000000000005,6.49,0.7218798151001541,False
GO,2026-03-30,4.49,6.39,0.702660406885759,False
GO,2026-05-04,4.85,6.89,0.7039187227866472,False
GO,2026-05-11,4.69,6.94,0.6757925072046109,True
GO,2026-05-18,4.54,6.92,0.6560693641618497,True
GO,2026-05-25,4.58,6.94,0.6599423631123918,True
GO,2026-06-01,4.41,6.89,0.6400580551523948,True
GO,2026-06-08,4.39,6.89,0.637155297532656,True
GO,2026-06-15,4.39,6.85,0.6408759124087591,True
GO,2026-06-22,4.19,6.84,0.6125730994152048,True
GO,2026-06-29,4.19,6.84,0.6125730994152048,True
GO,2026-07-06,4.09,6.79,0.6023564064801178,True
GO,2026-07-13,4.09,6.82,0.5997067448680351,True
GO,2026-07-20,4.09,6.79,0.6023564064801178,True
GO,2026-07-27,4.09,6.74,0.6068249258160237,True
GO,2026-08-03,4.09,6.69,0.6113602391629297,True
GO,2026-08-10,4.19,6.69,0.6263079222720479,True
GO,2026-08-17,4.03,6.59,0.6115326251896814,True
GO,2026-08-24,3.99,6.59,0.6054628224582701,True
GO,2026-08-31,3.95,6.59,0.5993930197268589,True
MA,2024-09-02,4.79,6.2,0.7725806451612903,False
MA,2024-09-09,4.79,6.25,0.7664,False
MA,2024-09-16,4.74,6.25,0.7584000000000001,False
MA,2024-09-23,4.69,6.220000000000001,0.7540192926045016,False
MA,2024-09-30,4.79,6.24,0.7676282051282051,False
MA,2024-10-07,4.69,6.25,0.7504000000000001,False
MA,2024-10-14,4.69,6.23,0.752808988764045,False
MA,2024-10-21,4.59,6.2,0.7403225806451612,False
MA,2024-10-28,4.69,6.18,0.7588996763754047,False
MA,2024-11-04,4.59,6.13,0.7487765089722676,False
MA,2024-11-11,4.59,6.17,0.7439222042139384,False
MA,2024-11-18,4.69,6.095,0.7694831829368336,False
MA,2024-11-25,4.79,6.09,0.7865353037766831,False
MA,2024-12-02,4.69,5.99,0.7829716193656094,False
MA,2024-12-09,4.79,6.109999999999999,0.783960720130933,False
MA,2024-12-16,4.79,6.19,0.7738287560581583,False
MA,2024-12-23,4.845,6.215,0.7795655671761866,False
MA,2024-12-30,4.79,6.109999999999999,0.783960720130933,False
MA,2025-01-06,4.79,6.1,0.7852459016393443,False
MA,2025-01-13,4.79,6.09,0.7865353037766831,False
MA,2025-01-20,4.79,6.095,0.7858900738310091,False
MA,2025-01-27,4.79,6.095,0.7858900738310091,False
MA,2025-02-03,4.99,6.3,0.7920634920634921,False
MA,2025-02-10,4.99,6.35,0.7858267716535434,False
MA,2025-02-17,4.99,6.39,0.780907668231612,False
MA,2025-02-24,4.99,6.35,0.7858267716535434,False
MA,2025-03-03,4.99,6.39,0.780907668231612,False
MA,2025-03-10,4.99,6.35,0.7858267716535434,False
MA,2025-03-17,4.99,6.35,0.7858267716535434,False
MA,2025-03-24,4.99,6.35,0.7858267716535434,False
MA,2025-03-31,4.95,6.35,0.7795275590551182,False
MA,2025-04-07,4.985,6.35,0.7850393700787403,False
MA,2025-04-14,4.99,6.35,0.7858267716535434,False
MA,2025-04-21,4.94,6.28,0.7866242038216561,False
MA,2025-04-28,4.99,6.25,0.7984,False
MA,2025-05-05,4.95,6.2,0.7983870967741935,False
MA,2025-05-12,4.945,6.220000000000001,0.795016077170418,False
MA,2025-05-19,4.945,6.17,0.8014586709886549,False
MA,2025-05-26,5.07,6.19,0.8190630048465266,False
MA,2025-06-02,4.89,6.1,0.8016393442622951,False
MA,2025-06-09,4.94,6.1,0.8098360655737706,False
MA,2025-06-16,4.89,5.99,0.8163606010016694,False
MA,2025-06-23,4.99,6.06,0.8234323432343236,False
MA,2025-06-30,4.99,6.08,0.8207236842105263,False
MA,2025-07-07,4.99,6.06,0.8234323432343236,False
MA,2025-07-14,4.885,6.08,0.803453947368421,False
MA,2025-07-21,4.89,6.05,0.8082644628099174,False
MA,2025-07-28,4.785,5.91,0.8096446700507615,False
MA,2025-08-04,4.89,6.05,0.8082644628099174,False
MA,2025-08-11,4.89,5.965,0.8197820620284996,False
MA,2025-08-18,4.89,6.05,0.8082644628099174,False
MA,2025-08-25,4.89,5.99,0.8163606010016694,False
MA,2025-09-01,4.89,5.99,0.8163606010016694,False
MA,2025-09-08,4.845,5.955,0.8136020151133501,False
MA,2025-09-15,4.89,5.9350000000000005,0.8239258635214826,False
MA,2025-09-22,4.89,5.99,0.8163606010016694,False
MA,2025-09-29,4.89,5.99,0.8163606010016694,False
MA,2025-10-06,4.89,5.91,0.8274111675126903,False
MA,2025-10-13,4.89,5.99,0.8163606010016694,False
MA,2025-10-20,4.8,5.99,0.8013355592654423,False
MA,2025-10-27,4.79,5.945,0.8057190916736753,False
MA,2025-11-03,4.89,5.99,0.8163606010016694,False
MA,2025-11-10,4.795,5.96,0.8045302013422819,False
MA,2025-11-17,4.99,5.99,0.8330550918196995,False
MA,2025-11-24,4.89,5.96,0.8204697986577181,False
MA,2025-12-01,5.09,6.01,0.8469217970049917,False
MA,2025-12-08,5.09,5.99,0.8497495826377295,False
MA,2025-12-15,5.09,6.03,0.8441127694859037,False
MA,2025-12-22,5.09,5.99,0.8497495826377295,False
MA,2025-12-29,5.09,5.99,0.8497495826377295,False
MA,2026-01-05,4.99,6.04,0.826158940397351,False
MA,2026-01-12,4.99,6.04,0.826158940397351,False
MA,2026-01-19,5.09,6.045,0.8420181968569065,False
MA,2026-01-26,5.09,6.045,0.8420181968569065,False
MA,2026-02-02,5.09,6.04,0.8427152317880794,False
MA,2026-02-09,5.09,5.99,0.8497495826377295,False
MA,2026-02-16,5.09,5.99,0.8497495826377295,False
MA,2026-02-23,5.09,5.99,0.8497495826377295,False
MA,2026-03-02,5.09,5.99,0.8497495826377295,False
MA,2026-03-09,5.34,6.49,0.822804314329738,False
MA,2026-03-16,5.295,6.785,0.7803979366249079,False
MA,2026-03-23,5.29,6.75,0.7837037037037037,False
MA,2026-03-30,5.445,6.8149999999999995,0.7989728539985328,False
MA,2026-04-27,5.8,6.55,0.8854961832061069,False
MA,2026-05-04,5.49,6.6,0.8318181818181819,False
MA,2026-05-11,5.4,6.6,0.8181818181818182,False
MA,2026-05-18,5.395,6.6,0.8174242424242424,False
MA,2026-05-25,5.425000000000001,6.74,0.8048961424332345,False
MA,2026-06-01,5.195,6.69,0.7765321375186846,False
MA,2026-06-08,5.2,6.75,0.7703703703703704,False
MA,2026-06-15,5.245,6.92,0.7579479768786127,False
MA,2026-06-22,5.2,6.98,0.7449856733524355,False
MA,2026-06-29,5.245,6.99,0.7503576537911302,False
MA,2026-07-06,5.2,6.99,0.7439198855507868,False
MA,2026-07-13,5.18,6.89,0.7518142235123367,False
MA,2026-07-20,5.19,6.925000000000001,0.7494584837545126,False
MA,2026-07-27,5.19,6.89,0.7532656023222062,False
MA,2026-08-03,5.19,6.89,0.7532656023222062,False
MA,2026-08-10,5.19,6.82,0.7609970674486803,False
MA,2026-08-17,5.29,6.79,0.7790868924889544,False
MA,2026-08-24,4.99,6.69,0.7458893871449925,False
MA,2026-08-31,5.39,6.99,0.7711015736766809,False
MG,2024-09-02,4.19,6.15,0.6813008130081301,True
MG,2024-09-09,4.25,6.19,0.6865912762520193,True
MG,2024-09-16,4.19,6.15,0.6813008130081301,True
MG,2024-09-23,4.19,6.09,0.6880131362889984,True
MG,2024-09-30,4.19,6.145,0.6818551668022784,True
MG,2024-10-07,4.19,6.09,0.6880131362889984,True
MG,2024-10-14,4.19,6.09,0.6880131362889984,True
MG,2024-10-21,4.19,6.09,0.6880131362889984,True
MG,2024-10-28,4.19,6.09,0.6880131362889984,True
MG,2024-11-04,4.19,6.07,0.6902800658978584,True
MG,2024-11-11,4.165,5.99,0.6953255425709516,True
MG,2024-11-18,4.19,6.05,0.6925619834710744,True
MG,2024-11-25,4.19,5.99,0.6994991652754592,True
MG,2024-12-02,4.19,6.02,0.6960132890365449,True
MG,2024-12-09,4.19,5.99,0.6994991652754592,True
MG,2024-12-16,4.19,5.99,0.6994991652754592,True
MG,2024-12-23,4.19,5.99,0.6994991652754592,True
MG,2024-12-30,4.19,5.99,0.6994991652754592,True
MG,2025-01-06,4.19,5.99,0.6994991652754592,True
MG,2025-01-13,4.215,5.99,0.7036727879799666,False
MG,2025-01-20,4.29,6.01,0.7138103161397671,False
MG,2025-01-27,4.34,6.09,0.7126436781609196,False
MG,2025-02-03,4.45,6.25,0.7120000000000001,False
MG,2025-02-10,4.49,6.24,0.719551282051282,False
MG,2025-02-17,4.49,6.19,0.7253634894991923,False
MG,2025-02-24,4.49,6.23,0.7207062600321027,False
MG,2025-03-03,4.47,6.2,0.7209677419354839,False
MG,2025-03-10,4.45,6.19,0.7189014539579968,False
MG,2025-03-17,4.39,6.19,0.7092084006462035,False
MG,2025-03-24,4.39,6.19,0.7092084006462035,False
MG,2025-03-31,4.39,6.19,0.7092084006462035,False
MG,2025-04-07,4.39,6.19,0.7092084006462035,False
MG,2025-04-14,4.39,6.19,0.7092084006462035,False
MG,2025-04-21,4.39,6.19,0.7092084006462035,False
MG,2025-04-28,4.39,6.19,0.7092084006462035,False
MG,2025-05-05,4.38,6.19,0.7075928917609047,False
MG,2025-05-12,4.35,6.19,0.702746365105008,False
MG,2025-05-19,4.29,6.17,0.6952998379254457,True
MG,2025-05-26,4.29,6.17,0.6952998379254457,True
MG,2025-06-02,4.28,6.09,0.7027914614121511,False
MG,2025-06-09,4.29,6.09,0.7044334975369458,False
MG,2025-06-16,4.3,6.105,0.7043407043407043,False
MG,2025-06-23,4.29,6.09,0.7044334975369458,False
MG,2025-06-30,4.29,6.09,0.7044334975369458,False
MG,2025-07-07,4.29,6.09,0.7044334975369458,False
MG,2025-07-14,4.19,6.09,0.6880131362889984,True
MG,2025-07-21,4.19,6.15,0.6813008130081301,True
MG,2025-07-28,4.19,6.13,0.6835236541598696,True
MG,2025-08-04,4.19,6.09,0.6880131362889984,True
MG,2025-08-11,4.22,6.08,0.694078947368421,True
MG,2025-08-18,4.19,6.08,0.6891447368421053,True
MG,2025-08-25,4.19,5.99,0.6994991652754592,True
MG,2025-09-01,4.19,5.99,0.6994991652754592,True
MG,2025-09-08,4.19,6.01,0.697171381031614,True
MG,2025-09-15,4.29,6.055,0.7085053674649051,False
MG,2025-09-22,4.19,5.99,0.6994991652754592,True
MG,2025-09-29,4.19,5.99,0.6994991652754592,True
MG,2025-10-06,4.19,5.99,0.6994991652754592,True
MG,2025-10-13,4.19,5.99,0.6994991652754592,True
MG,2025-10-20,4.19,5.99,0.6994991652754592,True
MG,2025-10-27,4.19,5.985,0.7000835421888054,False
MG,2025-11-03,4.285,5.99,0.7153589315525877,False
MG,2025-11-10,4.29,5.99,0.7161936560934892,False
MG,2025-11-17,4.29,5.99,0.7161936560934892,False
MG,2025-11-24,4.39,5.99,0.7328881469115192,False
MG,2025-12-01,4.39,5.99,0.7328881469115192,False
MG,2025-12-08,4.39,5.99,0.7328881469115192,False
MG,2025-12-15,4.4,5.99,0.7345575959933223,False
MG,2025-12-22,4.49,6.06,0.740924092409241,False
MG,2025-12-29,4.49,6.09,0.7372742200328408,False
MG,2026-01-05,4.59,6.19,0.7415185783521808,False
MG,2026-01-12,4.69,6.19,0.7576736672051696,False
MG,2026-01-19,4.67,6.19,0.7544426494345718,False
MG,2026-01-26,4.69,6.19,0.7576736672051696,False
MG,2026-02-02,4.69,6.17,0.760129659643436,False
MG,2026-02-09,4.69,6.15,0.7626016260162601,False
MG,2026-02-16,4.69,6.18,0.7588996763754047,False
MG,2026-02-23,4.67,6.14,0.760586319218241,False
MG,2026-03-02,4.64,6.14,0.755700325732899,False
MG,2026-03-09,4.69,6.29,0.7456279809220986,False
MG,2026-03-16,4.79,6.43,0.744945567651633,False
MG,2026-03-23,4.79,6.49,0.7380585516178736,False
MG,2026-03-30,4.79,6.49,0.7380585516178736,False
MG,2026-05-04,4.54,6.39,0.7104851330203443,False
MG,2026-05-11,4.49,6.39,0.702660406885759,False
MG,2026-05-18,4.39,6.39,0.6870109546165885,True
MG,2026-05-25,4.37,6.39,0.6838810641627544,True
MG,2026-06-01,4.29,6.36,0.6745283018867925,True
MG,2026-06-08,4.19,6.39,0.6557120500782474,True
MG,2026-06-15,4.16,6.39,0.6510172143974962,True
MG,2026-06-22,4.09,6.39,0.6400625978090767,True
MG,2026-06-29,4.07,6.35,0.6409448818897638,True
MG,2026-07-06,3.99,6.34,0.6293375394321767,True
MG,2026-07-13,3.99,6.29,0.6343402225755167,True
MG,2026-07-20,3.99,6.33,0.6303317535545024,True
MG,2026-07-27,3.99,6.29,0.6343402225755167,True
MG,2026-08-03,3.99,6.29,0.6343402225755167,True
MG,2026-08-10,3.95,6.29,0.6279809220985691,True
MG,2026-08-17,3.99,6.29,0.6343402225755167,True
MG,2026-08-24,3.99,6.29,0.6343402225755167,True
MG,2026-08-31,3.99,6.29,0.6343402225755167,True
MS,2024-09-02,3.99,6.125,0.6514285714285715,True
MS,2024-09-09,3.99,6.09,0.6551724137931035,True
MS,2024-09-16,3.99,6.105,0.6535626535626535,True
MS,2024-09-23,3.95,6.125,0.6448979591836735,True
MS,2024-09-30,3.99,6.16,0.6477272727272727,True
MS,2024-10-07,3.95,6.14,0.6433224755700326,True
MS,2024-10-14,3.89,6.14,0.6335504885993486,True
MS,2024-10-21,3.95,6.125,0.6448979591836735,True
MS,2024-10-28,3.92,6.12,0.6405228758169934,True
MS,2024-11-04,3.89,6.12,0.6356209150326797,True
MS,2024-11-11,3.99,6.12,0.6519607843137255,True
MS,2024-11-18,3.9000000000000004,6.09,0.6403940886699508,True
MS,2024-11-25,3.99,6.1850000000000005,0.645109135004042,True
MS,2024-12-02,3.99,6.09,0.6551724137931035,True
MS,2024-12-09,4.04,6.2,0.6516129032258065,True
MS,2024-12-16,4.05,6.19,0.6542810985460419,True
MS,2024-12-23,4.04,6.140000000000001,0.6579804560260586,True
MS,2024-12-30,4.0,6.19,0.6462035541195477,True
MS,2025-01-06,4.05,6.19,0.6542810985460419,True
MS,2025-01-13,4.05,6.19,0.6542810985460419,True
MS,2025-01-20,4.03,6.19,0.6510500807754442,True
MS,2025-01-27,4.095,6.245,0.655724579663731,True
MS,2025-02-03,4.15,6.29,0.6597774244833069,True
MS,2025-02-10,4.15,6.39,0.6494522691705791,True
MS,2025-02-17,4.29,6.39,0.6713615023474179,True
MS,2025-02-24,4.29,6.39,0.6713615023474179,True
MS,2025-03-03,4.29,6.39,0.6713615023474179,True
MS,2025-03-10,4.29,6.39,0.6713615023474179,True
MS,2025-03-17,4.09,6.39,0.6400625978090767,True
MS,2025-03-24,4.09,6.39,0.6400625978090767,True
MS,2025-03-31,4.1899999999999995,6.39,0.6557120500782472,True
MS,2025-04-07,4.16,6.39,0.6510172143974962,True
MS,2025-04-14,4.29,6.39,0.6713615023474179,True
MS,2025-04-21,4.16,6.39,0.6510172143974962,True
MS,2025-04-28,4.16,6.39,0.6510172143974962,True
MS,2025-05-05,3.99,6.39,0.6244131455399061,True
MS,2025-05-12,4.125,6.39,0.6455399061032864,True
MS,2025-05-19,4.04,6.39,0.6322378716744914,True
MS,2025-05-26,3.99,6.39,0.6244131455399061,True
MS,2025-06-02,3.99,6.39,0.6244131455399061,True
MS,2025-06-09,3.99,6.29,0.6343402225755167,True
MS,2025-06-16,3.92,6.29,0.6232114467408585,True
MS,2025-06-23,3.99,6.265000000000001,0.6368715083798883,True
MS,2025-06-30,3.99,6.27,0.6363636363636365,True
MS,2025-07-07,3.9400000000000004,6.26,0.6293929712460065,True
MS,2025-07-14,3.89,6.24,0.6233974358974359,True
MS,2025-07-21,3.89,6.24,0.6233974358974359,True
MS,2025-07-28,3.89,6.24,0.6233974358974359,True
MS,2025-08-04,3.99,6.25,0.6384000000000001,True
MS,2025-08-11,3.79,6.24,0.6073717948717948,True
MS,2025-08-18,3.99,6.24,0.639423076923077,True
MS,2025-08-25,3.775,6.115,0.6173344235486509,True
MS,2025-09-01,3.79,6.115,0.6197874080130825,True
MS,2025-09-08,3.89,6.115,0.6361406377759607,True
MS,2025-09-15,3.79,6.115,0.6197874080130825,True
MS,2025-09-22,3.89,6.115,0.6361406377759607,True
MS,2025-09-29,3.89,6.115,0.6361406377759607,True
MS,2025-10-06,3.89,5.99,0.6494156928213689,True
MS,2025-10-13,3.89,5.99,0.6494156928213689,True
MS,2025-10-20,3.79,6.115,0.6197874080130825,True
MS,2025-10-27,3.89,5.99,0.6494156928213689,True
MS,2025-11-03,3.89,5.99,0.6494156928213689,True
MS,2025-11-10,3.89,5.99,0.6494156928213689,True
MS,2025-11-17,3.9400000000000004,5.99,0.657762938230384,True
MS,2025-11-24,3.9400000000000004,5.99,0.657762938230384,True
MS,2025-12-01,3.99,6.19,0.6445880452342487,True
MS,2025-12-08,3.99,6.19,0.6445880452342487,True
MS,2025-12-15,3.99,5.99,0.666110183639399,True
MS,2025-12-22,3.99,5.99,0.666110183639399,True
MS,2025-12-29,3.99,5.99,0.666110183639399,True
MS,2026-01-05,3.99,6.035,0.6611433305716653,True
MS,2026-01-12,4.09,6.34,0.6451104100946372,True
MS,2026-01-19,4.19,6.34,0.6608832807570979,True
MS,2026-01-26,4.33,6.335,0.6835043409629045,True
MS,2026-02-02,4.29,6.33,0.6777251184834123,True
MS,2026-02-09,4.29,6.265000000000001,0.684756584197925,True
MS,2026-02-16,4.29,6.29,0.6820349761526232,True
MS,2026-02-23,4.29,6.24,0.6875,True
MS,2026-03-02,4.29,6.26,0.6853035143769969,True
MS,2026-03-09,4.29,6.29,0.6820349761526232,True
MS,2026-03-16,4.39,6.33,0.693522906793049,True
MS,2026-03-23,4.55,6.665,0.6826706676669168,True
MS,2026-03-30,4.39,6.59,0.6661608497723823,True
MS,2026-04-27,4.85,7.05,0.6879432624113475,True
MS,2026-05-04,4.345,6.58,0.6603343465045592,True
MS,2026-05-11,4.29,6.59,0.6509863429438544,True
MS,2026-05-18,4.29,6.615,0.6485260770975056,True
MS,2026-05-25,4.19,6.49,0.6456086286594761,True
MS,2026-06-01,4.285,6.49,0.6602465331278891,True
MS,2026-06-08,4.265000000000001,6.49,0.6571648690292758,True
MS,2026-06-15,4.24,6.63,0.6395173453996984,True
MS,2026-06-22,3.99,6.63,0.6018099547511313,True
MS,2026-06-29,3.99,6.63,0.6018099547511313,True
MS,2026-07-06,3.97,6.63,0.598793363499246,True
MS,2026-07-13,3.97,6.63,0.598793363499246,True
MS,2026-07-20,3.97,6.63,0.598793363499246,True
MS,2026-07-27,3.89,6.615,0.5880574452003023,True
MS,2026-08-03,3.89,6.6,0.5893939393939395,True
MS,2026-08-10,3.89,6.56,0.5929878048780488,True
MS,2026-08-17,3.89,6.56,0.5929878048780488,True
MS,2026-08-24,3.89,6.57,0.5920852359208524,True
MS,2026-08-31,3.89,6.39,0.6087636932707355,True
MT,2024-09-02,3.59,5.91,0.6074450084602369,True
MT,2024-09-09,3.79,6.09,0.6223316912972086,True
MT,2024-09-16,3.79,6.09,0.6223316912972086,True
MT,2024-09-23,3.65,5.99,0.6093489148580968,True
MT,2024-09-30,3.6,5.99,0.6010016694490818,True
MT,2024-10-07,3.6,5.99,0.6010016694490818,True
MT,2024-10-14,3.69,5.99,0.6160267111853088,True
MT,2024-10-21,3.79,5.99,0.6327212020033389,True
MT,2024-10-28,3.83,5.99,0.6393989983305509,True
MT,2024-11-04,3.75,5.99,0.6260434056761268,True
MT,2024-11-11,3.87,6.09,0.6354679802955665,True
MT,2024-11-18,3.89,6.09,0.638752052545156,True
MT,2024-11-25,3.87,6.07,0.6375617792421746,True
MT,2024-12-02,3.9800000000000004,6.09,0.6535303776683088,True
MT,2024-12-09,3.96,6.09,0.6502463054187192,True
MT,2024-12-16,3.89,6.09,0.638752052545156,True
MT,2024-12-23,3.89,6.08,0.6398026315789473,True
MT,2024-12-30,3.87,6.07,0.6375617792421746,True
MT,2025-01-06,3.93,6.08,0.6463815789473685,True
MT,2025-01-13,3.99,6.09,0.6551724137931035,True
MT,2025-01-20,3.99,6.08,0.65625,True
MT,2025-01-27,4.19,6.19,0.6768982229402262,True
MT,2025-02-03,4.19,6.25,0.6704000000000001,True
MT,2025-02-10,4.27,6.29,0.6788553259141493,True
MT,2025-02-17,4.12,6.29,0.6550079491255962,True
MT,2025-02-24,4.19,6.29,0.6661367249602544,True
MT,2025-03-03,4.27,6.29,0.6788553259141493,True
MT,2025-03-10,4.19,6.29,0.6661367249602544,True
MT,2025-03-17,4.09,6.27,0.6523125996810207,True
MT,2025-03-24,3.99,6.25,0.6384000000000001,True
MT,2025-03-31,3.99,6.09,0.6551724137931035,True
MT,2025-04-07,4.17,6.27,0.6650717703349283,True
MT,2025-04-14,3.99,6.09,0.6551724137931035,True
MT,2025-04-21,4.09,6.17,0.6628849270664505,True
MT,2025-04-28,4.17,6.19,0.6736672051696284,True
MT,2025-05-05,3.99,6.17,0.646677471636953,True
MT,2025-05-12,3.99,6.09,0.6551724137931035,True
MT,2025-05-19,3.99,6.19,0.6445880452342487,True
MT,2025-05-26,3.98,6.09,0.6535303776683087,True
MT,2025-06-02,3.93,5.99,0.656093489148581,True
MT,2025-06-09,3.87,5.99,0.6460767946577629,True
MT,2025-06-16,3.97,5.99,0.662771285475793,True
MT,2025-06-23,3.79,5.99,0.6327212020033389,True
MT,2025-06-30,3.79,5.99,0.6327212020033389,True
MT,2025-07-07,3.79,5.99,0.6327212020033389,True
MT,2025-07-14,3.765,5.99,0.6285475792988314,True
MT,2025-07-21,3.97,6.17,0.6434359805510536,True
MT,2025-07-28,3.97,6.17,0.6434359805510536,True
MT,2025-08-04,3.97,6.17,0.6434359805510536,True
MT,2025-08-11,4.17,6.37,0.6546310832025117,True
MT,2025-08-18,4.17,6.37,0.6546310832025117,True
MT,2025-08-25,4.17,6.37,0.6546310832025117,True
MT,2025-09-01,4.27,6.37,0.6703296703296703,True
MT,2025-09-08,4.27,6.37,0.6703296703296703,True
MT,2025-09-15,4.37,6.37,0.6860282574568289,True
MT,2025-09-22,4.37,6.37,0.6860282574568289,True
MT,2025-09-29,4.37,6.37,0.6860282574568289,True
MT,2025-10-06,4.37,6.37,0.6860282574568289,True
MT,2025-10-13,4.37,6.37,0.6860282574568289,True
MT,2025-10-20,4.37,6.35,0.6881889763779528,True
MT,2025-10-27,4.37,6.29,0.6947535771065183,True
MT,2025-11-03,4.37,6.29,0.6947535771065183,True
MT,2025-11-10,4.37,6.29,0.6947535771065183,True
MT,2025-11-17,4.47,6.29,0.7106518282988871,False
MT,2025-11-24,4.45,6.29,0.7074721780604134,False
MT,2025-12-01,4.47,6.29,0.7106518282988871,False
MT,2025-12-08,4.47,6.29,0.7106518282988871,False
MT,2025-12-15,4.45,6.29,0.7074721780604134,False
MT,2025-12-22,4.46,6.37,0.7001569858712716,False
MT,2025-12-29,4.55,6.37,0.7142857142857142,False
MT,2026-01-05,4.605,6.49,0.7095531587057011,False
MT,2026-01-12,4.575,6.49,0.7049306625577813,False
MT,2026-01-19,4.55,6.47,0.7032457496136012,False
MT,2026-01-26,4.53,6.45,0.7023255813953488,False
MT,2026-02-02,4.55,6.39,0.7120500782472614,False
MT,2026-02-09,4.69,6.39,0.7339593114241002,False
MT,2026-02-16,4.69,6.39,0.7339593114241002,False
MT,2026-02-23,4.69,6.39,0.7339593114241002,False
MT,2026-03-02,4.67,6.39,0.730829420970266,False
MT,2026-03-09,4.67,6.59,0.708649468892261,False
MT,2026-03-16,4.67,6.59,0.708649468892261,False
MT,2026-03-23,4.67,6.79,0.6877761413843888,True
MT,2026-03-30,4.67,6.79,0.6877761413843888,True
MT,2026-05-04,4.455,6.79,0.6561119293078056,True
MT,2026-05-11,4.29,6.69,0.6412556053811659,True
MT,2026-05-18,4.17,6.69,0.6233183856502241,True
MT,2026-05-25,3.99,6.69,0.5964125560538116,True
MT,2026-06-01,3.99,6.69,0.5964125560538116,True
MT,2026-06-08,3.975,6.77,0.5871491875923192,True
MT,2026-06-15,3.89,6.76,0.5754437869822485,True
MT,2026-06-22,3.85,6.79,0.5670103092783505,True
MT,2026-06-29,3.77,6.77,0.5568685376661744,True
MT,2026-07-06,3.79,6.79,0.5581737849779087,True
MT,2026-07-13,3.79,6.79,0.5581737849779087,True
MT,2026-07-20,3.78,6.79,0.5567010309278351,True
MT,2026-07-27,3.77,6.79,0.5552282768777614,True
MT,2026-08-03,3.75,6.77,0.5539143279172821,True
MT,2026-08-10,3.71,6.77,0.5480059084194978,True
MT,2026-08-17,3.69,6.77,0.5450516986706057,True
MT,2026-08-24,3.71,6.89,0.5384615384615384,True
MT,2026-08-31,3.97,6.99,0.5679542203147353,True
PA,2024-09-02,4.59,6.15,0.746341463414634,False
PA,2024-09-09,4.59,6.15,0.746341463414634,False
PA,2024-09-16,4.640000000000001,6.15,0.7544715447154472,False
PA,2024-09-23,4.69,6.15,0.7626016260162601,False
PA,2024-09-30,4.69,6.15,0.7626016260162601,False
PA,2024-10-07,4.69,6.16,0.7613636363636365,False
PA,2024-10-14,4.69,6.17,0.760129659643436,False
PA,2024-10-21,4.69,6.220000000000001,0.7540192926045016,False
PA,2024-10-28,4.665,6.23,0.7487961476725521,False
PA,2024-11-04,4.69,6.25,0.7504000000000001,False
PA,2024-11-11,4.69,6.25,0.7504000000000001,False
PA,2024-11-18,4.69,6.19,0.7576736672051696,False
PA,2024-11-25,4.77,6.25,0.7631999999999999,False
PA,2024-12-02,4.79,6.29,0.7615262321144675,False
PA,2024-12-09,4.79,6.29,0.7615262321144675,False
PA,2024-12-16,4.69,6.275,0.7474103585657371,False
PA,2024-12-23,4.73,6.27,0.7543859649122808,False
PA,2024-12-30,4.69,6.279999999999999,0.7468152866242039,False
PA,2025-01-06,4.79,6.3149999999999995,0.758511480601742,False
PA,2025-01-13,4.77,6.3149999999999995,0.7553444180522565,False
PA,2025-01-20,4.85,6.359999999999999,0.7625786163522013,False
PA,2025-01-27,4.85,6.29,0.7710651828298887,False
PA,2025-02-03,4.95,6.54,0.7568807339449541,False
PA,2025-02-10,4.970000000000001,6.56,0.7576219512195124,False
PA,2025-02-17,4.89,6.48,0.7546296296296295,False
PA,2025-02-24,4.89,6.39,0.7652582159624413,False
PA,2025-03-03,4.925000000000001,6.545,0.7524828113063409,False
PA,2025-03-10,4.89,6.56,0.7454268292682926,False
PA,2025-03-17,4.9,6.4,0.765625,False
PA,2025-03-24,4.925000000000001,6.39,0.7707355242566511,False
PA,2025-03-31,4.9,6.39,0.7668231611893584,False
PA,2025-04-07,4.9,6.39,0.7668231611893584,False
PA,2025-04-14,4.95,6.37,0.7770800627943485,False
PA,2025-04-21,4.89,6.325,0.7731225296442688,False
PA,2025-04-28,4.89,6.39,0.7652582159624413,False
PA,2025-05-05,4.89,6.39,0.7652582159624413,False
PA,2025-05-12,4.88,6.38,0.7648902821316614,False
PA,2025-05-19,4.87,6.35,0.7669291338582678,False
PA,2025-05-26,4.87,6.38,0.7633228840125392,False
PA,2025-06-02,4.87,6.33,0.7693522906793049,False
PA,2025-06-09,4.89,6.39,0.7652582159624413,False
PA,2025-06-16,4.79,6.29,0.7615262321144675,False
PA,2025-06-23,4.87,6.35,0.7669291338582678,False
PA,2025-06-30,4.87,6.35,0.7669291338582678,False
PA,2025-07-07,4.87,6.325,0.7699604743083004,False
PA,2025-07-14,4.89,6.45,0.7581395348837209,False
PA,2025-07-21,4.8,6.29,0.7631160572337042,False
PA,2025-07-28,4.8,6.15,0.7804878048780487,False
PA,2025-08-04,4.87,6.29,0.7742448330683624,False
PA,2025-08-11,4.859999999999999,6.19,0.7851373182552502,False
PA,2025-08-18,4.875,6.35,0.767716535433071,False
PA,2025-08-25,4.87,6.35,0.7669291338582678,False
PA,2025-09-01,4.85,6.39,0.758998435054773,False
PA,2025-09-08,4.82,6.37,0.7566718995290425,False
PA,2025-09-15,4.79,6.39,0.7496087636932708,False
PA,2025-09-22,4.859999999999999,6.29,0.7726550079491254,False
PA,2025-09-29,4.85,6.39,0.758998435054773,False
PA,2025-10-06,4.8,6.37,0.7535321821036106,False
PA,2025-10-13,4.89,6.335,0.7719021310181531,False
PA,2025-10-20,4.85,6.35,0.7637795275590551,False
PA,2025-10-27,4.85,6.35,0.7637795275590551,False
PA,2025-11-03,4.79,6.359999999999999,0.7531446540880504,False
PA,2025-11-10,4.79,6.37,0.7519623233908949,False
PA,2025-11-17,4.79,6.39,0.7496087636932708,False
PA,2025-11-24,4.79,6.35,0.7543307086614174,False
PA,2025-12-01,4.79,6.35,0.7543307086614174,False
PA,2025-12-08,4.79,6.35,0.7543307086614174,False
PA,2025-12-15,4.79,6.39,0.7496087636932708,False
PA,2025-12-22,4.79,6.335,0.7561168113654302,False
PA,2025-12-29,4.79,6.325,0.7573122529644268,False
PA,2026-01-05,4.79,6.39,0.7496087636932708,False
PA,2026-01-12,4.95,6.35,0.7795275590551182,False
PA,2026-01-19,4.99,6.38,0.7821316614420063,False
PA,2026-01-26,4.99,6.5,0.7676923076923077,False
PA,2026-02-02,4.99,6.49,0.7688751926040062,False
PA,2026-02-09,4.99,6.45,0.7736434108527132,False
PA,2026-02-16,4.99,6.465,0.7718484145398299,False
PA,2026-02-23,4.99,6.4,0.7796875,False
PA,2026-03-02,4.99,6.49,0.7688751926040062,False
PA,2026-03-09,4.99,6.59,0.7572078907435509,False
PA,2026-03-16,5.19,6.77,0.7666174298375186,False
PA,2026-03-23,5.19,6.99,0.7424892703862661,False
PA,2026-03-30,5.15,6.96,0.7399425287356323,False
PA,2026-05-04,5.27,6.95,0.7582733812949639,False
PA,2026-05-11,5.35,6.97,0.7675753228120517,False
PA,2026-05-18,5.26,6.89,0.7634252539912917,False
PA,2026-05-25,5.25,6.89,0.7619738751814223,False
PA,2026-06-01,5.29,6.95,0.7611510791366907,False
PA,2026-06-08,5.29,6.85,0.7722627737226277,False
PA,2026-06-15,5.220000000000001,6.85,0.7620437956204381,False
PA,2026-06-22,5.19,6.79,0.764359351988218,False
PA,2026-06-29,5.2,6.79,0.7658321060382917,False
PA,2026-07-06,5.140000000000001,6.85,0.7503649635036498,False
PA,2026-07-13,4.99,6.69,0.7458893871449925,False
PA,2026-07-20,4.99,6.79,0.7349042709867453,False
PA,2026-07-27,4.99,6.85,0.7284671532846716,False
PA,2026-08-03,4.99,6.87,0.7263464337700146,False
PA,2026-08-10,4.99,6.885,0.7247639796659405,False
PA,2026-08-17,4.99,6.89,0.7242380261248187,False
PA,2026-08-24,4.99,6.89,0.7242380261248187,False
PA,2026-08-31,4.89,6.85,0.7138686131386861,False
PB,2024-09-02,4.585,6.13,0.7479608482871126,False
PB,2024-09-09,4.57,6.09,0.7504105090311988,False
PB,2024-09-16,4.575,6.09,0.7512315270935961,False
PB,2024-09-23,4.55,6.07,0.7495881383855024,False
PB,2024-09-30,4.495,6.05,0.7429752066115702,False
PB,2024-10-07,4.48,6.05,0.7404958677685951,False
PB,2024-10-14,4.37,6.04,0.7235099337748344,False
PB,2024-10-21,4.29,5.99,0.7161936560934892,False
PB,2024-10-28,4.27,5.99,0.7128547579298831,False
PB,2024-11-04,4.19,5.945,0.704793944491169,False
PB,2024-11-11,4.17,5.89,0.7079796264855688,False
PB,2024-11-18,4.15,5.89,0.704584040747029,False
PB,2024-11-25,4.15,5.89,0.704584040747029,False
PB,2024-12-02,4.15,5.87,0.706984667802385,False
PB,2024-12-09,3.99,5.88,0.6785714285714286,True
PB,2024-12-16,3.99,5.86,0.6808873720136519,True
PB,2024-12-23,3.9850000000000003,5.85,0.6811965811965813,True
PB,2024-12-30,3.99,5.85,0.6820512820512822,True
PB,2025-01-06,3.99,5.85,0.6820512820512822,True
PB,2025-01-13,4.27,6.15,0.6943089430894308,True
PB,2025-01-20,4.27,6.15,0.6943089430894308,True
PB,2025-01-27,4.54,6.16,0.737012987012987,False
PB,2025-02-03,4.58,6.19,0.739903069466882,False
PB,2025-02-10,4.64,6.275,0.7394422310756971,False
PB,2025-02-17,4.645,6.27,0.740829346092504,False
PB,2025-02-24,4.65,6.27,0.7416267942583733,False
PB,2025-03-03,4.64,6.27,0.7400318979266348,False
PB,2025-03-10,4.64,6.27,0.7400318979266348,False
PB,2025-03-17,4.64,6.27,0.7400318979266348,False
PB,2025-03-24,4.64,6.265,0.7406225059856345,False
PB,2025-03-31,4.64,6.265,0.7406225059856345,False
PB,2025-04-07,4.64,6.26,0.7412140575079872,False
PB,2025-04-14,4.6,6.19,0.7431340872374798,False
PB,2025-04-21,4.6,6.19,0.7431340872374798,False
PB,2025-04-28,4.59,6.18,0.7427184466019418,False
PB,2025-05-05,4.57,6.17,0.740680713128039,False
PB,2025-05-12,4.57,6.17,0.740680713128039,False
PB,2025-05-19,4.57,6.17,0.740680713128039,False
PB,2025-05-26,4.57,6.17,0.740680713128039,False
PB,2025-06-02,4.57,6.17,0.740680713128039,False
PB,2025-06-09,4.57,6.1,0.7491803278688526,False
PB,2025-06-16,4.57,6.07,0.7528830313014827,False
PB,2025-06-23,4.55,6.05,0.7520661157024793,False
PB,2025-06-30,4.53,6.03,0.7512437810945274,False
PB,2025-07-07,4.52,6.02,0.7508305647840532,False
PB,2025-07-14,4.52,6.02,0.7508305647840532,False
PB,2025-07-21,4.52,5.99,0.7545909849749581,False
PB,2025-07-28,4.49,5.99,0.7495826377295493,False
PB,2025-08-04,4.47,5.925,0.7544303797468355,False
PB,2025-08-11,4.49,5.97,0.7520938023450587,False
PB,2025-08-18,4.49,5.985,0.7502088554720133,False
PB,2025-08-25,4.47,5.97,0.7487437185929648,False
PB,2025-09-01,4.475,5.975,0.7489539748953975,False
PB,2025-09-08,4.47,5.97,0.7487437185929648,False
PB,2025-09-15,4.47,5.97,0.7487437185929648,False
PB,2025-09-22,4.47,5.97,0.7487437185929648,False
PB,2025-09-29,4.47,5.98,0.7474916387959866,False
PB,2025-10-06,4.35,5.95,0.7310924369747899,False
PB,2025-10-13,4.35,5.95,0.7310924369747899,False
PB,2025-10-20,4.35,5.95,0.7310924369747899,False
PB,2025-10-27,4.24,5.91,0.7174280879864636,False
PB,2025-11-03,4.24,5.89,0.7198641765704584,False
PB,2025-11-10,4.2,5.89,0.7130730050933787,False
PB,2025-11-17,4.195,5.89,0.7122241086587437,False
PB,2025-11-24,4.19,5.88,0.7125850340136055,False
PB,2025-12-01,4.19,5.88,0.7125850340136055,False
PB,2025-12-08,4.19,5.88,0.7125850340136055,False
PB,2025-12-15,4.19,5.87,0.7137989778534923,False
PB,2025-12-22,4.19,5.89,0.7113752122241087,False
PB,2025-12-29,4.19,5.945,0.704793944491169,False
PB,2026-01-05,4.39,5.99,0.7328881469115192,False
PB,2026-01-12,4.49,5.99,0.7495826377295493,False
PB,2026-01-19,4.49,5.99,0.7495826377295493,False
PB,2026-01-26,4.49,5.99,0.7495826377295493,False
PB,2026-02-02,4.465,5.99,0.7454090150250416,False
PB,2026-02-09,4.45,5.89,0.7555178268251274,False
PB,2026-02-16,4.49,5.955,0.7539882451721243,False
PB,2026-02-23,4.49,5.89,0.7623089983022072,False
PB,2026-03-02,4.49,5.94,0.7558922558922558,False
PB,2026-03-09,4.59,6.19,0.7415185783521808,False
PB,2026-03-16,4.59,6.449999999999999,0.7116279069767443,False
PB,2026-03-23,4.69,6.550000000000001,0.716030534351145,False
PB,2026-03-30,4.79,6.59,0.7268588770864947,False
PB,2026-05-04,4.79,6.49,0.7380585516178736,False
PB,2026-05-11,4.79,6.49,0.7380585516178736,False
PB,2026-05-18,4.79,6.49,0.7380585516178736,False
PB,2026-05-25,4.79,6.49,0.7380585516178736,False
PB,2026-06-01,4.79,6.49,0.7380585516178736,False
PB,2026-06-08,4.79,6.49,0.7380585516178736,False
PB,2026-06-15,4.79,6.49,0.7380585516178736,False
PB,2026-06-22,4.79,6.52,0.7346625766871167,False
PB,2026-06-29,4.79,6.49,0.7380585516178736,False
PB,2026-07-06,4.79,6.49,0.7380585516178736,False
PB,2026-07-13,4.79,6.49,0.7380585516178736,False
PB,2026-07-20,4.79,6.49,0.7380585516178736,False
PB,2026-07-27,4.79,6.49,0.7380585516178736,False
PB,2026-08-03,4.79,6.49,0.7380585516178736,False
PB,2026-08-10,4.79,6.49,0.7380585516178736,False
PB,2026-08-17,4.79,6.49,0.7380585516178736,False
PB,2026-08-24,4.79,6.49,0.7380585516178736,False
PB,2026-08-31,4.69,6.42,0.7305295950155763,False
PE,2024-09-02,4.49,5.89,0.7623089983022072,False
PE,2024-09-09,4.49,5.85,0.7675213675213676,False
PE,2024-09-16,4.48,5.89,0.7606112054329373,False
PE,2024-09-23,4.39,5.87,0.7478705281090289,False
PE,2024-09-30,4.29,5.69,0.7539543057996485,False
PE,2024-10-07,4.11,5.69,0.7223198594024605,False
PE,2024-10-14,4.29,5.96,0.7197986577181208,False
PE,2024-10-21,4.47,6.17,0.7244732576985413,False
PE,2024-10-28,4.45,6.15,0.7235772357723577,False
PE,2024-11-04,4.39,6.15,0.713821138211382,False
PE,2024-11-11,4.39,6.14,0.7149837133550488,False
PE,2024-11-18,4.375,6.09,0.7183908045977012,False
PE,2024-11-25,4.15,5.99,0.6928213689482471,True
PE,2024-12-02,4.085,5.97,0.6842546063651591,True
PE,2024-12-09,4.45,6.25,0.7120000000000001,False
PE,2024-12-16,4.45,6.25,0.7120000000000001,False
PE,2024-12-23,4.45,6.25,0.7120000000000001,False
PE,2024-12-30,4.39,6.23,0.7046548956661315,False
PE,2025-01-06,4.19,6.05,0.6925619834710744,True
PE,2025-01-13,4.29,5.99,0.7161936560934892,False
PE,2025-01-20,4.97,6.37,0.7802197802197801,False
PE,2025-01-27,4.97,6.37,0.7802197802197801,False
PE,2025-02-03,4.97,6.37,0.7802197802197801,False
PE,2025-02-10,4.97,6.57,0.7564687975646879,False
PE,2025-02-17,4.95,6.57,0.7534246575342466,False
PE,2025-02-24,4.94,6.56,0.753048780487805,False
PE,2025-03-03,4.94,6.55,0.7541984732824428,False
PE,2025-03-10,4.94,6.54,0.7553516819571866,False
PE,2025-03-17,4.91,6.52,0.7530674846625768,False
PE,2025-03-24,4.79,6.45,0.7426356589147287,False
PE,2025-03-31,4.77,6.35,0.7511811023622047,False
PE,2025-04-07,4.94,6.54,0.7553516819571866,False
PE,2025-04-14,4.91,6.53,0.7519142419601837,False
PE,2025-04-21,4.885,6.49,0.7526964560862865,False
PE,2025-04-28,4.69,6.15,0.7626016260162601,False
PE,2025-05-05,4.69,6.09,0.7701149425287357,False
PE,2025-05-12,4.9,6.51,0.7526881720430109,False
PE,2025-05-19,4.94,6.52,0.7576687116564418,False
PE,2025-05-26,4.89,6.39,0.7652582159624413,False
PE,2025-06-02,4.95,6.55,0.7557251908396947,False
PE,2025-06-09,4.95,6.54,0.7568807339449541,False
PE,2025-06-16,4.89,6.49,0.7534668721109399,False
PE,2025-06-23,4.89,6.52,0.75,False
PE,2025-06-30,4.89,6.49,0.7534668721109399,False
PE,2025-07-07,4.89,6.245,0.7830264211369095,False
PE,2025-07-14,4.95,6.55,0.7557251908396947,False
PE,2025-07-21,4.89,6.49,0.7534668721109399,False
PE,2025-07-28,4.74,5.99,0.7913188647746244,False
PE,2025-08-04,4.69,5.99,0.7829716193656094,False
PE,2025-08-11,4.95,6.55,0.7557251908396947,False
PE,2025-08-18,4.89,6.49,0.7534668721109399,False
PE,2025-08-25,4.83,6.47,0.7465224111282844,False
PE,2025-09-01,4.93,6.515000000000001,0.7567152724481964,False
PE,2025-09-08,4.93,6.53,0.7549770290964777,False
PE,2025-09-15,4.89,6.49,0.7534668721109399,False
PE,2025-09-22,4.74,5.99,0.7913188647746244,False
PE,2025-09-29,4.75,6.53,0.7274119448698315,False
PE,2025-10-06,4.735,6.53,0.725114854517611,False
PE,2025-10-13,4.745,6.53,0.7266462480857581,False
PE,2025-10-20,4.73,6.53,0.7243491577335376,False
PE,2025-10-27,4.59,6.45,0.7116279069767442,False
PE,2025-11-03,4.57,6.45,0.7085271317829458,False
PE,2025-11-10,4.54,6.43,0.7060653188180405,False
PE,2025-11-17,4.39,6.29,0.697933227344992,True
PE,2025-11-24,4.45,5.99,0.7429048414023373,False
PE,2025-12-01,4.45,6.45,0.689922480620155,True
PE,2025-12-08,4.465,6.45,0.6922480620155038,True
PE,2025-12-15,4.465,6.45,0.6922480620155038,True
PE,2025-12-22,4.47,6.45,0.6930232558139534,True
PE,2025-12-29,4.455,6.45,0.6906976744186046,True
PE,2026-01-05,4.49,6.45,0.696124031007752,True
PE,2026-01-12,4.95,6.75,0.7333333333333334,False
PE,2026-01-19,4.95,6.75,0.7333333333333334,False
PE,2026-01-26,4.95,6.75,0.7333333333333334,False
PE,2026-02-02,4.95,6.65,0.7443609022556391,False
PE,2026-02-09,5.23,6.65,0.7864661654135339,False
PE,2026-02-16,5.23,6.65,0.7864661654135339,False
PE,2026-02-23,5.22,6.64,0.786144578313253,False
PE,2026-03-02,5.1850000000000005,6.61,0.7844175491679274,False
PE,2026-03-09,5.24,6.69,0.7832585949177877,False
PE,2026-03-16,5.79,7.39,0.7834912043301759,False
PE,2026-03-23,5.69,7.37,0.7720488466757124,False
PE,2026-03-30,5.68,7.22,0.7867036011080333,False
PE,2026-05-04,5.59,7.109999999999999,0.7862165963431786,False
PE,2026-05-11,5.59,7.1,0.7873239436619719,False
PE,2026-05-18,5.54,7.05,0.7858156028368795,False
PE,2026-05-25,5.53,7.05,0.7843971631205674,False
PE,2026-06-01,5.49,7.02,0.7820512820512822,False
PE,2026-06-08,5.45,6.99,0.7796852646638054,False
PE,2026-06-15,5.17,6.89,0.7503628447024674,False
PE,2026-06-22,5.15,6.95,0.7410071942446044,False
PE,2026-06-29,5.15,6.95,0.7410071942446044,False
PE,2026-07-06,5.14,6.93,0.7417027417027416,False
PE,2026-07-13,5.09,6.93,0.7344877344877345,False
PE,2026-07-20,5.07,6.91,0.7337192474674386,False
PE,2026-07-27,5.06,6.89,0.7343976777939042,False
PE,2026-08-03,5.05,6.87,0.735080058224163,False
PE,2026-08-10,5.04,6.85,0.7357664233576643,False
PE,2026-08-17,4.99,6.82,0.7316715542521994,False
PE,2026-08-24,4.95,6.75,0.7333333333333334,False
PE,2026-08-31,4.95,6.75,0.7333333333333334,False
PI,2024-09-02,4.49,6.03,0.7446102819237148,False
PI,2024-09-09,4.49,6.01,0.7470881863560733,False
PI,2024-09-16,4.59,5.99,0.7662771285475792,False
PI,2024-09-23,4.49,5.99,0.7495826377295493,False
PI,2024-09-30,4.59,5.99,0.7662771285475792,False
PI,2024-10-07,4.59,5.99,0.7662771285475792,False
PI,2024-10-14,4.59,5.99,0.7662771285475792,False
PI,2024-10-21,4.59,5.99,0.7662771285475792,False
PI,2024-10-28,4.49,5.93,0.7571669477234402,False
PI,2024-11-04,4.470000000000001,5.89,0.7589134125636674,False
PI,2024-11-11,4.49,5.96,0.7533557046979866,False
PI,2024-11-18,4.49,5.99,0.7495826377295493,False
PI,2024-11-25,4.49,5.91,0.7597292724196277,False
PI,2024-12-02,4.49,5.99,0.7495826377295493,False
PI,2024-12-09,4.49,5.99,0.7495826377295493,False
PI,2024-12-16,4.59,5.99,0.7662771285475792,False
PI,2024-12-23,4.59,5.99,0.7662771285475792,False
PI,2024-12-30,4.59,5.99,0.7662771285475792,False
PI,2025-01-06,4.59,5.99,0.7662771285475792,False
PI,2025-01-13,4.59,5.99,0.7662771285475792,False
PI,2025-01-20,4.59,5.99,0.7662771285475792,False
PI,2025-01-27,4.65,5.99,0.7762938230383973,False
PI,2025-02-03,4.74,5.99,0.7913188647746244,False
PI,2025-02-10,4.79,6.17,0.7763371150729336,False
PI,2025-02-17,4.735,6.09,0.7775041050903121,False
PI,2025-02-24,4.69,6.09,0.7701149425287357,False
PI,2025-03-03,4.69,6.08,0.7713815789473685,False
PI,2025-03-10,4.69,6.0600000000000005,0.7739273927392739,False
PI,2025-03-17,4.69,6.0,0.7816666666666667,False
PI,2025-03-24,4.67,5.99,0.7796327212020033,False
PI,2025-03-31,4.69,5.99,0.7829716193656094,False
PI,2025-04-07,4.85,5.99,0.8096828046744573,False
PI,2025-04-14,4.69,5.98,0.7842809364548495,False
PI,2025-04-21,4.69,5.98,0.7842809364548495,False
PI,2025-04-28,4.67,5.98,0.7809364548494983,False
PI,2025-05-05,4.66,5.95,0.7831932773109244,False
PI,2025-05-12,4.69,5.9,0.7949152542372881,False
PI,2025-05-19,4.59,5.89,0.7792869269949066,False
PI,2025-05-26,4.59,5.79,0.7927461139896372,False
PI,2025-06-02,4.59,5.87,0.7819420783645655,False
PI,2025-06-09,4.53,5.79,0.7823834196891192,False
PI,2025-06-16,4.69,5.89,0.7962648556876062,False
PI,2025-06-23,4.75,5.94,0.7996632996632996,False
PI,2025-06-30,4.59,5.89,0.7792869269949066,False
PI,2025-07-07,4.59,5.89,0.7792869269949066,False
PI,2025-07-14,4.59,5.85,0.7846153846153846,False
PI,2025-07-21,4.59,5.88,0.7806122448979592,False
PI,2025-07-28,4.59,5.86,0.7832764505119453,False
PI,2025-08-04,4.585,5.86,0.7824232081911262,False
PI,2025-08-11,4.49,5.79,0.7754749568221071,False
PI,2025-08-18,4.59,5.79,0.7927461139896372,False
PI,2025-08-25,4.59,5.83,0.7873070325900514,False
PI,2025-09-01,4.59,5.85,0.7846153846153846,False
PI,2025-09-08,4.59,5.79,0.7927461139896372,False
PI,2025-09-15,4.49,5.78,0.7768166089965398,False
PI,2025-09-22,4.39,5.78,0.7595155709342559,False
PI,2025-09-29,4.39,5.78,0.7595155709342559,False
PI,2025-10-06,4.39,5.69,0.7715289982425306,False
PI,2025-10-13,4.39,5.79,0.7582037996545768,False
PI,2025-10-20,4.39,5.79,0.7582037996545768,False
PI,2025-10-27,4.39,5.74,0.7648083623693379,False
PI,2025-11-03,4.4350000000000005,5.715,0.7760279965004375,False
PI,2025-11-10,4.39,5.69,0.7715289982425306,False
PI,2025-11-17,4.39,5.69,0.7715289982425306,False
PI,2025-11-24,4.39,5.75,0.7634782608695652,False
PI,2025-12-01,4.49,5.79,0.7754749568221071,False
PI,2025-12-08,4.59,5.79,0.7927461139896372,False
PI,2025-12-15,4.39,5.79,0.7582037996545768,False
PI,2025-12-22,4.49,5.79,0.7754749568221071,False
PI,2025-12-29,4.59,5.79,0.7927461139896372,False
PI,2026-01-05,4.59,5.89,0.7792869269949066,False
PI,2026-01-12,4.59,5.89,0.7792869269949066,False
PI,2026-01-19,4.59,5.91,0.7766497461928934,False
PI,2026-01-26,4.59,5.92,0.7753378378378378,False
PI,2026-02-02,4.59,5.89,0.7792869269949066,False
PI,2026-02-09,4.59,5.97,0.7688442211055276,False
PI,2026-02-16,4.59,5.98,0.7675585284280936,False
PI,2026-02-23,4.66,5.99,0.7779632721202003,False
PI,2026-03-02,4.62,5.99,0.7712854757929883,False
PI,2026-03-09,4.79,6.34,0.7555205047318613,False
PI,2026-03-16,4.99,6.59,0.7572078907435509,False
PI,2026-03-23,4.99,6.69,0.7458893871449925,False
PI,2026-03-30,4.99,6.69,0.7458893871449925,False
PI,2026-05-04,4.99,6.65,0.750375939849624,False
PI,2026-05-11,4.99,6.6,0.7560606060606061,False
PI,2026-05-18,4.99,6.65,0.750375939849624,False
PI,2026-05-25,4.99,6.69,0.7458893871449925,False
PI,2026-06-01,4.99,6.69,0.7458893871449925,False
PI,2026-06-08,4.99,6.69,0.7458893871449925,False
PI,2026-06-15,4.99,6.89,0.7242380261248187,False
PI,2026-06-22,4.99,6.89,0.7242380261248187,False
PI,2026-06-29,4.99,6.89,0.7242380261248187,False
PI,2026-07-06,4.99,6.95,0.7179856115107914,False
PI,2026-07-13,4.98,6.95,0.7165467625899281,False
PI,2026-07-20,4.99,6.89,0.7242380261248187,False
PI,2026-07-27,4.99,6.89,0.7242380261248187,False
PI,2026-08-03,4.89,6.85,0.7138686131386861,False
PI,2026-08-10,4.95,6.85,0.7226277372262775,False
PI,2026-08-17,4.85,6.79,0.7142857142857142,False
PI,2026-08-24,4.85,6.79,0.7142857142857142,False
PI,2026-08-31,4.99,6.77,0.7370753323485968,False
PR,2024-09-02,4.145,6.19,0.6696284329563812,True
PR,2024-09-09,4.19,6.24,0.671474358974359,True
PR,2024-09-16,4.19,6.26,0.6693290734824282,True
PR,2024-09-23,4.19,6.24,0.671474358974359,True
PR,2024-09-30,4.19,6.19,0.6768982229402262,True
PR,2024-10-07,4.19,6.19,0.6768982229402262,True
PR,2024-10-14,4.19,6.19,0.6768982229402262,True
PR,2024-10-21,4.19,6.19,0.6768982229402262,True
PR,2024-10-28,4.24,6.19,0.6849757673667205,True
PR,2024-11-04,4.275,6.245,0.6845476381104885,True
PR,2024-11-11,4.27,6.19,0.689822294022617,True
PR,2024-11-18,4.26,6.24,0.6826923076923076,True
PR,2024-11-25,4.245,6.19,0.68578352180937,True
PR,2024-12-02,4.29,6.29,0.6820349761526232,True
PR,2024-12-09,4.33,6.29,0.6883942766295708,True
PR,2024-12-16,4.38,6.29,0.6963434022257552,True
PR,2024-12-23,4.38,6.29,0.6963434022257552,True
PR,2024-12-30,4.29,6.29,0.6820349761526232,True
PR,2025-01-06,4.29,6.29,0.6820349761526232,True
PR,2025-01-13,4.29,6.29,0.6820349761526232,True
PR,2025-01-20,4.39,6.29,0.697933227344992,True
PR,2025-01-27,4.48,6.29,0.7122416534181241,False
PR,2025-02-03,4.57,6.39,0.7151799687010956,False
PR,2025-02-10,4.575,6.59,0.6942336874051593,True
PR,2025-02-17,4.59,6.59,0.6965098634294385,True
PR,2025-02-24,4.58,6.58,0.6960486322188449,True
PR,2025-03-03,4.57,6.57,0.69558599695586,True
PR,2025-03-10,4.57,6.58,0.6945288753799392,True
PR,2025-03-17,4.49,6.57,0.6834094368340944,True
PR,2025-03-24,4.49,6.57,0.6834094368340944,True
PR,2025-03-31,4.49,6.54,0.6865443425076453,True
PR,2025-04-07,4.49,6.49,0.6918335901386748,True
PR,2025-04-14,4.485,6.49,0.6910631741140216,True
PR,2025-04-21,4.47,6.48,0.6898148148148148,True
PR,2025-04-28,4.39,6.49,0.6764252696456086,True
PR,2025-05-05,4.45,6.49,0.6856702619414484,True
PR,2025-05-12,4.39,6.47,0.6785162287480679,True
PR,2025-05-19,4.47,6.49,0.6887519260400615,True
PR,2025-05-26,4.45,6.42,0.6931464174454829,True
PR,2025-06-02,4.39,6.39,0.6870109546165885,True
PR,2025-06-09,4.39,6.39,0.6870109546165885,True
PR,2025-06-16,4.39,6.39,0.6870109546165885,True
PR,2025-06-23,4.39,6.39,0.6870109546165885,True
PR,2025-06-30,4.39,6.39,0.6870109546165885,True
PR,2025-07-07,4.39,6.39,0.6870109546165885,True
PR,2025-07-14,4.39,6.39,0.6870109546165885,True
PR,2025-07-21,4.39,6.39,0.6870109546165885,True
PR,2025-07-28,4.39,6.39,0.6870109546165885,True
PR,2025-08-04,4.39,6.39,0.6870109546165885,True
PR,2025-08-11,4.39,6.43,0.6827371695178849,True
PR,2025-08-18,4.375,6.39,0.6846635367762128,True
PR,2025-08-25,4.29,6.35,0.6755905511811024,True
PR,2025-09-01,4.39,6.39,0.6870109546165885,True
PR,2025-09-08,4.39,6.39,0.6870109546165885,True
PR,2025-09-15,4.39,6.39,0.6870109546165885,True
PR,2025-09-22,4.39,6.39,0.6870109546165885,True
PR,2025-09-29,4.39,6.39,0.6870109546165885,True
PR,2025-10-06,4.39,6.39,0.6870109546165885,True
PR,2025-10-13,4.39,6.39,0.6870109546165885,True
PR,2025-10-20,4.45,6.39,0.6964006259780908,True
PR,2025-10-27,4.39,6.39,0.6870109546165885,True
PR,2025-11-03,4.39,6.39,0.6870109546165885,True
PR,2025-11-10,4.39,6.39,0.6870109546165885,True
PR,2025-11-17,4.39,6.39,0.6870109546165885,True
PR,2025-11-24,4.39,6.39,0.6870109546165885,True
PR,2025-12-01,4.39,6.39,0.6870109546165885,True
PR,2025-12-08,4.49,6.39,0.702660406885759,False
PR,2025-12-15,4.54,6.43,0.7060653188180405,False
PR,2025-12-22,4.555,6.39,0.7128325508607198,False
PR,2025-12-29,4.545,6.39,0.7112676056338029,False
PR,2026-01-05,4.59,6.49,0.7072419106317411,False
PR,2026-01-12,4.69,6.59,0.7116843702579667,False
PR,2026-01-19,4.69,6.58,0.7127659574468086,False
PR,2026-01-26,4.69,6.58,0.7127659574468086,False
PR,2026-02-02,4.69,6.58,0.7127659574468086,False
PR,2026-02-09,4.69,6.53,0.7182235834609495,False
PR,2026-02-16,4.69,6.49,0.7226502311248074,False
PR,2026-02-23,4.69,6.535,0.7176740627390972,False
PR,2026-03-02,4.69,6.53,0.7182235834609495,False
PR,2026-03-09,4.69,6.59,0.7116843702579667,False
PR,2026-03-16,4.79,6.75,0.7096296296296296,False
PR,2026-03-23,4.89,6.99,0.6995708154506437,True
PR,2026-03-30,4.89,6.97,0.7015781922525107,False
PR,2026-04-27,4.19,6.59,0.6358118361153263,True
PR,2026-05-04,4.645,6.79,0.6840942562592046,True
PR,2026-05-11,4.585,6.79,0.6752577319587629,True
PR,2026-05-18,4.49,6.77,0.6632200886262926,True
PR,2026-05-25,4.29,6.69,0.6412556053811659,True
PR,2026-06-01,4.29,6.69,0.6412556053811659,True
PR,2026-06-08,4.34,6.69,0.6487294469357249,True
PR,2026-06-15,4.29,6.69,0.6412556053811659,True
PR,2026-06-22,4.18,6.69,0.6248131539611359,True
PR,2026-06-29,3.99,6.69,0.5964125560538116,True
PR,2026-07-06,4.09,6.69,0.6113602391629297,True
PR,2026-07-13,4.02,6.62,0.607250755287009,True
PR,2026-07-20,3.99,6.62,0.6027190332326284,True
PR,2026-07-27,3.99,6.69,0.5964125560538116,True
PR,2026-08-03,3.99,6.59,0.6054628224582701,True
PR,2026-08-10,3.99,6.59,0.6054628224582701,True
PR,2026-08-17,3.99,6.59,0.6054628224582701,True
PR,2026-08-24,3.99,6.59,0.6054628224582701,True
PR,2026-08-31,3.89,6.49,0.5993836671802774,True
RJ,2024-09-02,4.39,5.99,0.7328881469115192,False
RJ,2024-09-09,4.39,5.99,0.7328881469115192,False
RJ,2024-09-16,4.39,5.99,0.7328881469115192,False
RJ,2024-09-23,4.39,5.99,0.7328881469115192,False
RJ,2024-09-30,4.39,5.99,0.7328881469115192,False
RJ,2024-10-07,4.39,5.99,0.7328881469115192,False
RJ,2024-10-14,4.34,5.99,0.7245409015025042,False
RJ,2024-10-21,4.35,5.99,0.726210350584307,False
RJ,2024-10-28,4.39,5.99,0.7328881469115192,False
RJ,2024-11-04,4.39,5.99,0.7328881469115192,False
RJ,2024-11-11,4.48,5.99,0.7479131886477463,False
RJ,2024-11-18,4.39,5.99,0.7328881469115192,False
RJ,2024-11-25,4.415,5.99,0.7370617696160267,False
RJ,2024-12-02,4.39,5.99,0.7328881469115192,False
RJ,2024-12-09,4.48,5.99,0.7479131886477463,False
RJ,2024-12-16,4.475,5.99,0.7470784641068446,False
RJ,2024-12-23,4.49,5.99,0.7495826377295493,False
RJ,2024-12-30,4.49,6.06,0.740924092409241,False
RJ,2025-01-06,4.49,6.09,0.7372742200328408,False
RJ,2025-01-13,4.49,6.09,0.7372742200328408,False
RJ,2025-01-20,4.59,6.09,0.7536945812807881,False
RJ,2025-01-27,4.59,6.09,0.7536945812807881,False
RJ,2025-02-03,4.68,6.19,0.7560581583198707,False
RJ,2025-02-10,4.69,6.19,0.7576736672051696,False
RJ,2025-02-17,4.69,6.25,0.7504000000000001,False
RJ,2025-02-24,4.69,6.19,0.7576736672051696,False
RJ,2025-03-03,4.69,6.24,0.7516025641025641,False
RJ,2025-03-10,4.69,6.19,0.7576736672051696,False
RJ,2025-03-17,4.69,6.19,0.7576736672051696,False
RJ,2025-03-24,4.69,6.19,0.7576736672051696,False
RJ,2025-03-31,4.69,6.19,0.7576736672051696,False
RJ,2025-04-07,4.69,6.19,0.7576736672051696,False
RJ,2025-04-14,4.68,6.19,0.7560581583198707,False
RJ,2025-04-21,4.59,6.17,0.7439222042139384,False
RJ,2025-04-28,4.67,6.19,0.7544426494345718,False
RJ,2025-05-05,4.65,6.19,0.7512116316639742,False
RJ,2025-05-12,4.59,6.19,0.7415185783521808,False
RJ,2025-05-19,4.59,6.19,0.7415185783521808,False
RJ,2025-05-26,4.59,6.19,0.7415185783521808,False
RJ,2025-06-02,4.59,6.19,0.7415185783521808,False
RJ,2025-06-09,4.59,6.09,0.7536945812807881,False
RJ,2025-06-16,4.54,6.09,0.7454844006568144,False
RJ,2025-06-23,4.49,5.99,0.7495826377295493,False
RJ,2025-06-30,4.49,5.99,0.7495826377295493,False
RJ,2025-07-07,4.49,5.99,0.7495826377295493,False
RJ,2025-07-14,4.49,5.99,0.7495826377295493,False
RJ,2025-07-21,4.49,5.99,0.7495826377295493,False
RJ,2025-07-28,4.49,5.99,0.7495826377295493,False
RJ,2025-08-04,4.39,5.99,0.7328881469115192,False
RJ,2025-08-11,4.485,5.99,0.7487479131886478,False
RJ,2025-08-18,4.39,5.99,0.7328881469115192,False
RJ,2025-08-25,4.445,5.99,0.7420701168614358,False
RJ,2025-09-01,4.46,5.99,0.7445742904841403,False
RJ,2025-09-08,4.44,5.99,0.7412353923205343,False
RJ,2025-09-15,4.485,5.99,0.7487479131886478,False
RJ,2025-09-22,4.49,5.99,0.7495826377295493,False
RJ,2025-09-29,4.49,5.99,0.7495826377295493,False
RJ,2025-10-06,4.49,5.99,0.7495826377295493,False
RJ,2025-10-13,4.49,5.99,0.7495826377295493,False
RJ,2025-10-20,4.54,5.99,0.7579298831385642,False
RJ,2025-10-27,4.59,5.99,0.7662771285475792,False
RJ,2025-11-03,4.49,5.99,0.7495826377295493,False
RJ,2025-11-10,4.49,5.99,0.7495826377295493,False
RJ,2025-11-17,4.59,5.99,0.7662771285475792,False
RJ,2025-11-24,4.59,5.99,0.7662771285475792,False
RJ,2025-12-01,4.59,5.99,0.7662771285475792,False
RJ,2025-12-08,4.69,5.99,0.7829716193656094,False
RJ,2025-12-15,4.69,5.99,0.7829716193656094,False
RJ,2025-12-22,4.69,6.03,0.7777777777777778,False
RJ,2025-12-29,4.79,6.03,0.7943615257048092,False
RJ,2026-01-05,4.79,6.19,0.7738287560581583,False
RJ,2026-01-12,4.89,6.19,0.7899838449111469,False
RJ,2026-01-19,4.96,6.19,0.801292407108239,False
RJ,2026-01-26,4.99,6.19,0.8061389337641357,False
RJ,2026-02-02,4.99,6.19,0.8061389337641357,False
RJ,2026-02-09,4.99,6.19,0.8061389337641357,False
RJ,2026-02-16,4.99,6.19,0.8061389337641357,False
RJ,2026-02-23,4.99,6.19,0.8061389337641357,False
RJ,2026-03-02,4.99,6.19,0.8061389337641357,False
RJ,2026-03-09,5.0600000000000005,6.29,0.8044515103338633,False
RJ,2026-03-16,5.09,6.49,0.7842835130970723,False
RJ,2026-03-23,5.19,6.79,0.764359351988218,False
RJ,2026-03-30,5.140000000000001,6.69,0.7683109118086697,False
RJ,2026-04-27,5.29,6.970000000000001,0.7589670014347202,False
RJ,2026-05-04,4.99,6.75,0.7392592592592593,False
RJ,2026-05-11,4.99,6.69,0.7458893871449925,False
RJ,2026-05-18,4.89,6.64,0.7364457831325301,False
RJ,2026-05-25,4.89,6.65,0.7353383458646615,False
RJ,2026-06-01,4.89,6.645,0.7358916478555305,False
RJ,2026-06-08,4.89,6.69,0.7309417040358743,False
RJ,2026-06-15,4.89,6.79,0.7201767304860088,False
RJ,2026-06-22,4.89,6.79,0.7201767304860088,False
RJ,2026-06-29,4.85,6.69,0.7249626307922271,False
RJ,2026-07-06,4.89,6.79,0.7201767304860088,False
RJ,2026-07-13,4.79,6.59,0.7268588770864947,False
RJ,2026-07-20,4.79,6.59,0.7268588770864947,False
RJ,2026-07-27,4.79,6.69,0.7159940209267563,False
RJ,2026-08-03,4.79,6.64,0.7213855421686748,False
RJ,2026-08-10,4.765,6.65,0.7165413533834586,False
RJ,2026-08-17,4.69,6.59,0.7116843702579667,False
RJ,2026-08-24,4.74,6.59,0.7192716236722307,False
RJ,2026-08-31,4.69,6.49,0.7226502311248074,False
RN,2024-09-02,4.99,6.29,0.7933227344992051,False
RN,2024-09-09,4.95,6.21,0.7971014492753623,False
RN,2024-09-16,4.89,6.16,0.7938311688311688,False
RN,2024-09-23,4.89,6.19,0.7899838449111469,False
RN,2024-09-30,4.85,6.22,0.7797427652733119,False
RN,2024-10-07,4.99,6.39,0.780907668231612,False
RN,2024-10-14,4.99,6.39,0.780907668231612,False
RN,2024-10-21,4.81,6.38,0.7539184952978056,False
RN,2024-10-28,4.39,6.19,0.7092084006462035,False
RN,2024-11-04,4.75,6.39,0.7433489827856026,False
RN,2024-11-11,4.29,6.39,0.6713615023474179,True
RN,2024-11-18,4.39,6.19,0.7092084006462035,False
RN,2024-11-25,3.99,6.140000000000001,0.6498371335504886,True
RN,2024-12-02,4.99,6.59,0.7572078907435509,False
RN,2024-12-09,4.95,6.59,0.7511380880121397,False
RN,2024-12-16,4.95,6.65,0.7443609022556391,False
RN,2024-12-23,4.79,6.5,0.7369230769230769,False
RN,2024-12-30,4.92,6.65,0.7398496240601503,False
RN,2025-01-06,4.415,6.19,0.7132471728594507,False
RN,2025-01-13,4.49,6.39,0.702660406885759,False
RN,2025-01-20,4.49,6.57,0.6834094368340944,True
RN,2025-01-27,4.99,6.64,0.7515060240963856,False
RN,2025-02-03,5.29,6.755,0.7831236121391562,False
RN,2025-02-10,5.1850000000000005,6.73,0.7704309063893017,False
RN,2025-02-17,4.99,6.69,0.7458893871449925,False
RN,2025-02-24,5.14,6.67,0.7706146926536731,False
RN,2025-03-03,5.045,6.62,0.7620845921450151,False
RN,2025-03-10,4.99,6.59,0.7572078907435509,False
RN,2025-03-17,4.985,6.58,0.7575987841945289,False
RN,2025-03-24,4.97,6.49,0.7657935285053928,False
RN,2025-03-31,4.97,6.57,0.7564687975646879,False
RN,2025-04-07,4.93,6.465,0.7625676720804331,False
RN,2025-04-14,4.89,6.29,0.7774244833068362,False
RN,2025-04-21,4.96,6.48,0.7654320987654321,False
RN,2025-04-28,4.99,6.64,0.7515060240963856,False
RN,2025-05-05,5.15,6.64,0.7756024096385543,False
RN,2025-05-12,4.99,6.335,0.7876874506708761,False
RN,2025-05-19,4.95,6.345000000000001,0.7801418439716311,False
RN,2025-05-26,4.95,6.32,0.7832278481012658,False
RN,2025-06-02,4.95,6.09,0.812807881773399,False
RN,2025-06-09,4.95,6.42,0.7710280373831776,False
RN,2025-06-16,5.29,6.58,0.8039513677811551,False
RN,2025-06-23,5.33,6.58,0.8100303951367781,False
RN,2025-06-30,5.19,6.39,0.8122065727699531,False
RN,2025-07-07,5.09,6.19,0.8222940226171244,False
RN,2025-07-14,4.99,6.140000000000001,0.8127035830618892,False
RN,2025-07-21,4.904999999999999,5.93,0.827150084317032,False
RN,2025-07-28,4.89,5.895,0.8295165394402035,False
RN,2025-08-04,4.99,6.06,0.8234323432343236,False
RN,2025-08-11,5.29,6.48,0.816358024691358,False
RN,2025-08-18,5.19,6.45,0.8046511627906977,False
RN,2025-08-25,5.19,6.27,0.8277511961722489,False
RN,2025-09-01,5.18,6.25,0.8288,False
RN,2025-09-08,4.99,6.09,0.8193760262725781,False
RN,2025-09-15,4.99,5.99,0.8330550918196995,False
RN,2025-09-22,5.19,6.19,0.8384491114701131,False
RN,2025-09-29,4.99,5.99,0.8330550918196995,False
RN,2025-10-06,4.94,6.19,0.7980613893376414,False
RN,2025-10-13,5.395,6.54,0.8249235474006116,False
RN,2025-10-20,5.195,6.36,0.8168238993710691,False
RN,2025-10-27,5.1,6.25,0.816,False
RN,2025-11-03,4.89,6.19,0.7899838449111469,False
RN,2025-11-10,4.79,6.1,0.7852459016393443,False
RN,2025-11-17,4.69,5.99,0.7829716193656094,False
RN,2025-11-24,4.39,5.94,0.739057239057239,False
RN,2025-12-01,4.59,5.99,0.7662771285475792,False
RN,2025-12-08,4.5,5.94,0.7575757575757576,False
RN,2025-12-15,4.39,5.89,0.7453310696095077,False
RN,2025-12-22,4.39,5.94,0.739057239057239,False
RN,2025-12-29,4.640000000000001,5.89,0.7877758913412565,False
RN,2026-01-05,5.34,6.59,0.8103186646433991,False
RN,2026-01-12,5.59,6.59,0.8482549317147192,False
RN,2026-01-19,5.54,6.59,0.8406676783004553,False
RN,2026-01-26,5.54,6.59,0.8406676783004553,False
RN,2026-02-02,5.54,6.59,0.8406676783004553,False
RN,2026-02-09,5.515000000000001,6.57,0.8394216133942162,False
RN,2026-02-16,5.37,6.58,0.8161094224924013,False
RN,2026-02-23,5.59,6.59,0.8482549317147192,False
RN,2026-03-02,5.54,6.59,0.8406676783004553,False
RN,2026-03-09,5.98,6.99,0.8555078683834049,False
RN,2026-03-16,5.99,7.29,0.8216735253772292,False
RN,2026-03-23,5.93,7.29,0.813443072702332,False
RN,2026-03-30,5.5649999999999995,6.895,0.8071065989847716,False
RN,2026-04-27,5.59,6.415,0.8713951675759938,False
RN,2026-05-04,5.78,6.79,0.8512518409425627,False
RN,2026-05-11,5.785,6.87,0.8420669577874819,False
RN,2026-05-18,5.745,6.78,0.8473451327433628,False
RN,2026-05-25,5.59,6.76,0.826923076923077,False
RN,2026-06-01,5.59,6.75,0.8281481481481481,False
RN,2026-06-08,5.585,6.765000000000001,0.8255728011825572,False
RN,2026-06-15,5.49,6.97,0.787661406025825,False
RN,2026-06-22,5.58,6.99,0.7982832618025751,False
RN,2026-06-29,5.49,6.99,0.7854077253218884,False
RN,2026-07-06,5.39,6.89,0.7822931785195936,False
RN,2026-07-13,5.49,6.89,0.7968069666182874,False
RN,2026-07-20,5.49,6.89,0.7968069666182874,False
RN,2026-07-27,5.47,6.89,0.7939042089985486,False
RN,2026-08-03,5.48,6.785,0.8076639646278556,False
RN,2026-08-10,5.09,6.69,0.7608370702541105,False
RN,2026-08-17,5.19,6.67,0.7781109445277362,False
RN,2026-08-24,4.99,6.62,0.7537764350453172,False
RN,2026-08-31,5.49,6.99,0.7854077253218884,False
RO,2024-09-02,4.99,6.88,0.7252906976744187,False
RO,2024-09-09,4.99,6.88,0.7252906976744187,False
RO,2024-09-16,4.99,6.88,0.7252906976744187,False
RO,2024-09-23,4.99,6.88,0.7252906976744187,False
RO,2024-09-30,4.99,6.88,0.7252906976744187,False
RO,2024-10-07,4.99,6.84,0.7295321637426901,False
RO,2024-10-14,5.39,7.14,0.7549019607843137,False
RO,2024-10-21,5.34,7.26,0.7355371900826446,False
RO,2024-10-28,5.24,7.05,0.7432624113475178,False
RO,2024-11-04,5.1,7.16,0.712290502793296,False
RO,2024-11-11,5.145,7.08,0.7266949152542372,False
RO,2024-11-18,5.1,7.2,0.7083333333333333,False
RO,2024-11-25,5.15,7.04,0.7315340909090909,False
RO,2024-12-02,5.17,7.01,0.7375178316690443,False
RO,2024-12-09,5.165,7.035,0.7341862117981521,False
RO,2024-12-16,4.99,7.0,0.7128571428571429,False
RO,2024-12-23,5.09,6.99,0.7281831187410586,False
RO,2024-12-30,4.99,6.99,0.7138769670958512,False
RO,2025-01-06,4.99,6.99,0.7138769670958512,False
RO,2025-01-13,4.99,6.97,0.7159253945480631,False
RO,2025-01-20,4.99,6.97,0.7159253945480631,False
RO,2025-01-27,5.02,6.97,0.7202295552367288,False
RO,2025-02-03,5.34,7.16,0.7458100558659218,False
RO,2025-02-10,5.18,7.16,0.723463687150838,False
RO,2025-02-17,5.09,7.15,0.7118881118881119,False
RO,2025-02-24,5.05,7.18,0.7033426183844012,False
RO,2025-03-03,5.09,7.04,0.7230113636363636,False
RO,2025-03-10,5.09,7.02,0.7250712250712251,False
RO,2025-03-17,5.130000000000001,6.99,0.7339055793991417,False
RO,2025-03-24,5.09,6.99,0.7281831187410586,False
RO,2025-03-31,5.34,6.99,0.7639484978540773,False
RO,2025-04-07,5.34,6.99,0.7639484978540773,False
RO,2025-04-14,4.99,6.99,0.7138769670958512,False
RO,2025-04-21,4.99,6.985,0.7143879742304939,False
RO,2025-04-28,4.9,6.98,0.7020057306590258,False
RO,2025-05-05,4.89,6.97,0.7015781922525107,False
RO,2025-05-12,4.99,6.98,0.7148997134670487,False
RO,2025-05-19,4.99,6.97,0.7159253945480631,False
RO,2025-05-26,4.99,6.97,0.7159253945480631,False
RO,2025-06-02,4.99,6.97,0.7159253945480631,False
RO,2025-06-09,4.99,6.885,0.7247639796659405,False
RO,2025-06-16,5.29,6.89,0.7677793904208999,False
RO,2025-06-23,5.29,6.89,0.7677793904208999,False
RO,2025-06-30,4.99,6.89,0.7242380261248187,False
RO,2025-07-07,4.99,6.89,0.7242380261248187,False
RO,2025-07-14,4.99,6.89,0.7242380261248187,False
RO,2025-07-21,4.99,6.79,0.7349042709867453,False
RO,2025-07-28,4.99,6.79,0.7349042709867453,False
RO,2025-08-04,4.99,6.77,0.7370753323485968,False
RO,2025-08-11,4.970000000000001,6.805,0.7303453343130053,False
RO,2025-08-18,4.970000000000001,6.77,0.7341211225997047,False
RO,2025-08-25,4.95,6.77,0.7311669128508125,False
RO,2025-09-01,4.970000000000001,6.76,0.7352071005917161,False
RO,2025-09-08,5.39,6.97,0.7733142037302726,False
RO,2025-09-15,5.470000000000001,6.97,0.7847919655667146,False
RO,2025-09-22,5.39,6.95,0.7755395683453237,False
RO,2025-09-29,5.39,6.79,0.7938144329896907,False
RO,2025-10-06,5.39,6.79,0.7938144329896907,False
RO,2025-10-13,5.39,6.859999999999999,0.7857142857142857,False
RO,2025-10-20,5.39,6.859999999999999,0.7857142857142857,False
RO,2025-10-27,5.4399999999999995,6.875,0.7912727272727272,False
RO,2025-11-03,5.39,6.785,0.7943994104642593,False
RO,2025-11-10,5.39,6.785,0.7943994104642593,False
RO,2025-11-17,5.39,6.79,0.7938144329896907,False
RO,2025-11-24,5.39,6.785,0.7943994104642593,False
RO,2025-12-01,5.39,6.79,0.7938144329896907,False
RO,2025-12-08,5.39,6.79,0.7938144329896907,False
RO,2025-12-15,5.39,6.785,0.7943994104642593,False
RO,2025-12-22,5.39,6.77,0.7961595273264401,False
RO,2025-12-29,5.39,6.79,0.7938144329896907,False
RO,2026-01-05,5.49,6.97,0.787661406025825,False
RO,2026-01-12,5.49,6.97,0.787661406025825,False
RO,2026-01-19,5.49,6.97,0.787661406025825,False
RO,2026-01-26,5.49,6.97,0.787661406025825,False
RO,2026-02-02,5.49,6.97,0.787661406025825,False
RO,2026-02-09,5.49,6.97,0.787661406025825,False
RO,2026-02-16,5.49,6.965,0.7882268485283561,False
RO,2026-02-23,5.49,6.96,0.7887931034482759,False
RO,2026-03-02,5.49,6.97,0.787661406025825,False
RO,2026-03-09,5.59,7.12,0.7851123595505618,False
RO,2026-03-16,5.6,7.355,0.7613868116927259,False
RO,2026-03-23,5.68,7.38,0.7696476964769647,False
RO,2026-03-30,5.69,7.55,0.7536423841059603,False
RO,2026-05-04,5.67,7.445,0.7615849563465412,False
RO,2026-05-11,5.68,7.45,0.7624161073825503,False
RO,2026-05-18,5.635,7.415,0.7599460552933243,False
RO,2026-05-25,5.6,7.39,0.7577807848443843,False
RO,2026-06-01,5.6,7.4,0.7567567567567567,False
RO,2026-06-08,5.57,7.39,0.7537212449255751,False
RO,2026-06-15,5.57,7.39,0.7537212449255751,False
RO,2026-06-22,5.6,7.39,0.7577807848443843,False
RO,2026-06-29,5.57,7.39,0.7537212449255751,False
RO,2026-07-06,5.57,7.39,0.7537212449255751,False
RO,2026-07-13,5.49,7.39,0.742895805142084,False
RO,2026-07-20,5.43,7.39,0.7347767253044655,False
RO,2026-07-27,5.38,7.37,0.7299864314789688,False
RO,2026-08-03,5.38,7.37,0.7299864314789688,False
RO,2026-08-10,5.32,7.37,0.7218453188602443,False
RO,2026-08-17,5.295,7.37,0.7184531886024423,False
RO,2026-08-24,5.275,7.39,0.7138024357239514,False
RO,2026-08-31,5.345000000000001,7.39,0.7232746955345062,False
RR,2024-09-02,4.79,6.57,0.7290715372907154,False
RR,2024-09-09,4.79,6.57,0.7290715372907154,False
RR,2024-09-16,4.79,6.57,0.7290715372907154,False
RR,2024-09-23,4.79,6.57,0.7290715372907154,False
RR,2024-09-30,4.79,6.57,0.7290715372907154,False
RR,2024-10-07,4.85,6.57,0.7382039573820395,False
RR,2024-10-14,4.9,6.69,0.7324364723467862,False
RR,2024-10-21,4.99,6.83,0.7306002928257687,False
RR,2024-10-28,4.970000000000001,6.83,0.7276720351390923,False
RR,2024-11-04,4.99,6.83,0.7306002928257687,False
RR,2024-11-11,4.99,6.83,0.7306002928257687,False
RR,2024-11-18,5.15,6.83,0.7540263543191801,False
RR,2024-11-25,5.15,6.89,0.7474600870827287,False
RR,2024-12-02,5.175000000000001,6.89,0.7510885341074022,False
RR,2024-12-09,5.15,6.89,0.7474600870827287,False
RR,2024-12-16,5.15,6.89,0.7474600870827287,False
RR,2024-12-23,5.15,6.89,0.7474600870827287,False
RR,2024-12-30,5.15,6.89,0.7474600870827287,False
RR,2025-01-06,5.15,6.89,0.7474600870827287,False
RR,2025-01-13,5.15,6.89,0.7474600870827287,False
RR,2025-01-20,5.1,6.89,0.7402031930333817,False
RR,2025-01-27,5.1,6.89,0.7402031930333817,False
RR,2025-02-03,5.05,7.09,0.7122708039492243,False
RR,2025-02-10,5.25,7.09,0.7404795486600847,False
RR,2025-02-17,5.2,7.09,0.7334273624823696,False
RR,2025-02-24,5.2,7.09,0.7334273624823696,False
RR,2025-03-03,5.175000000000001,7.09,0.7299012693935121,False
RR,2025-03-10,5.2,7.09,0.7334273624823696,False
RR,2025-03-17,5.15,7.09,0.7263751763046545,False
RR,2025-03-24,5.15,6.99,0.7367668097281831,False
RR,2025-03-31,5.15,6.99,0.7367668097281831,False
RR,2025-04-07,5.15,6.99,0.7367668097281831,False
RR,2025-04-14,5.15,6.99,0.7367668097281831,False
RR,2025-04-21,5.15,6.95,0.7410071942446044,False
RR,2025-04-28,5.15,6.95,0.7410071942446044,False
RR,2025-05-05,5.15,6.95,0.7410071942446044,False
RR,2025-05-12,5.15,6.95,0.7410071942446044,False
RR,2025-05-19,5.15,6.95,0.7410071942446044,False
RR,2025-05-26,5.15,6.95,0.7410071942446044,False
RR,2025-06-02,5.15,6.95,0.7410071942446044,False
RR,2025-06-09,5.15,6.95,0.7410071942446044,False
RR,2025-06-16,5.15,6.95,0.7410071942446044,False
RR,2025-06-23,5.15,6.95,0.7410071942446044,False
RR,2025-06-30,5.15,6.95,0.7410071942446044,False
RR,2025-07-07,5.15,6.95,0.7410071942446044,False
RR,2025-07-14,5.15,6.95,0.7410071942446044,False
RR,2025-07-21,5.15,6.95,0.7410071942446044,False
RR,2025-07-28,5.15,6.95,0.7410071942446044,False
RR,2025-08-04,5.15,6.95,0.7410071942446044,False
RR,2025-08-11,5.15,6.95,0.7410071942446044,False
RR,2025-08-18,5.15,6.95,0.7410071942446044,False
RR,2025-08-25,5.15,6.95,0.7410071942446044,False
RR,2025-09-01,5.15,6.95,0.7410071942446044,False
RR,2025-09-08,5.15,6.95,0.7410071942446044,False
RR,2025-09-15,5.15,6.95,0.7410071942446044,False
RR,2025-09-22,5.15,6.95,0.7410071942446044,False
RR,2025-09-29,5.15,6.95,0.7410071942446044,False
RR,2025-10-06,5.15,6.95,0.7410071942446044,False
RR,2025-10-13,5.15,6.95,0.7410071942446044,False
RR,2025-10-20,5.15,6.95,0.7410071942446044,False
RR,2025-10-27,5.15,6.95,0.7410071942446044,False
RR,2025-11-03,5.15,6.95,0.7410071942446044,False
RR,2025-11-10,5.15,6.95,0.7410071942446044,False
RR,2025-11-17,5.15,6.95,0.7410071942446044,False
RR,2025-11-24,5.15,6.95,0.7410071942446044,False
RR,2025-12-01,5.05,6.7,0.753731343283582,False
RR,2025-12-08,5.05,6.7,0.753731343283582,False
RR,2025-12-15,5.245,6.7,0.7828358208955224,False
RR,2025-12-22,5.29,6.7,0.7895522388059701,False
RR,2025-12-29,5.29,6.7,0.7895522388059701,False
RR,2026-01-05,5.29,6.7,0.7895522388059701,False
RR,2026-01-12,5.29,6.95,0.7611510791366907,False
RR,2026-01-19,5.29,6.95,0.7611510791366907,False
RR,2026-01-26,5.29,6.95,0.7611510791366907,False
RR,2026-02-02,5.29,6.95,0.7611510791366907,False
RR,2026-02-09,5.29,6.95,0.7611510791366907,False
RR,2026-02-16,5.29,6.95,0.7611510791366907,False
RR,2026-02-23,5.29,6.95,0.7611510791366907,False
RR,2026-03-02,5.29,6.95,0.7611510791366907,False
RR,2026-03-09,5.29,7.15,0.7398601398601399,False
RR,2026-03-16,5.49,7.55,0.7271523178807947,False
RR,2026-03-23,5.49,7.9,0.6949367088607595,True
RR,2026-03-30,5.49,7.9,0.6949367088607595,True
RR,2026-05-04,5.49,7.7,0.712987012987013,False
RR,2026-05-11,5.49,7.7,0.712987012987013,False
RR,2026-05-18,5.49,7.7,0.712987012987013,False
RR,2026-05-25,5.49,7.7,0.712987012987013,False
RR,2026-06-01,5.49,7.7,0.712987012987013,False
RR,2026-06-08,5.45,7.7,0.7077922077922078,False
RR,2026-06-15,5.45,7.7,0.7077922077922078,False
RR,2026-06-22,5.45,7.69,0.7087126137841352,False
RR,2026-06-29,5.43,7.59,0.7154150197628458,False
RR,2026-07-06,5.43,7.58,0.7163588390501319,False
RR,2026-07-13,5.41,7.57,0.714663143989432,False
RR,2026-07-20,5.41,7.57,0.714663143989432,False
RR,2026-07-27,5.41,7.57,0.714663143989432,False
RR,2026-08-03,5.41,7.57,0.714663143989432,False
RR,2026-08-10,5.41,7.57,0.714663143989432,False
RR,2026-08-17,5.4,7.57,0.71334214002642,False
RR,2026-08-24,5.4,7.57,0.71334214002642,False
RR,2026-08-31,5.4,7.57,0.71334214002642,False
RS,2024-09-02,4.69,6.135,0.7644661776691117,False
RS,2024-09-09,4.69,6.15,0.7626016260162601,False
RS,2024-09-16,4.69,6.14,0.7638436482084692,False
RS,2024-09-23,4.69,6.135,0.7644661776691117,False
RS,2024-09-30,4.69,6.14,0.7638436482084692,False
RS,2024-10-07,4.69,6.09,0.7701149425287357,False
RS,2024-10-14,4.69,6.08,0.7713815789473685,False
RS,2024-10-21,4.69,6.06,0.773927392739274,False
RS,2024-10-28,4.69,6.03,0.7777777777777778,False
RS,2024-11-04,4.59,6.0,0.765,False
RS,2024-11-11,4.69,6.035,0.7771333885666943,False
RS,2024-11-18,4.69,5.99,0.7829716193656094,False
RS,2024-11-25,4.69,6.04,0.7764900662251656,False
RS,2024-12-02,4.69,6.04,0.7764900662251656,False
RS,2024-12-09,4.69,5.99,0.7829716193656094,False
RS,2024-12-16,4.6850000000000005,5.99,0.7821368948247079,False
RS,2024-12-23,4.69,6.09,0.7701149425287357,False
RS,2024-12-30,4.725,6.09,0.7758620689655172,False
RS,2025-01-06,4.69,5.99,0.7829716193656094,False
RS,2025-01-13,4.69,5.99,0.7829716193656094,False
RS,2025-01-20,4.69,5.99,0.7829716193656094,False
RS,2025-01-27,4.69,6.06,0.773927392739274,False
RS,2025-02-03,4.89,6.29,0.7774244833068362,False
RS,2025-02-10,4.89,6.29,0.7774244833068362,False
RS,2025-02-17,4.89,6.29,0.7774244833068362,False
RS,2025-02-24,4.89,6.29,0.7774244833068362,False
RS,2025-03-03,4.79,6.29,0.7615262321144675,False
RS,2025-03-10,4.89,6.29,0.7774244833068362,False
RS,2025-03-17,4.89,6.415,0.7622759158222915,False
RS,2025-03-24,4.99,6.4,0.7796875,False
RS,2025-03-31,4.99,6.39,0.780907668231612,False
RS,2025-04-07,4.89,6.37,0.7676609105180533,False
RS,2025-04-14,4.89,6.365,0.7682639434406912,False
RS,2025-04-21,4.89,6.29,0.7774244833068362,False
RS,2025-04-28,4.89,6.29,0.7774244833068362,False
RS,2025-05-05,4.89,6.26,0.7811501597444089,False
RS,2025-05-12,4.89,6.25,0.7824,False
RS,2025-05-19,4.89,6.24,0.783653846153846,False
RS,2025-05-26,4.89,6.18,0.7912621359223301,False
RS,2025-06-02,4.82,6.19,0.778675282714055,False
RS,2025-06-09,4.79,6.09,0.7865353037766831,False
RS,2025-06-16,4.79,5.99,0.7996661101836394,False
RS,2025-06-23,4.869999999999999,6.015000000000001,0.8096425602660015,False
RS,2025-06-30,4.89,6.09,0.8029556650246306,False
RS,2025-07-07,4.79,6.19,0.7738287560581583,False
RS,2025-07-14,4.85,6.25,0.7759999999999999,False
RS,2025-07-21,4.79,6.245,0.767013610888711,False
RS,2025-07-28,4.82,6.19,0.778675282714055,False
RS,2025-08-04,4.79,6.19,0.7738287560581583,False
RS,2025-08-11,4.79,6.09,0.7865353037766831,False
RS,2025-08-18,4.84,6.07,0.7973640856672157,False
RS,2025-08-25,4.79,5.99,0.7996661101836394,False
RS,2025-09-01,4.79,5.99,0.7996661101836394,False
RS,2025-09-08,4.79,5.99,0.7996661101836394,False
RS,2025-09-15,4.79,5.99,0.7996661101836394,False
RS,2025-09-22,4.79,6.25,0.7664,False
RS,2025-09-29,4.79,6.26,0.7651757188498403,False
RS,2025-10-06,4.79,6.26,0.7651757188498403,False
RS,2025-10-13,4.79,6.25,0.7664,False
RS,2025-10-20,4.79,6.25,0.7664,False
RS,2025-10-27,4.79,6.19,0.7738287560581583,False
RS,2025-11-03,4.79,6.19,0.7738287560581583,False
RS,2025-11-10,4.79,6.19,0.7738287560581583,False
RS,2025-11-17,4.82,6.19,0.778675282714055,False
RS,2025-11-24,4.89,6.19,0.7899838449111469,False
RS,2025-12-01,4.79,6.25,0.7664,False
RS,2025-12-08,4.79,6.25,0.7664,False
RS,2025-12-15,4.79,6.22,0.7700964630225081,False
RS,2025-12-22,4.89,6.19,0.7899838449111469,False
RS,2025-12-29,4.99,6.25,0.7984,False
RS,2026-01-05,4.99,6.39,0.780907668231612,False
RS,2026-01-12,4.99,6.39,0.780907668231612,False
RS,2026-01-19,4.99,6.375,0.7827450980392158,False
RS,2026-01-26,4.99,6.29,0.7933227344992051,False
RS,2026-02-02,4.99,6.29,0.7933227344992051,False
RS,2026-02-09,4.99,6.29,0.7933227344992051,False
RS,2026-02-16,4.99,6.29,0.7933227344992051,False
RS,2026-02-23,4.99,6.275,0.7952191235059761,False
RS,2026-03-02,4.99,6.26,0.7971246006389777,False
RS,2026-03-09,4.99,6.39,0.780907668231612,False
RS,2026-03-16,5.09,6.49,0.7842835130970723,False
RS,2026-03-23,5.19,6.64,0.7816265060240964,False
RS,2026-03-30,5.1850000000000005,6.59,0.7867981790591807,False
RS,2026-04-27,5.29,6.69,0.7907324364723467,False
RS,2026-05-04,5.09,6.49,0.7842835130970723,False
RS,2026-05-11,4.99,6.49,0.7688751926040062,False
RS,2026-05-18,4.99,6.49,0.7688751926040062,False
RS,2026-05-25,4.99,6.39,0.780907668231612,False
RS,2026-06-01,4.99,6.39,0.780907668231612,False
RS,2026-06-08,4.89,6.39,0.7652582159624413,False
RS,2026-06-15,4.89,6.39,0.7652582159624413,False
RS,2026-06-22,4.84,6.46,0.7492260061919505,False
RS,2026-06-29,4.79,6.39,0.7496087636932708,False
RS,2026-07-06,4.79,6.29,0.7615262321144675,False
RS,2026-07-13,4.79,6.29,0.7615262321144675,False
RS,2026-07-20,4.79,6.255,0.7657873701039168,False
RS,2026-07-27,4.779999999999999,6.29,0.7599364069952305,False
RS,2026-08-03,4.69,6.29,0.7456279809220986,False
RS,2026-08-10,4.59,6.29,0.7297297297297297,False
RS,2026-08-17,4.69,6.265,0.7486033519553074,False
RS,2026-08-24,4.69,6.19,0.7576736672051696,False
RS,2026-08-31,4.39,5.99,0.7328881469115192,False
SC,2024-09-02,4.39,6.09,0.7208538587848933,False
SC,2024-09-09,4.39,6.09,0.7208538587848933,False
SC,2024-09-16,4.39,6.09,0.7208538587848933,False
SC,2024-09-23,4.39,6.09,0.7208538587848933,False
SC,2024-09-30,4.39,6.13,0.7161500815660685,False
SC,2024-10-07,4.49,6.27,0.7161084529505582,False
SC,2024-10-14,4.49,6.27,0.7161084529505582,False
SC,2024-10-21,4.49,6.27,0.7161084529505582,False
SC,2024-10-28,4.49,6.27,0.7161084529505582,False
SC,2024-11-04,4.515000000000001,6.27,0.7200956937799045,False
SC,2024-11-11,4.59,6.27,0.7320574162679426,False
SC,2024-11-18,4.58,6.27,0.7304625199362043,False
SC,2024-11-25,4.58,6.27,0.7304625199362043,False
SC,2024-12-02,4.59,6.27,0.7320574162679426,False
SC,2024-12-09,4.59,6.27,0.7320574162679426,False
SC,2024-12-16,4.59,6.27,0.7320574162679426,False
SC,2024-12-23,4.56,6.27,0.7272727272727273,False
SC,2024-12-30,4.56,6.27,0.7272727272727273,False
SC,2025-01-06,4.58,6.27,0.7304625199362043,False
SC,2025-01-13,4.59,6.27,0.7320574162679426,False
SC,2025-01-20,4.59,6.27,0.7320574162679426,False
SC,2025-01-27,4.65,6.275,0.7410358565737052,False
SC,2025-02-03,4.69,6.49,0.7226502311248074,False
SC,2025-02-10,4.79,6.57,0.7290715372907154,False
SC,2025-02-17,4.79,6.55,0.7312977099236642,False
SC,2025-02-24,4.79,6.56,0.7301829268292683,False
SC,2025-03-03,4.79,6.56,0.7301829268292683,False
SC,2025-03-10,4.79,6.55,0.7312977099236642,False
SC,2025-03-17,4.93,6.57,0.7503805175038051,False
SC,2025-03-24,4.79,6.49,0.7380585516178736,False
SC,2025-03-31,4.79,6.49,0.7380585516178736,False
SC,2025-04-07,4.88,6.51,0.7496159754224271,False
SC,2025-04-14,4.79,6.49,0.7380585516178736,False
SC,2025-04-21,4.79,6.49,0.7380585516178736,False
SC,2025-04-28,4.79,6.49,0.7380585516178736,False
SC,2025-05-05,4.805,6.49,0.7403697996918335,False
SC,2025-05-12,4.79,6.49,0.7380585516178736,False
SC,2025-05-19,4.79,6.49,0.7380585516178736,False
SC,2025-05-26,4.79,6.44,0.7437888198757764,False
SC,2025-06-02,4.79,6.44,0.7437888198757764,False
SC,2025-06-09,4.79,6.39,0.7496087636932708,False
SC,2025-06-16,4.77,6.39,0.7464788732394366,False
SC,2025-06-23,4.69,6.33,0.740916271721959,False
SC,2025-06-30,4.69,6.355,0.7380015735641228,False
SC,2025-07-07,4.720000000000001,6.36,0.7421383647798743,False
SC,2025-07-14,4.69,6.36,0.7374213836477987,False
SC,2025-07-21,4.69,6.32,0.7420886075949368,False
SC,2025-07-28,4.69,6.29,0.7456279809220986,False
SC,2025-08-04,4.69,6.29,0.7456279809220986,False
SC,2025-08-11,4.68,6.29,0.7440381558028616,False
SC,2025-08-18,4.6850000000000005,6.29,0.7448330683624802,False
SC,2025-08-25,4.69,6.29,0.7456279809220986,False
SC,2025-09-01,4.69,6.27,0.7480063795853271,False
SC,2025-09-08,4.69,6.29,0.7456279809220986,False
SC,2025-09-15,4.69,6.27,0.7480063795853271,False
SC,2025-09-22,4.69,6.27,0.7480063795853271,False
SC,2025-09-29,4.69,6.27,0.7480063795853271,False
SC,2025-10-06,4.69,6.29,0.7456279809220986,False
SC,2025-10-13,4.69,6.29,0.7456279809220986,False
SC,2025-10-20,4.69,6.29,0.7456279809220986,False
SC,2025-10-27,4.69,6.26,0.7492012779552717,False
SC,2025-11-03,4.69,6.24,0.7516025641025641,False
SC,2025-11-10,4.69,6.22,0.7540192926045017,False
SC,2025-11-17,4.69,6.24,0.7516025641025641,False
SC,2025-11-24,4.69,6.24,0.7516025641025641,False
SC,2025-12-01,4.69,6.24,0.7516025641025641,False
SC,2025-12-08,4.69,6.26,0.7492012779552717,False
SC,2025-12-15,4.69,6.31,0.7432646592709985,False
SC,2025-12-22,4.79,6.29,0.7615262321144675,False
SC,2025-12-29,4.79,6.29,0.7615262321144675,False
SC,2026-01-05,4.89,6.39,0.7652582159624413,False
SC,2026-01-12,4.94,6.47,0.7635239567233386,False
SC,2026-01-19,4.95,6.47,0.7650695517774344,False
SC,2026-01-26,4.965,6.47,0.767387944358578,False
SC,2026-02-02,4.97,6.47,0.768160741885626,False
SC,2026-02-09,4.97,6.475,0.7675675675675676,False
SC,2026-02-16,4.98,6.46,0.7708978328173375,False
SC,2026-02-23,4.99,6.45,0.7736434108527132,False
SC,2026-03-02,4.975,6.47,0.7689335394126738,False
SC,2026-03-09,4.99,6.47,0.7712519319938177,False
SC,2026-03-16,4.99,6.58,0.7583586626139818,False
SC,2026-03-23,5.050000000000001,6.79,0.7437407952871872,False
SC,2026-03-30,5.09,6.79,0.7496318114874816,False
SC,2026-04-27,4.9399999999999995,6.51,0.7588325652841781,False
SC,2026-05-04,4.99,6.75,0.7392592592592593,False
SC,2026-05-11,4.89,6.75,0.7244444444444444,False
SC,2026-05-18,4.87,6.75,0.7214814814814815,False
SC,2026-05-25,4.78,6.65,0.718796992481203,False
SC,2026-06-01,4.69,6.67,0.7031484257871066,False
SC,2026-06-08,4.69,6.59,0.7116843702579667,False
SC,2026-06-15,4.59,6.55,0.7007633587786259,False
SC,2026-06-22,4.59,6.54,0.7018348623853211,False
SC,2026-06-29,4.59,6.51,0.7050691244239632,False
SC,2026-07-06,4.59,6.49,0.7072419106317411,False
SC,2026-07-13,4.615,6.55,0.7045801526717558,False
SC,2026-07-20,4.59,6.54,0.7018348623853211,False
SC,2026-07-27,4.59,6.55,0.7007633587786259,False
SC,2026-08-03,4.58,6.52,0.7024539877300614,False
SC,2026-08-10,4.49,6.52,0.6886503067484664,True
SC,2026-08-17,4.455,6.49,0.6864406779661016,True
SC,2026-08-24,4.42,6.49,0.6810477657935284,True
SC,2026-08-31,4.365,6.39,0.6830985915492959,True
SE,2024-09-02,4.89,6.4,0.7640624999999999,False
SE,2024-09-09,4.89,6.4,0.7640624999999999,False
SE,2024-09-16,4.77,6.2,0.7693548387096774,False
SE,2024-09-23,4.75,6.2,0.7661290322580645,False
SE,2024-09-30,4.75,6.2,0.7661290322580645,False
SE,2024-10-07,4.59,6.25,0.7343999999999999,False
SE,2024-10-14,4.59,6.2,0.7403225806451612,False
SE,2024-10-21,4.49,5.9,0.7610169491525424,False
SE,2024-10-28,4.39,5.9,0.7440677966101694,False
SE,2024-11-04,4.39,5.9,0.7440677966101694,False
SE,2024-11-11,4.39,5.9,0.7440677966101694,False
SE,2024-11-18,4.39,6.3,0.6968253968253968,True
SE,2024-11-25,4.39,6.3,0.6968253968253968,True
SE,2024-12-02,4.39,6.3,0.6968253968253968,True
SE,2024-12-09,4.385,6.3,0.696031746031746,True
SE,2024-12-16,4.3,6.3,0.6825396825396826,True
SE,2024-12-23,4.3,6.3,0.6825396825396826,True
SE,2024-12-30,4.3,6.3,0.6825396825396826,True
SE,2025-01-06,4.39,6.3,0.6968253968253968,True
SE,2025-01-13,4.59,6.42,0.7149532710280374,False
SE,2025-01-20,4.59,6.42,0.7149532710280374,False
SE,2025-01-27,4.59,6.42,0.7149532710280374,False
SE,2025-02-03,4.74,6.42,0.7383177570093459,False
SE,2025-02-10,4.83,6.62,0.729607250755287,False
SE,2025-02-17,4.89,6.62,0.7386706948640482,False
SE,2025-02-24,4.84,6.62,0.7311178247734139,False
SE,2025-03-03,4.8,6.62,0.7250755287009063,False
SE,2025-03-10,4.89,6.62,0.7386706948640482,False
SE,2025-03-17,4.89,6.64,0.7364457831325301,False
SE,2025-03-24,4.85,6.62,0.7326283987915407,False
SE,2025-03-31,4.85,6.62,0.7326283987915407,False
SE,2025-04-07,4.845,6.62,0.7318731117824773,False
SE,2025-04-14,4.89,6.52,0.75,False
SE,2025-04-21,4.869999999999999,6.52,0.7469325153374232,False
SE,2025-04-28,4.89,6.52,0.75,False
SE,2025-05-05,4.89,6.62,0.7386706948640482,False
SE,2025-05-12,4.89,6.62,0.7386706948640482,False
SE,2025-05-19,4.95,6.62,0.7477341389728097,False
SE,2025-05-26,4.95,6.62,0.7477341389728097,False
SE,2025-06-02,4.95,6.62,0.7477341389728097,False
SE,2025-06-09,4.98,6.62,0.7522658610271904,False
SE,2025-06-16,4.95,6.62,0.7477341389728097,False
SE,2025-06-23,4.95,6.62,0.7477341389728097,False
SE,2025-06-30,4.95,6.62,0.7477341389728097,False
SE,2025-07-07,4.98,6.62,0.7522658610271904,False
SE,2025-07-14,4.95,6.62,0.7477341389728097,False
SE,2025-07-21,4.95,6.62,0.7477341389728097,False
SE,2025-07-28,4.95,6.62,0.7477341389728097,False
SE,2025-08-04,4.95,6.62,0.7477341389728097,False
SE,2025-08-11,4.95,6.62,0.7477341389728097,False
SE,2025-08-18,4.965,6.62,0.75,False
SE,2025-08-25,4.965,6.62,0.75,False
SE,2025-09-01,4.95,6.62,0.7477341389728097,False
SE,2025-09-08,4.965,6.62,0.75,False
SE,2025-09-15,4.965,6.62,0.75,False
SE,2025-09-22,4.965,6.62,0.75,False
SE,2025-09-29,4.94,6.62,0.7462235649546828,False
SE,2025-10-06,4.945,6.62,0.7469788519637462,False
SE,2025-10-13,4.95,6.62,0.7477341389728097,False
SE,2025-10-20,4.94,6.62,0.7462235649546828,False
SE,2025-10-27,4.84,6.52,0.7423312883435583,False
SE,2025-11-03,4.8,6.52,0.7361963190184049,False
SE,2025-11-10,4.8,6.52,0.7361963190184049,False
SE,2025-11-17,4.8,6.52,0.7361963190184049,False
SE,2025-11-24,4.8,6.52,0.7361963190184049,False
SE,2025-12-01,4.8,6.41,0.7488299531981278,False
SE,2025-12-08,4.8,6.52,0.7361963190184049,False
SE,2025-12-15,4.8,6.52,0.7361963190184049,False
SE,2025-12-22,4.8,6.52,0.7361963190184049,False
SE,2025-12-29,4.8,6.52,0.7361963190184049,False
SE,2026-01-05,4.8,6.41,0.7488299531981278,False
SE,2026-01-12,4.8,6.465,0.7424593967517401,False
SE,2026-01-19,4.85,6.465,0.7501933488012374,False
SE,2026-01-26,4.824999999999999,6.41,0.752730109204368,False
SE,2026-02-02,4.85,6.41,0.7566302652106084,False
SE,2026-02-09,4.9,6.52,0.7515337423312884,False
SE,2026-02-16,4.9,6.41,0.7644305772230889,False
SE,2026-02-23,4.9,6.52,0.7515337423312884,False
SE,2026-03-02,4.9,6.52,0.7515337423312884,False
SE,2026-03-09,4.99,6.82,0.7316715542521994,False
SE,2026-03-16,4.95,6.92,0.7153179190751445,False
SE,2026-03-23,5.05,7.22,0.6994459833795014,True
SE,2026-03-30,5.09,7.22,0.7049861495844876,False
SE,2026-05-04,5.6,7.29,0.7681755829903978,False
SE,2026-05-11,5.6,7.52,0.7446808510638298,False
SE,2026-05-18,5.6,7.295,0.7676490747087046,False
SE,2026-05-25,5.5,7.12,0.7724719101123595,False
SE,2026-06-01,5.5,7.12,0.7724719101123595,False
SE,2026-06-08,5.5,7.12,0.7724719101123595,False
SE,2026-06-15,5.5,7.12,0.7724719101123595,False
SE,2026-06-22,5.5,7.12,0.7724719101123595,False
SE,2026-06-29,5.5,7.12,0.7724719101123595,False
SE,2026-07-06,5.5,7.12,0.7724719101123595,False
SE,2026-07-13,5.5,7.12,0.7724719101123595,False
SE,2026-07-20,5.5,7.12,0.7724719101123595,False
SE,2026-07-27,5.369999999999999,7.12,0.7542134831460673,False
SE,2026-08-03,5.35,7.05,0.7588652482269503,False
SE,2026-08-10,5.3,7.0,0.7571428571428571,False
SE,2026-08-17,5.3,7.0,0.7571428571428571,False
SE,2026-08-24,5.3,7.0,0.7571428571428571,False
SE,2026-08-31,5.3,7.035,0.7533759772565742,False
SP,2024-09-02,3.89,5.89,0.6604414261460102,True
SP,2024-09-09,3.89,5.89,0.6604414261460102,True
SP,2024-09-16,3.87,5.89,0.6570458404074704,True
SP,2024-09-23,3.835,5.89,0.6511035653650254,True
SP,2024-09-30,3.87,5.89,0.6570458404074704,True
SP,2024-10-07,3.87,5.89,0.6570458404074704,True
SP,2024-10-14,3.87,5.89,0.6570458404074704,True
SP,2024-10-21,3.89,5.94,0.6548821548821548,True
SP,2024-10-28,3.89,5.89,0.6604414261460102,True
SP,2024-11-04,3.89,5.95,0.653781512605042,True
SP,2024-11-11,3.89,5.92,0.6570945945945946,True
SP,2024-11-18,3.89,5.95,0.653781512605042,True
SP,2024-11-25,3.89,5.97,0.6515912897822446,True
SP,2024-12-02,3.94,5.97,0.6599664991624791,True
SP,2024-12-09,3.97,5.98,0.6638795986622074,True
SP,2024-12-16,3.97,5.99,0.662771285475793,True
SP,2024-12-23,3.97,5.99,0.662771285475793,True
SP,2024-12-30,3.97,5.99,0.662771285475793,True
SP,2025-01-06,3.97,5.99,0.662771285475793,True
SP,2025-01-13,3.99,5.99,0.666110183639399,True
SP,2025-01-20,3.99,5.99,0.666110183639399,True
SP,2025-01-27,4.09,5.99,0.682804674457429,True
SP,2025-02-03,4.19,6.19,0.6768982229402262,True
SP,2025-02-10,4.19,6.19,0.6768982229402262,True
SP,2025-02-17,4.19,6.19,0.6768982229402262,True
SP,2025-02-24,4.19,6.18,0.6779935275080907,True
SP,2025-03-03,4.19,6.17,0.6790923824959482,True
SP,2025-03-10,4.19,6.15,0.6813008130081301,True
SP,2025-03-17,4.19,6.17,0.6790923824959482,True
SP,2025-03-24,4.17,6.09,0.6847290640394089,True
SP,2025-03-31,4.15,6.09,0.6814449917898194,True
SP,2025-04-07,4.09,6.09,0.6715927750410509,True
SP,2025-04-14,4.09,6.09,0.6715927750410509,True
SP,2025-04-21,4.09,6.09,0.6715927750410509,True
SP,2025-04-28,4.09,6.09,0.6715927750410509,True
SP,2025-05-05,4.07,6.09,0.6683087027914615,True
SP,2025-05-12,4.07,6.09,0.6683087027914615,True
SP,2025-05-19,3.99,6.09,0.6551724137931035,True
SP,2025-05-26,3.99,6.09,0.6551724137931035,True
SP,2025-06-02,3.99,6.07,0.657331136738056,True
SP,2025-06-09,3.99,5.99,0.666110183639399,True
SP,2025-06-16,3.99,5.99,0.666110183639399,True
SP,2025-06-23,3.98,5.99,0.664440734557596,True
SP,2025-06-30,3.97,5.99,0.662771285475793,True
SP,2025-07-07,3.98,5.99,0.664440734557596,True
SP,2025-07-14,3.97,5.99,0.662771285475793,True
SP,2025-07-21,3.94,5.99,0.6577629382303839,True
SP,2025-07-28,3.89,5.99,0.6494156928213689,True
SP,2025-08-04,3.92,5.99,0.6544240400667779,True
SP,2025-08-11,3.98,5.99,0.664440734557596,True
SP,2025-08-18,3.98,5.99,0.664440734557596,True
SP,2025-08-25,3.98,5.99,0.664440734557596,True
SP,2025-09-01,3.99,5.99,0.666110183639399,True
SP,2025-09-08,3.99,5.99,0.666110183639399,True
SP,2025-09-15,3.99,5.99,0.666110183639399,True
SP,2025-09-22,3.99,5.99,0.666110183639399,True
SP,2025-09-29,4.07,5.99,0.6794657762938231,True
SP,2025-10-06,4.09,5.99,0.682804674457429,True
SP,2025-10-13,3.99,5.99,0.666110183639399,True
SP,2025-10-20,3.99,5.99,0.666110183639399,True
SP,2025-10-27,3.99,5.99,0.666110183639399,True
SP,2025-11-03,3.99,5.99,0.666110183639399,True
SP,2025-11-10,4.09,5.99,0.682804674457429,True
SP,2025-11-17,4.09,5.99,0.682804674457429,True
SP,2025-11-24,4.15,5.99,0.6928213689482471,True
SP,2025-12-01,4.19,5.99,0.6994991652754592,True
SP,2025-12-08,4.19,5.99,0.6994991652754592,True
SP,2025-12-15,4.19,5.99,0.6994991652754592,True
SP,2025-12-22,4.28,6.09,0.7027914614121511,False
SP,2025-12-29,4.29,6.09,0.7044334975369458,False
SP,2026-01-05,4.29,6.09,0.7044334975369458,False
SP,2026-01-12,4.35,6.15,0.7073170731707316,False
SP,2026-01-19,4.39,6.19,0.7092084006462035,False
SP,2026-01-26,4.47,6.19,0.7221324717285944,False
SP,2026-02-02,4.48,6.19,0.7237479806138934,False
SP,2026-02-09,4.49,6.19,0.7253634894991923,False
SP,2026-02-16,4.49,6.19,0.7253634894991923,False
SP,2026-02-23,4.49,6.19,0.7253634894991923,False
SP,2026-03-02,4.45,6.19,0.7189014539579968,False
SP,2026-03-09,4.49,6.29,0.713831478537361,False
SP,2026-03-16,4.49,6.49,0.6918335901386748,True
SP,2026-03-23,4.57,6.69,0.6831091180866966,True
SP,2026-03-30,4.49,6.69,0.6711509715994021,True
SP,2026-04-27,4.17,6.49,0.6425269645608628,True
SP,2026-05-04,4.14,6.57,0.6301369863013698,True
SP,2026-05-11,3.99,6.49,0.6147919876733436,True
SP,2026-05-18,3.99,6.49,0.6147919876733436,True
SP,2026-05-25,3.94,6.49,0.6070878274268104,True
SP,2026-06-01,3.89,6.49,0.5993836671802774,True
SP,2026-06-08,3.89,6.49,0.5993836671802774,True
SP,2026-06-15,3.88,6.49,0.5978428351309707,True
SP,2026-06-22,3.79,6.49,0.5839753466872111,True
SP,2026-06-29,3.79,6.49,0.5839753466872111,True
SP,2026-07-06,3.79,6.48,0.5848765432098765,True
SP,2026-07-13,3.79,6.475,0.5853281853281853,True
SP,2026-07-20,3.69,6.39,0.5774647887323944,True
SP,2026-07-27,3.69,6.39,0.5774647887323944,True
SP,2026-08-03,3.59,6.39,0.5618153364632238,True
SP,2026-08-10,3.59,6.39,0.5618153364632238,True
SP,2026-08-17,3.59,6.38,0.5626959247648903,True
SP,2026-08-24,3.67,6.38,0.5752351097178683,True
SP,2026-08-31,3.69,6.39,0.5774647887323944,True
TO,2024-09-02,4.69,6.59,0.7116843702579667,False
TO,2024-09-09,4.69,6.59,0.7116843702579667,False
TO,2024-09-16,4.69,6.59,0.7116843702579667,False
TO,2024-09-23,4.69,6.49,0.7226502311248074,False
TO,2024-09-30,4.69,6.49,0.7226502311248074,False
TO,2024-10-07,4.69,6.49,0.7226502311248074,False
TO,2024-10-14,4.54,6.38,0.7115987460815048,False
TO,2024-10-21,4.69,6.470000000000001,0.7248840803709428,False
TO,2024-10-28,4.49,6.32,0.7104430379746836,False
TO,2024-11-04,4.62,6.43,0.71850699844479,False
TO,2024-11-11,4.59,6.49,0.7072419106317411,False
TO,2024-11-18,4.69,6.470000000000001,0.7248840803709428,False
TO,2024-11-25,4.69,6.535,0.7176740627390972,False
TO,2024-12-02,4.69,6.49,0.7226502311248074,False
TO,2024-12-09,4.67,6.49,0.7195685670261941,False
TO,2024-12-16,4.69,6.35,0.7385826771653544,False
TO,2024-12-23,4.89,6.58,0.7431610942249239,False
TO,2024-12-30,4.79,6.365,0.7525530243519246,False
TO,2025-01-06,4.79,6.49,0.7380585516178736,False
TO,2025-01-13,4.79,6.39,0.7496087636932708,False
TO,2025-01-20,4.69,6.49,0.7226502311248074,False
TO,2025-01-27,4.79,6.385,0.750195771339076,False
TO,2025-02-03,4.79,6.59,0.7268588770864947,False
TO,2025-02-10,4.74,6.59,0.7192716236722307,False
TO,2025-02-17,4.69,6.59,0.7116843702579667,False
TO,2025-02-24,4.69,6.59,0.7116843702579667,False
TO,2025-03-03,4.69,6.59,0.7116843702579667,False
TO,2025-03-10,4.79,6.59,0.7268588770864947,False
TO,2025-03-17,4.69,6.59,0.7116843702579667,False
TO,2025-03-24,4.69,6.59,0.7116843702579667,False
TO,2025-03-31,4.74,6.59,0.7192716236722307,False
TO,2025-04-07,4.79,6.59,0.7268588770864947,False
TO,2025-04-14,4.79,6.59,0.7268588770864947,False
TO,2025-04-21,4.89,6.59,0.7420333839150227,False
TO,2025-04-28,4.69,6.59,0.7116843702579667,False
TO,2025-05-05,4.7,6.59,0.7132018209408195,False
TO,2025-05-12,4.869999999999999,6.59,0.738998482549317,False
TO,2025-05-19,4.79,6.58,0.7279635258358662,False
TO,2025-05-26,4.74,6.59,0.7192716236722307,False
TO,2025-06-02,4.79,6.59,0.7268588770864947,False
TO,2025-06-09,4.69,6.59,0.7116843702579667,False
TO,2025-06-16,4.69,6.59,0.7116843702579667,False
TO,2025-06-23,4.79,6.59,0.7268588770864947,False
TO,2025-06-30,4.69,6.58,0.7127659574468086,False
TO,2025-07-07,4.69,6.59,0.7116843702579667,False
TO,2025-07-14,4.69,6.59,0.7116843702579667,False
TO,2025-07-21,4.7,6.54,0.7186544342507646,False
TO,2025-07-28,4.79,6.59,0.7268588770864947,False
TO,2025-08-04,4.79,6.59,0.7268588770864947,False
TO,2025-08-11,4.79,6.59,0.7268588770864947,False
TO,2025-08-18,4.79,6.59,0.7268588770864947,False
TO,2025-08-25,4.695,6.59,0.7124430955993931,False
TO,2025-09-01,4.79,6.585,0.7274107820804859,False
TO,2025-09-08,4.82,6.49,0.7426810477657936,False
TO,2025-09-15,4.82,6.585,0.7319665907365225,False
TO,2025-09-22,4.79,6.585,0.7274107820804859,False
TO,2025-09-29,4.85,6.470000000000001,0.7496136012364759,False
TO,2025-10-06,4.79,6.58,0.7279635258358662,False
TO,2025-10-13,4.79,6.585,0.7274107820804859,False
TO,2025-10-20,4.79,6.58,0.7279635258358662,False
TO,2025-10-27,4.79,6.5600000000000005,0.7301829268292682,False
TO,2025-11-03,4.69,6.58,0.7127659574468086,False
TO,2025-11-10,4.79,6.58,0.7279635258358662,False
TO,2025-11-17,4.745,6.49,0.7311248073959938,False
TO,2025-11-24,4.79,6.59,0.7268588770864947,False
TO,2025-12-01,4.79,6.58,0.7279635258358662,False
TO,2025-12-08,4.89,6.59,0.7420333839150227,False
TO,2025-12-15,4.79,6.59,0.7268588770864947,False
TO,2025-12-22,4.89,6.59,0.7420333839150227,False
TO,2025-12-29,4.99,6.7,0.744776119402985,False
TO,2026-01-05,5.09,6.59,0.7723823975720789,False
TO,2026-01-12,5.07,6.59,0.7693474962063733,False
TO,2026-01-19,5.09,6.59,0.7723823975720789,False
TO,2026-01-26,5.09,6.59,0.7723823975720789,False
TO,2026-02-02,5.29,6.59,0.802731411229135,False
TO,2026-02-09,5.295,6.59,0.8034901365705615,False
TO,2026-02-16,5.29,6.59,0.802731411229135,False
TO,2026-02-23,5.29,6.59,0.802731411229135,False
TO,2026-03-02,5.29,6.67,0.7931034482758621,False
TO,2026-03-09,5.39,6.98,0.7722063037249283,False
TO,2026-03-16,5.49,7.18,0.764623955431755,False
TO,2026-03-23,5.49,7.18,0.764623955431755,False
TO,2026-03-30,5.49,7.19,0.7635605006954103,False
TO,2026-05-04,5.39,6.99,0.7711015736766809,False
TO,2026-05-11,5.44,7.175,0.7581881533101046,False
TO,2026-05-18,5.39,7.19,0.7496522948539638,False
TO,2026-05-25,5.39,7.09,0.7602256699576868,False
TO,2026-06-01,5.3149999999999995,6.99,0.7603719599427753,False
TO,2026-06-08,5.29,6.99,0.7567954220314735,False
TO,2026-06-15,5.165,6.99,0.7389127324749643,False
TO,2026-06-22,4.99,6.99,0.7138769670958512,False
TO,2026-06-29,4.99,6.99,0.7138769670958512,False
TO,2026-07-06,4.99,6.99,0.7138769670958512,False
TO,2026-07-13,4.99,7.01,0.7118402282453639,False
TO,2026-07-20,4.99,7.09,0.7038081805359662,False
TO,2026-07-27,4.99,7.0600000000000005,0.7067988668555241,False
TO,2026-08-03,4.99,7.03,0.7098150782361309,False
TO,2026-08-10,4.99,6.99,0.7138769670958512,False
TO,2026-08-17,4.99,6.99,0.7138769670958512,False
TO,2026-08-24,4.99,6.99,0.7138769670958512,False
TO,2026-08-31,4.99,7.09,0.7038081805359662,False
