SK_Revenda,ID_Revenda,NomeRevenda
1,00105ce1b419,POSTO ABASTECIMENTO SAO JOSE LTDA
2,0017fcda6d6a,AUTO POSTO SAO PAULO LTDA
3,00205e4b01e3,POSTO TN COMERCIO DE DERIVADOS DE PETROLEO LTDA
4,002522004d36,AUTO POSTO SAN REMO LTDA
5,002761a695f6,POSTO DE SERVICOS REQUINTE COMERCIO DE COMBUSTIVEIS LTDA
6,002b7710960d,POSTO TORRE LESTE LTDA
7,002d669bd15d,POSTO 5.5. LIMITADA
8,003017fcce7d,POSTO FAISCA LTDA.
9,0032ac3f62a6,J M L DINIZ COMERCIO DE DERIVADOS DE PETROLEO LTDA
10,00339e8fefa6,NICOLAU DERIVADOS DE PETROLEO LTDA
11,00354ba4d9e8,AUTO POSTO SABIA AZUL LTDA
12,0040997ef700,POSTO ITAMARATI - YANTRA LTDA.
13,004817333b9d,ARGETAX ADMINISTRACAO E PARTICIPACOES EM EMPREENDIMENTOS COMERCIAIS LTDA
14,0052289cebf1,CENTRO AUTOMOTIVO COSTA DO SAUIPE LTDA
15,005ef50e6259,AUTO POSTO SANTA LUIZA LTDA
16,006118c57c60,AUTO POSTO MARANHAO LTDA
17,006135fb736d,POSTO ANTUNES LTDA
18,006172ebc052,AUTO POSTO JATINHO LTDA
19,006f03e06355,POSTO PARISENTI LTDA
20,007e6ccffe1a,ATHENA - COMÉRCIO DE COMBUSTÍVEIS LTDA.
21,008a70265d75,SIM REDE DE POSTOS LTDA
22,0091dce42b89,AUTO POSTO LC VITRINE LTDA
23,0093648d3f09,AUTO POSTO SALVATERRA LTDA
24,009e62757822,AUTO POSTO MORRO DO MEIO LTDA
25,00a59bc5d44c,AUTO POSTO QUATROCENTAO LTDA.
26,00a7a40a3a39,K DE J C RIOS COSTA EIRELI
27,00c270022b96,B M T VALENCA LTDA
28,00c353c8a9cd,POSTO DAS NACOES LTDA
29,00cb2892905a,AUTO POSTO PORTAL DA ALDEIA LTDA.
30,00ce98a44ea6,NOVO HYPERION RIO POSTO DE GASOLINA LTDA
31,00d1e1264bea,AUTO POSTO GC VALENCA COMERCIO DE COMBUSTIVEIS LTDA
32,00d5692942d7,J C COMERCIO DE COMBUSTIVEL LTDA
33,00eb122df346,POSTO CENTRAL DE LAGARTO LTDA
34,00f994f3b4b7,AUTO POSTO PETRO SOL RIO CLARO LTDA
35,0100b5220b34,AUTO POSTO RETAO DA DUTRA LTDA
36,0107a14c0239,LOURENCO ARAUJO FORTES E FILHOS LTDA
37,01100c766f4c,IRMAOS MIGUEL RODRIGUES LTDA
38,01117a1b8b6a,POSTO HIDROLANDIA LTDA
39,01209c828bd4,AUTO POSTO AVENIDA CENTRAL LTDA
40,012ab5d04194,HIPERPETRO II COMERCIO VAREJISTA DE DERIVADOS DE PETROLEO LTDA.
41,013368a9ecb1,POSTO VALVIC 22 LTDA
42,0135efe6d07e,AUTO POSTO MARINER DE RIBEIRAO PRETO LTDA
43,0138c93b6321,POSTO PERSONNALITE COMBUSTIVEIS LTDA
44,013d66e94cd7,POSTO PORTAL ALTO DA BOA VISTA LTDA.
45,01455989928c,AUTO POSTO VIEIRA E FERNANDES LTDA
46,014bc4937927,PERALTA'S POSTO DE SERVICOS LTDA
47,014d75d2666a,COMERCIO DE COMBUSTIVEIS CACHOEIRA LTDA
48,014dfd675c9e,"REDE FARROUPILHA GESTAO, VAREJO E INOVACAO LTDA"
49,0157ee6ac27f,AUTO POSTO SAO GERALDO LTDA
50,0158e82cf8be,AUTO POSTO AUSTRAL DE GNV LTDA
51,0161dca17396,P M C COMERCIO VAREJISTA DE COMBUSTIVEIS E LUBRIFICANTES LTDA
52,0163de2b5a73,POSTO GENTIL IPATINGA LTDA
53,016721d2f0ca,RB CAVALCANTI COMERCIO DE COMBUSTIVEIS LTDA
54,016b9598b683,POSTO ALTO DA CIDADE LTDA
55,017283264c69,AUTO POSTO PETROBRASILIA LTDA
56,01744a3c1258,EIXINHO L 212 NORTE COMERCIO DE COMBUSTIVEIS E DERIVADOS LTDA
57,01818720a6c4,WHL COMERCIAL LTDA.
58,018befce3a80,JOAO HENRIQUE GODEIRO
59,018cbd0071bf,VIEIRA & PIZZOLI VIEIRA LTDA
60,0198f12d48db,POSTO 7 ARARAS LTDA
61,019d374d2444,AUTO POSTO PECANHA S.A
62,019e21aba2f6,CASCOL COMBUSTIVEIS PARA VEICULOS LTDA
63,01a53bde7c49,AUTO POSTO TRILHA DO VERDE LTDA
64,01b2c32df468,AUTO POSTO E TRANSPORTADORA CARVALHO SALES LTDA.
65,01b46a31f07f,REDE SANTANA COMBUSTIVEIS LEOPOLDINA 2 LTDA
66,01b64b7062d9,KEEPER AUTO POSTO LTDA
67,01b7f57228f3,COMERCIAL AMAZONIA DE PETROLEO LTDA
68,01bf6ceb6d43,D M DINIZ EIRELI
69,01c3da636f91,POSTO CHAVES LTDA
70,01c401421557,AUTO POSTO REDE LEMANS LTDA
71,01c7b678d0fb,PLANALTO COMERCIO LTDA
72,01d760304ae3,AUTO POSTO E CONVENIENCIA CASA AMARELA LTDA
73,01d94e7f66bc,POSTO CIDADE PATRIMONIO LTDA
74,01dc40f6c095,QUALI PETRO - SERVICOS AUTOMOTIVOS LTDA
75,01e466e718f7,POSTO CATARINENSE COMERCIO DE DERIVADOS DE PETROLEO EIRELI
76,01eaebe82ba4,VOLKSSETE PECAS LIMITADA
77,01f9c2c3a886,AUTO POSTO BARAO DO LIBANO LTDA
78,01ff02512fce,AUTO POSTO FORMULA 1 LTDA
79,02021c027001,POSTO CAMBURI PIRACICABA LTDA
80,02041fe9dc98,SOROCOTUBA AUTO POSTO LTDA
81,020ff869c564,IC PEREIRA COMERCIO DE  DERIVADOS DE PETROLEO LTDA
82,0215406876a3,POSTO BEIRA RIO DE VOLTA REDONDA LTDA
83,021952605d80,AUTO POSTO MEDITERRANEO LTDA
84,0222c556bc16,L. W. DE ALENCAR MENDES & CIA LTDA
85,02235b2dba92,POSTO CONFORTO DE V.R. LTDA
86,022802abdf8a,AUTO POSTO CURUPAITIS LTDA
87,022c0aba931b,SERGIO DE OLIVEIRA MARQUES BARRETOS
88,022ffed0b511,POSTO SAO JORGE LTDA
89,023068f228b9,AUTO POSTO NOVA BONSUCESSO LTDA
90,023b88219204,AUTO POSTO GUARA VERMELHO LTDA
91,023e1a978d13,AUTO POSTO M&B DE PIRASSUNUNGA LTDA
92,023f5fd05db1,AUTO POSTO CAVIUNAS LTDA
93,02418bf26c5a,AUTO POSTO PARQUE DAS ESMERALDAS LTDA.
94,02422720151a,CENTRO AUTOMOTIVO TRIESTE LTDA
95,024567fbe95e,AUTO POSTO G T EIRELI
96,024cfc04fb30,GNVIA RIO POSTO DE SERVIÇOS LTDA.
97,024d3c4dd44f,FELICIDADE EMPREENDIMENTOS COMERCIAIS LTDA
98,025c97cf9ace,BORTOLETO BERTOLETTO & CIA LTDA
99,025d82e23d5c,DISTRIBUIDORA CANAA DE COMBUSTIVEIS LTDA
100,025e1cd4d9d0,MASTER POSTO COMERCIO DE COMBUSTIVEIS LTDA
101,026d6840f1fa,AUTO POSTO PANORAMICO DE CASCAVEL LTDA
102,028f4c71c0b2,POSTO Z5 LTDA
103,02918ec0ba3a,POSTO LAGOINHA DE RIBEIRAO PRETO LTDA
104,029624fdbb1f,AUTO POSTO VIRGINIA FERNI LTDA
105,029e5a3a3293,AUTO POSTO PORTAL DO GONZAGA LTDA.
106,02b886712e5d,R C REBOUCAS EIRELI
107,02be9036a369,POSTO DE COMBUSTIVEIS VILA COMETA LTDA
108,02c0286764ec,DIAS COMERCIO DE DERIVADOS DE PETROLEO LTDA
109,02d3ce43f3e1,AUTO POSTO AVIACAO COMERCIO DE COMBUSTIVEIS LTDA
110,02dc60aeeba6,COMERCIAL DE COMBUSTIVEIS SAO BENTO EIRELI
111,02dcf80203c0,MAXI POSTO VIII LTDA
112,02e4a269df69,SERVICENTER AUTO POSTO GRAN PARA LTDA
113,02e7d2db321c,NOVO GUARUJA AUTO POSTO LTDA
114,02f12a1f42fe,POSTO DE GASOLINA TAN TAN LTDA
115,02f2262ae011,SADI DALLACORTE EIRELI
116,02f485b9d319,TIRADENTES POSTO DE GASOLINA E SERVICOS LTDA
117,02f6aa2556ed,AUTO POSTO ATENCIOSO LTDA.
118,030f71cb21ee,AUTO POSTO TAJ MAHAL LTDA.
119,0312e5671cb9,AUTO POSTO VIADUTO LTDA
120,031b75b04975,TORRE COMERCIO DE COMBUSTIVEIS LTDA
121,0330e8be526a,TARGINO E COSTA LTDA
122,033277dded36,POSTO VILA ESTACAO LTDA
123,034b12c864d7,J CARLOS SILVA COMERCIO LTDA
124,034d52105ea2,AUTO POSTO CARRETAO LTDA
125,0352ffb8bcc3,AUTO POSTO VILA PARAISO LTDA
126,03543a958634,AUTO POSTO AGOSTO LTDA
127,03549aac7c20,POSTO DE SERVIÇOS SÃO JOSÉ EM ITAPETININGA LTDA.
128,0355a46fe480,POSTO BEAGAS GNV LTDA.
129,035bf2cf7597,OSVALDINO GOMES DE CARVALHO
130,035c6f381248,POSTO DOM PEDRO I 124 SUL LTDA
131,036430cd9dde,DARIL POSTOS DE SERVICOS LTDA
132,0364d7391cb2,AUTO POSTO JL LTDA
133,036fa77b48d8,AUTO POSTO NOSSA SENHORA DO RETIRO LTDA
134,037194e70ded,POSTO AZEREDO ELGO LTDA
135,0374012a6be3,CENTRO AUTOMOTIVO SAO RAFAEL LTDA
136,0374734cb857,COMERCIO DE COMBUSTIVEIS BUSNELLO LTDA
137,037a31e47e86,SAO BENTO DE ITAIPU AUTO POSTO LTDA
138,037d0c885a99,CARREFOUR COMERCIO E INDUSTRIA LTDA
139,037ed2ea447c,ESPERANCA COMBUSTIVEIS LTDA
140,038bddf1e4df,COMERCIAL DE COMBUSTIVEIS RAMADA LTDA
141,038ed7f8e318,AUTO POSTO SERVICOS NOVA OPCAO LTDA
142,0396ea0c3735,POSTO LEAO DO SUL LTDA
143,03a41c8334c4,AUTO POSTO MELIDE LTDA
144,03a4be381049,J.L. 05 COMBUSTIVEL LTDA
145,03abdfb10c6a,BOQUEIRAO COMERCIO DE COMBUSTIVEIS LTDA
146,03b098b1c312,MOTA & MELLO COMBUSTIVEL LTDA
147,03b0df25f0ab,FORGERINI & INOUYE LTDA
148,03ba38173f32,DANTE CARRARO COMERCIO VAREJISTA DE COMBUSTIVEIS EIRELI
149,03ba85f1a37a,POSTO DE COMBUSTIVEIS VILA FERNANDA LTDA
150,03c2aa48d0be,MARIO ROBERTO BRASILEIRA DE PETROLEO LTDA
151,03c555b2b6c8,POSTO SILVA JARDIM LTDA
152,03d36bdb408d,PETRO QUALITY AUTO POSTO LTDA
153,03d656ab4be2,PETROGIL COMERCIO DE COMBUSTIVEIS LTDA
154,03dad9b1d267,B. S. COMBUSTIVEIS E CONVENIENCIA LTDA
155,03db09c29e64,POSTO 5.5. LIMITADA
156,03e6b9c72661,POSTO CARANDA LOCATELLI LTDA
157,03e79e3cb969,BPG AUTO POSTO LTDA
158,03ea09c10b08,AUTO POSTO PORTAL TROPICAL LTDA
159,03eb2d1dd1ed,POSTO VITORIA JUNQUEIRA LTDA
160,03eb3a90b1b4,POSTO MAIS BALSAS LTDA
161,03ecb987a35e,POSTO MAGUARI LTDA
162,03f014b5b722,AUTOPOSTO DE COMBUSTIVEIS MASP BARAO LTDA
163,03f10017e8bc,PORTAL DO SOL COMERCIO E DERIVADOS DE PETROLEO EIRELI
164,03fdd124882b,AUTO POSTO CAPITAL LTDA.
165,04012abab513,POSTO CIDADE DAS ROSAS LTDA
166,0407df40e9c3,POSTO CABO FRIO DE GNV LTDA
167,040833e230fd,PINZON COMERCIO E DERIVADOS DE PETROLEO LTDA
168,0415c0955a50,CARIRI COMBUSTIVEIS LTDA
169,0426b034d0af,AUTO POSTO DO TURISTA LTDA
170,0427aaaa9ed4,POSTO DE GASOLINA AMIGAO DA DUTRA LTDA
171,042a621a24d2,AUTO POSTO CASTELINHO DE AVARE LTDA
172,0438c8c1c85a,MACHADO & FILHOS LTDA
173,043a151d729a,AUTO POSTO JADANI EIRELI
174,043cb6bdc166,POSTO SAO FRANCISCO LTDA
175,043e19f2ec10,AUTO POSTO LISBOA DO LITORAL LTDA
176,043fbef372bf,CENTRAL COMERCIO DE COMBUSTIVEIS LTDA
177,0441b8f84cbf,L S COMERCIO E SERVICOS LTDA
178,044374d41e15,AUTOMOTO - AUTOMOVEIS DO AMAPA LTDA
179,0444bcd5d26d,POSTO LONGHI LTDA
180,0448e4336c51,BL COMBUSTIVEIS LTDA
181,045334242bce,MINEIRAO POSTO DE SERVICOS LTDA
182,0453485adab3,CODEPE COMERCIO DE DERIVADOS DE PETROLEO AVILA LTDA
183,04543788de25,AUTO POSTO CIDADE TRES LAGOAS LTDA
184,0454f29face2,AUTO POSTO SAN PIETRO LTDA
185,045ac2f7d544,COMERCIAL DE COMBUSTIVEIS LB LTDA
186,045b7bc0647f,POSTO PERIM LTDA
187,045c9d2e26a3,POSTO JARDIM CANADA LTDA
188,045ef4c9ff27,GRAN CUMBICA AUTO POSTO LTDA
189,04634d2028a3,AUTO POSTO APECATU LTDA
190,046ef4e016b0,MARTINS COMERCIO DE DERIVADOS DE PETROLEO LTDA
191,0482f9bcae18,GIOFAR COMERCIO DE DERIVADOS DE PETROLEO LTDA
192,048ac78982cf,E. DE O. MEIRELES & CIA POSTO NOVA VIDA LTDA
193,048b4d7703fe,POSTO DE GASOLINA DUDA VIEIRA LTDA.
194,0496a07ed97d,SERVICOS AUTOMOTIVOS RODOANEL LTDA
195,049ec936666e,LEANDRINI & DELLA COLLETA LTDA.
196,04a1f04dfbb4,AUTO POSTO IVI LTDA
197,04b682a1502c,AUTO POSTO COLINA LTDA
198,04bb723da234,MARAVILHA COMBUSTIVEIS E LUBRIFICANTES LTDA
199,04bcea190f1b,AUTO POSTO GTX EIRELI
200,04be4cc60925,VITAL E VITAL LTDA
201,04cb714673f6,AUTO POSTO VALE ENCANTADO LTDA.
202,04dbe7a3b08d,POSTO DEZ LTDA
203,04e4e3311843,POSTO URANO LTDA
204,04ebd2b0115f,POSTO DE SERVICOS B7 LTDA
205,04eecbf52c10,DANUBIO AUTO POSTO LTDA
206,0502f0561db5,GAR COMBUSTIVEIS LTDA
207,0503519bc9a4,ABASTECEDORA DE COMBUSTIVEIS RCR LTDA
208,0508f6178b5e,MARACANA - COMERCIO DE COMBUSTIVEIS LTDA
209,0511b997f511,POSTO ANA TERRA 02 LTDA
210,0516a8550890,POSTO MAIS SAO SEBASTIAO LTDA
211,051e834b6b2e,RVC COMBUSTIVEIS LTDA
212,052061acf324,POSTO AGRONOMIA DE PIRACICABA LTDA
213,0528548d7bb5,AUTO POSTO CAPIM FINO LTDA
214,052d1e979006,POSTO MOCAO DERIVADOS DE PETROLEO LTDA
215,05300c0b95fa,AUTO POSTO PEGORARO LTDA
216,0530c76f5957,F L COMERCIO DE COMBUSTIVEIS LTDA
217,0531909eecd4,PITUBA DERIVADOS DE PETROLEO LTDA
218,0533be77adc8,SIM REDE DE POSTOS LTDA
219,05381b117f32,CENTRO AUTOMOTIVO ASAS DE CUMBICA LTDA
220,053d3025acb9,FRANCISCO CHARLES LIMA NERI
221,0541c57b2bc3,AUTO POSTO ACAUAN LTDA
222,054249fd5b41,POSTO CAMPANA DORATO LTDA
223,055ccc54844b,POSTO SARAMENHA LTDA
224,056292417e8e,AUTO POSTO LAVRAS SHELL LTDA
225,05662a20dc94,E A AMATE DOS SANTOS  LTDA
226,05689d85de1e,POSTO COOLAPA LTDA
227,05697b794b8d,POSTO DE COMBUSTIVEIS ESTACAO LTDA
228,056d62cc9190,E & G REVENDEDORA DE COMBUSTIVEIS LTDA
229,057abe7be2cf,JM - COMERCIO DE LUBRIFICANTES LTDA
230,058301e2ce01,AUTO POSTO ROSSI LTDA
231,058521ea0519,REDE SANTANA COMBUSTIVEIS LEOPOLDINA LTDA
232,0585ebe315bc,ORGANIZAÇAO TUPY LTDA
233,058df96a7cac,JOFAVE COMBUSTIVEIS
234,0590f4bfd7ff,POSTO VICTORIA 1 LTDA
235,059a1fc8a65d,POSTO DE COMBUSTIVEL E DERIVADOS DE PETROLEO A1 SOROCABA LTDA
236,059fe466708e,POSTO MONTE CARLO ERNANI PIRES LTDA
237,05a139a07351,CENTRO DE ABASTECIMENTO GASTRON CAXIAS LTDA.
238,05a2f7a6e41e,POSTO TRES COQUEIROS LTDA
239,05a479e27333,POSTO CIDADE JARDIM EIRELI
240,05a58c622887,AUTO POSTO KAIRA LTDA
241,05abec6f06ad,AUTO POSTO COMERCIAL VELOSO LTDA
242,05ae5e62d2e5,GHANDI SECAF & CIA LTDA
243,05b7753decd2,EAS COMERCIO DE COMBUSTIVEIS LTDA
244,05bb48c8d328,POSTO 3000 LTDA
245,05c48f243003,JF AUTO POSTO LTDA
246,05c59e1ae4eb,AUTO POSTO PERICUMA LTDA
247,05c8865ca366,AUTO POSTO 17 LTDA
248,05c9bc4b3f39,POSTO DE GASOLINA MEIA NOITE LTDA
249,05ca8f26ebfc,PIPEL-PICOS PETROLEO LTDA
250,05d57c0cf3a1,CENTRO AUTOMOTIVO CAHEMA LTDA
251,05d8d7058e30,IGAS COMERCIO DE COMBUSTIVEIS LTDA
252,05e763249acc,COMERCIAL MAHEVI LTDA
253,05fcfc3cbf38,POSTO BEIRA RIO JABOTICABAL LTDA.
254,060632d0c350,VALENCA AUTO SERVICE LTDA.
255,06063e8d224a,AUTO POSTO FORTALEZA LTDA
256,060bd2b8bf01,POSTO SHOPPING CAR COMBUSTIVEIS LTDA.
257,061c7e701ee5,AUTO POSTO CARGA PESADA DO GUARUJA LTDA
258,06215be7ef8c,REDE COMERCIO DE PETROLEO LTDA
259,06236ec507e7,TENEGAS COMERCIO E REPRESENTACAO DE GAS LTDA
260,0634b699a558,POSTO DE GASOLINA AVANCO LTDA
261,0639ea5d3b5a,POSTO SANTANENSE LTDA
262,063c13404f51,COMERCIO DE COMBUSTIVEIS FLORESTAL LTDA
263,06445373e9c2,ALBANO DE AZEVEDO E SOUZA & CIA LTDA
264,064be66f073f,AUTO POSTO JARDIM ALIANCA LTDA
265,065060d3c59e,JOMAR - JOSE MARTINS COMERCIO DE COMBUSTIVEIS LTDA
266,065082335031,AUTO POSTO PEROLA TAUBATE LTDA
267,065b8923771e,A A CUNHA COMBUSTIVEIS LTDA
268,066a5755c124,THUYA AUTO POSTO DE SERVICOS LTDA
269,067045a8c37e,SAO PEDRO COMERCIAL DE PETROLEO LTDA
270,067549fb80ac,SOBRAL & PALACIO PETROLEO LTDA
271,06770159865f,SIM REDE DE POSTOS LTDA
272,067a679f8831,POSTO BOA VISTA LTDA
273,068f7416da52,SOUSA HOLANDA PETROLEO LTDA
274,06902fda4e0a,LEONARDO DANNI QUINZZANI
275,0693f6e4c35e,AUTO POSTO OCEANO LTDA
276,06955c10e523,AUTO POSTO CIGANO LIMITADA
277,06a040077639,COMERCIO VAREJISTA DE COMBUSTIVEIS PETROL'S LTDA
278,06ad78968698,IBRAHIM DUAILIBE & CIA LTDA
279,06b8fef51724,SEMALO COMBUSTIVEIS LTDA
280,06c7ba2e11d8,AUTOMOTO - AUTOMOVEIS DO AMAPA LTDA
281,06cb1d87a69a,CARVALHO & FILHO AUTO POSTO LTDA
282,06d19eb9d3ab,AUTO POSTO DUQUE CONDE ALPHAVILLE LTDA
283,06d4cd0d7ac3,AUTO POSTO MONTREAL VARGAS LTDA
284,06ed37ea8eb7,B. CAVALCANTI COMERCIO DE COMBUSTIVEIS LTDA
285,06f86c5802cb,FIGUEIRA TRES COMERCIO E DERIVADOS DE COMBUSTIVEL LTDA
286,06f9dd344909,AUTO POSTO DO IMIGRANTE DE VINHEDO LTDA
287,07049faebaeb,AUTO POSTO PLATINIUM LTDA
288,0707f99a916e,POSTO SMART LTDA
289,070b12b71abe,ISAMAR COMERCIO DE COMBUSTIVEIS E LUBRIFICANTES LTDA
290,071b673de1ad,BANDEIRANTES COMERCIO DE COMBUSTIVEIS LTDA
291,0721f30dcdef,HGR - COMERCIO E TRANSPORTES DE COMBUSTIVEIS LTDA
292,0727ae1cc565,POSTO NOSSO RANCHO LTDA.
293,07282f1aacd2,AUTO POSTO FELIZ LTDA.
294,07285fb3ce50,AUTO POSTO GALLE PETRO LTDA
295,0732aa880054,POSTO DE COMBUSTIVEIS DUBAI LTDA
296,0738336b636c,AUTO POSTO ARUANA LTDA
297,073b8cdf2230,S DANTAS E FILHOS LTDA
298,073c33cdeb0d,SIM REDE DE POSTOS LTDA
299,074d09c2a58f,VITORIA COMERCIO E TRANSPORTES LTDA.
300,074d174b328c,COMERCIAL BUFFON COMBUSTIVEIS E TRANSPORTES LIMITADA
301,074f04aca4d4,PORTOS EMPREENDIMENTOS LTDA
302,07548902de66,AUTO POSTO CITY TABOAO LTDA
303,0755eed160fd,POSTO CIDADE DE BRUMADO LTDA - ME.
304,07567d4140df,AUTO POSTO FEDATO LTDA
305,075a3992e076,BETHAVILLE AUTO POSTO LTDA.
306,075fb499b8ad,POSTO UIRAPURU LTDA
307,0765d6de9d97,IMPERIAL COMERCIO E TRANSPORTE DE COMBUSTIVEL LTDA
308,07660742c89d,POSTO LIDER COMERCIO DE COMBUSTIVEIS LTDA
309,0769aefab33a,AUTO POSTO GIOVANNI BATTISTA LTDA.
310,076fc4236519,JMF - COMERCIO DE COMBUSTIVEIS LTDA
311,07706ba16076,POSTO DE COMBUSTIVEIS JARDINS LTDA
312,077224f18e39,COOPERATIVA AGROPECUARIA VIDEIRENSE
313,0773a0088890,MACK IX COMERCIO DE DERIVADOS DE PETROLEO LTDA
314,0775c2b5081e,GAMBATTO PARTICIPAÇÕES LTDA
315,0777f28956f4,ANGRAGAS DO BRASIL POSTO DE GASOLINA LTDA
316,077b6d0b0281,AUTO POSTO E SERVICOS ARACRUZ - COLINA DE BELA VISTA LTDA
317,0783123bc1e0,AUTO POSTO AURORA DE ITAPETININGA LTDA
318,078558c62323,SETTEN - COMERCIO DE COMBUSTIVEIS E DERIVADOS LTDA
319,0786d9595e79,REDE DE POSTOS MARAJO PARAISO DO TOCANTINS LTDA
320,078a5c24c0c5,E.A.L VARGAS COMERCIO COMBUSTIVEIS EIRELI
321,079f6bfb1a0f,AUTO POSTO BENEDETTI DE BOTUCATU LTDA
322,079f8b0ed6eb,FGN COMERCIAL LTDA
323,07a10d0d4b82,POSTO LABAREDA LTDA
324,07acbf1d777b,CONDOR AUTO POSTO GUAIRA LTDA
325,07ae95707b8c,PARIS AUTO POSTO LTDA
326,07b80bdfb5ca,AUTO POSTO ESTRELA DA MANHA LTDA
327,07ba36b10ead,CANAA COMERCIO E REPRESENTACOES LTDA
328,07bbf2c91098,AUTO POSTO NOSSA SENHORA DE FATIMA LTDA
329,07c1404bf84c,AUTO POSTO CAPELA DO EMBU LTDA
330,07c23991a75b,COMERCIO DE COMBUSTIVEIS ITAIPU LTDA
331,07c41e347b70,SCUDERIA II AUTO POSTO LTDA
332,07cb8aa567e6,VERA LÚCIA RODRIGUES CABRAL
333,07cd261c5cb4,IGUATEMI AUTO SERVICE SERTAOZINHO LTDA
334,07d10aaa2ab8,AUTO POSTO AMAI CIDADE TERNURA LTDA
335,07d4ec220fcd,AUTO POSTO VPC LTDA
336,07d6399032bd,AUTO POSTO M.A.M.P. LTDA - ME
337,07d9721d9767,ESQUINA DOS COMBUSTIVEIS LTDA
338,07dad52b20a7,RBC COMERCIO DE COMBUSTIVEIS LTDA
339,07de1431eed8,XPETRO T 63 COMERCIO E DERIVADOS DE PETROLEO LTDA
340,07e0ef9f5c52,VALDEMARIN 11 COMERCIO DE COMBUSTIVEIS E DERIVADOS DE PETROLEO LTDA
341,07e6797c554b,AFGM COM DERIVADOS DE PETROLEO LTDA
342,07ec9c2971a1,AUTO POSTO NOVA SAO JOAO II LTDA
343,07f5054f5f9d,POSTO DO ALEMAO LTDA
344,0802988fb45e,POSTO DIVINO PADRAO LTDA
345,080553992dce,COMERCIO DE COMBUSTIVEIS FLORESTAL LTDA
346,080f56f2cc70,POSTO ALTERNATIVA DE COMBUSTIVEL E SERVICO LTDA
347,08121bd9d7ef,AUTO POSTO PARCEIRAO LTDA
348,081b06419716,K.M.W. COMERCIO DE COMBUSTIVEIS LTDA.
349,08270b925d56,AUTO POSTO DE SERVICOS 207 LTDA
350,082a1096bbdd,POSTO VOVO BAIAO LTDA.
351,082e4ebaf9d9,AUTO POSTO SANTA LUZIA LTDA
352,0830807c2cf0,AUTO POSTO INTERMARES LTDA
353,0838241e240a,POSTO DA CIDADE COMERCIAL VAREJISTA DE DERIVADOS DE PETROLEO LTDA - EPP
354,083c6b5c89ce,TENDA ATACADO SA
355,083cc4c73cab,POSTAO COMERCIO E TRANSPORTE DE COMBUSTIVEIS EIRELI
356,083eb9226f59,D P N-DISTRIBUIDORA DE PRODUTOS NORDESTINOS LTDA
357,083f493417b0,POSTO DE SERVIÇOS VERA CRUZ RADIAL LTDA
358,0841cc2cf3a4,AUTO POSTO NOVO OURO NEGRO LTDA
359,08440f17d982,POSTO SANTO ANTONIO LTDA
360,084624554fe5,BRUNO LUIS THOMAZONI - EPP
361,08497737c36f,AUTO POSTO A2 LTDA
362,084e6d15c8fb,"D. SERVICE AUTO POSTO, CONVENIENCIA E ACESSORIOS PARA AUTOS LTDA"
363,084f4d054b06,COSTEIRA COMERCIO DE COMBUSTIVEIS E LUBRIFICANTES LTDA
364,0850ffb7fc9c,ASA DELTA AUTO POSTO LTDA
365,08527af045b7,AEROPOSTO COMBUSTIVEIS AUTOMOTIVOS LTDA
366,08583f9a33ee,REDE SANTANA COMBUSTIVEIS JOAO PINHEIRO LTDA
367,0861e9d87aa6,M C D CARVALHO & CIA LTDA
368,08755dff043f,AUTTO POSTO ESPELHO DO SOL LTDA.
369,0875a53cd871,COMERCIO DE COMBUSTIVEIS POLLY POSITION LTDA
370,0890ac6182ce,MATHEUS GALLO
371,0893485e0d98,GX POSTO DE COMBUSTIVEIS LTDA
372,0899f969f24d,AUTO POSTO NILO CAIRO LTDA
373,089feb109219,AUTO POSTO BAND 1 LTDA.
374,08a6d80d471b,H. SACCHI COMERCIO DE COMBUSTIVEIS LTDA
375,08ae598d1ec6,POSTO PINHEIRINHO DE RESENDE LTDA
376,08af2d4c7949,A S DE CASTRO & CIA LTDA
377,08b14a4feec1,ABASTECEDORA DE COMBUSTIVEIS ROGUIL LTDA
378,08bb801d29b1,AUTO POSTO ALPHA LTDA
379,08c122fc3ce0,AUTO POSTO SAO JOAO COMERCIO DE COMBUSTIVEIS LTDA
380,08c2919bbd0a,COMERCIAL BUFFON COMBUSTIVEIS E TRANSPORTES LIMITADA
381,08c67a82cb2e,VERONESE E XINAIDER AUTO POSTO LTDA
382,08cbffd23071,AUTO POSTO MARGUI III LTDA
383,08d417c71fc6,AUTO POSTO MAYTA LTDA
384,08d8889195e8,AUTO POSTO BRASIL GAS CIDADE INDUSTRIAL LTDA
385,08dade59531d,AUTO POSTO MORAIS LTDA
386,08de18a6665e,WINNER COMERCIO VAREJISTA DE COMBUSTIVEIS LTDA
387,08e6d849c0cb,SV COMERCIO DE PETROLEO LTDA
388,08eb6f63a090,AUTO POSTO SOARES LTDA
389,08f2c7fbc454,HERO AUTO POSTO LTDA
390,08febb1f8014,AUTO POSTO RANCHO PARAISO LTDA - ME.
391,09145c5a0a90,REDEX UNILESTE COMBUSTIVEIS E SERVICOS LTDA
392,091e0a2cb08d,POSTO MONUMENTO COMERCIO VAREJISTA DE COMBUSTIVEIS LTDA
393,091e6106c72e,CASCOL COMBUSTIVEIS PARA VEICULOS LTDA
394,0922628af9a0,COMERCIAL BUFFON COMBUSTIVEIS E TRANSPORTES LIMITADA
395,0924eca8ac66,SUPERMERCADO JACOMAR LTDA
396,092e35099b4b,RANCHO ALEGRE COMERCIO DE COMBUSTIVEIS LTDA
397,092eae8c624a,AUTO POSTO DE MAIS LTDA
398,092fb3d98f49,AUTO POSTO PORTO FERREIRA LTDA
399,09344f0506a1,POSTO CALIFORNIA DE JABOTICABAL LTDA
400,09349679dcae,POSTO RIO PINHEIRO LTDA
401,093f32747be5,AUTO POSTO CARRETEIRO LTDA
402,09406e03aed7,PEDRO DE OLIVEIRA MONTEIRO & CIA LTDA
403,0943881baebe,AUTO POSTO VESUVIO LTDA
404,0946759ef62d,LBM COMERCIO DE COMBUSTIVEIS LTDA
405,094696c45484,AUTO POSTO BOA ESPERANCA - EIRELI
406,09600cd98261,VISTA PRINCIPAL AUTO POSTO LTDA.
407,096113a679e9,AUTO POSTO TIO BILY LTDA
408,09649675d750,POSTO MIGUEL E MOREIRA LTDA
409,09763bca76b3,POSTO ALTERNATIVA DE COMBUSTIVEL E SERVICO LTDA
410,09810dded998,RPB AUTO POSTO LTDA
411,0988b978a4da,CENCOSUD BRASIL COMERCIAL LTDA.
412,0990fc126de2,PAULO CEZAR RIBEIRO ME
413,099108255614,AUTO POSTO LOUREIRO LTDA
414,099fa00da6df,QUIRINO E SOUZA COMERCIO DE PETROLEO E SERVICOS LTDA
415,09a35a3e9d0e,AUTO POSTO ESTRELA DO SULLTDA
416,09a6d7f88a24,CAVALCANTI & ROCHA LTDA
417,09ba1a21a0a9,AUTO POSTO DE CONVENIENCIA PARAVENTI LTDA
418,09ba6c5c1a3c,ABASTECEDORA DE COMBUSTIVEIS SANTA CECILIA LTDA
419,09bb51f69282,GNV IGAS LTDA
420,09c2d9f60aab,ECO POSTO PIT STOP LTDA
421,09cb7883d009,GEPE COMERCIO DE DERIVADOS DE PETROLEO LTDA
422,09d16ff25001,COMERCIO DE COMBUSTIVEL GAVIAO LTDA
423,09da4873ab21,BAHIA POSTO DERIVADOS DE PETROLEO EIRELI
424,09eaf17ee8e8,AUTO POSTO JUNQUEIRA DE LINS LTDA
425,09f0b99a6873,COMERCIO DE COMBUSTIVEIS LASSARI LTDA
426,09f6b8426028,POSTO DE GASOLINA DO CAPITAO NA POSSE LTDA
427,09f94aba187e,AUTO POSTO MPP LTDA
428,09fc81500445,L. CASTRO COMERCIO DE COMBUSTIVEIS LTDA
429,09ff3e2dbc80,COMERCIO DE COMBUSTIVEIS MENDESCAR LTDA
430,0a02866ea1a9,AUTO POSTO SERRA DA MANTIQUEIRA LTDA
431,0a0c7d2e3a1a,AUTO POSTO ESTACAO ITAQUA LTDA
432,0a0e1690239c,POSTO DE LUBRIFICACAO SAO PEDRO LTDA
433,0a0f37293638,AUTO POSTO PARADA CERTA UM LTDA.
434,0a14f8448e93,POSTO DE COMBUSTIVEIS AMIGAO LTDA
435,0a1c7aa77d29,POSTO FELIPAO LTDA
436,0a20ebf59ff0,AUTO POSTO BACAXA SAQUAREMA LTDA
437,0a22770fec2a,AUTO POSTO TASSOS LTDA
438,0a228c7b1c03,LIMA MORAIS COMERCIAL DE COMBUSTIVEL E TRANSPORTE LTDA
439,0a2f281f055c,AUTO POSTO BRASILIA DE LONDRINA LTDA
440,0a343c8c4147,AUTO POSTO E SERVICOS BNH LTDA
441,0a368e775ba7,AUTO POSTO MARAPE LTDA
442,0a3907388d3a,AUTO POSTO GUARATIBA LTDA
443,0a39500a5438,POSTO ICCAR LTDA
444,0a431c15e3c0,AUTO POSTO MURICY LTDA
445,0a4845ed9afb,AUTO POSTO ALAMEDA SACOMA LTDA
446,0a577a970580,AUTO POSTO ALMEIDA LTDA
447,0a591fcb14d5,AUTO POSTO ACP LTDA
448,0a5d04afb4d5,CENTRO COMERCIAL CAMPESTRE E SERVICOS LTDA
449,0a60b4e1a075,MACK X COMERCIO DE DERIVADOS DE PETROLEO LTDA
450,0a66df8f5ab6,AUTO POSTO S.R. LTDA.
451,0a68b49832ee,V K COMERCIO DE DERIVADOS DE PETROLEO LTDA
452,0a6ad0d1a349,AUTO POSTO SIGMA LTDA
453,0a78847fbf83,MACUCO AUTO POSTO LTDA
454,0a7ed08c596b,POSTO DIVINO LTDA.
455,0a807a6c6676,JP COMERCIO DE COMBUSTIVEIS E LUBRIFICANTES LTDA
456,0a8970fca655,AUTO POSTO NIENKOTTER LTDA
457,0a89842992c1,M C D CARVALHO & CIA LTDA
458,0ab1f38f32d6,MG COMERCIO DE COMBUSTIVEIS LTDA
459,0ab3bce5fdb8,POSTO F M DA PRATA LTDA.
460,0ab585f70fa7,COMERCIO DE COMBUSTIVEIS FLAMINGO LTDA
461,0abbdce1498a,AGUIAR PETROLEO E LOCACOES LTDA
462,0abc3dbaeb1b,CASCOL COMBUSTIVEIS PARA VEICULOS LTDA
463,0ac3f91d6fca,NEVES OLIVEIRA & CIA LTDA
464,0ad3ae3d0152,AUTO POSTO BITTENCOURT LTDA
465,0ad5efc4cb8b,ARGETAX ADMINISTRACAO E PARTICIPACOES EM EMPREENDIMENTOS COMERCIAIS LTDA
466,0ad86b50ba5c,LM REVENDEDORA DE PETROLEO LTDA
467,0ae848f3b40b,POSTO SUECIA GUACU LTDA
468,0aec750e1e6b,LUAR COMBUSTIVEIS E SERVICOS LTDA
469,0af3e57d57cc,AUTO POSTO JARDIM BRITANIA LIMITADA
470,0afd8961362a,AUTO POSTO ECO LTDA
471,0afe8c8e064f,GK COMBUSTIVEIS LTDA
472,0b1106f7cc45,AUTO POSTO MODELO DE SERTAOZINHO LTDA
473,0b13b713c6ee,AUTO POSTO GUAICURUS LTDA
474,0b1570d4f2e2,POSTO PROGRESSO LTDA
475,0b15db3fd4b2,POSTO MILLENIUM LTDA
476,0b254cd8946d,POSTO FERNANDINHO LTDA
477,0b27f34e551d,CENTRO AUTOMOTIVO HURACAN LTDA
478,0b2c50195e13,CENTRO ALTO CONVENIENCIA E COMBUSTIVEIS LTDA
479,0b2faa66e959,CARREFOUR COMERCIO E INDUSTRIA LTDA
480,0b341642c513,POSTO DE COMBUSTIVEIS BICUIBA BRANCA LTDA
481,0b455b674e7f,AUTO POSTO FAM LTDA
482,0b5ab5b6fb1e,MSA PETROLEO LTDA
483,0b605527db22,POSTO ALTEZA COMERCIO E INDUSTRIA LTDA
484,0b6718af3b08,POSTO RIO BRANCO LTDA
485,0b68c0a42ef0,POSTO DE SERVICOS PAO COM LINGUICA EIRELI
486,0b6fbbf12124,POSTO JARDIM PRIMA VERA LTDA
487,0b703aedd563,POSTO DE COMBUSTIVEIS CONCORDIA LTDA
488,0b720a26d0f4,POSTO JAVAE - EIRELI
489,0b753a6e5861,POSTO MONTE CASTELO DE RESENDE LTDA
490,0b75f186d8f7,AUTO POSTO LUA CRESCENTE LTDA
491,0b7ddd8f4a07,POSTO DE GASOLINA E LUBRIFICANTES PROPP LTDA
492,0b80c3b04fa7,CLEONICE FERREIRA SILVA
493,0b83ad92af10,PARELHAS GAS LTDA
494,0b893f96d782,POSTO LIMOEIRO COMERCIO DE COMBUSTIVEIS E LUBRIFICANTES LTDA
495,0b8c8407c750,POSTO DO PAULO LTDA
496,0b918e0b3398,POSTO Z18 LTDA
497,0b9412ef4169,AUTO POSTO DUQUE PANAMBY UM LTDA
498,0b9882ea8517,VALLE POSTOS DE SERVICOS LTDA
499,0bac74726537,ALVES E SOARES COMERCIO VAREJISTA DE COMBUSTIVEIS E LUBRIFICANTES LTDA
500,0bb09072ede6,AUTO POSTO 9 DE JULHO DE SALTO LTDA
501,0bbc5a861b5d,POSTO SAO JOSE COMERCIO DE DERIVADOS DE PETROLEO LTDA
502,0bc199cd56f6,VIA SUL POSTO SERVICE LTDA
503,0bc5a1b9cf71,RIO NEGRO COMERCIO DE DERIVADOS DE PETROLEO LTDA
504,0bc89c5f2d8d,POSTO PHB LTDA
505,0bc9cda31150,SANTO ANTONIO COMERCIO DE COMBUSTIVEL E DERIVADOS DE PETROLEO LTDA
506,0bcd34064f0c,CENCOSUD BRASIL COMERCIAL S.A.
507,0bd3132dc559,CENTRO AUTOMOTIVO CACADOR LTDA
508,0bd64583e459,AUTO POSTO PEROLA DE UBATUBA LTDA
509,0be2c4da953b,AUTO POSTO CASTELINHO MONTE ALTO LTDA
510,0be87bd033c9,AUTO POSTO SANTOS DUMONT EIRELI
511,0bfa9d68c1c9,ARCANJO E VASCONCELOS DISTRIBUIDORA DE COMBUSTIVEIS E LUBRIFICANTES LTDA
512,0bff6ea43915,AUTO POSTO BRASIL GV LTDA
513,0bff6fe35028,W A BARRETO E CIA LTDA
514,0c043bc6a799,DS CUNHA DERIVADOS DE PETROLEO LTDA - ME
515,0c09acf8685c,POSTO DE COMBUSTIVEIS PORTAL DA CHAPADA LTDA
516,0c14099adfc7,DUCK POSTO DE GASOLINA PECAS E ACESSORIOS LTDA
517,0c17a5d1e6b0,CAMPEAO 68 POSTO DE SERVICOS LTDA
518,0c1e3d1bf7a6,MM COMBUSTIVEL VITORIA LTDA
519,0c1f935e3fb8,POSTO SANTO ANTONIO COMBUSTIVEIS E TRANSPORTES LTDA
520,0c20cc9d4c67,POSTO VOLTACO DE VOLTA REDONDA LTDA
521,0c2566491428,CHAMPGAS DO BRASIL LIMITADA
522,0c2ef1b068db,SETE ESTRELAS COMERCIO DE DERIVADOS DE PETROLEO LTDA
523,0c30e2b3c5dc,EUCLIDES PEGORARO E CIA LTDA
524,0c3486f3bc18,MURIEEL Q C CARVALHO
525,0c3d01429ec8,ABASTECEDORA FAE LTDA
526,0c3d6fc0cb03,PETROBEL - PETROLEO BELTRAO LTDA
527,0c42c8a59e25,POSTO FORTALEZA LTDA
528,0c4570596b1f,MARKA COMERCIO DE COMBUSTIVEIS LTDA
529,0c4c07b7fc30,"REDE FARROUPILHA GESTAO, VAREJO E INOVACAO LTDA"
530,0c4c2b977f9d,CHAPEU DO SOL POSTO DE GASOLINA E LUBRIFICACAO LTDA
531,0c51a08a49d7,AUTO POSTO RIO VERDE LTDA
532,0c5b596abf91,POSTO DO MOINHO EIRELI
533,0c5be508c156,AUTO POSTO BONSUCESSO DE GUARULHOS LTDA.
534,0c5d134e1db3,POSTO ABOLICAO LTDA
535,0c5d304707f1,AUTO POSTO LUBEMA LTDA
536,0c64d728229f,POSTO DE COMBUSTIVEIS VALENCA LTDA
537,0c65865296c3,AUTO POSTO CUBANGO LTDA
538,0c705a842c4a,AUTO POSTO ANCONA LTDA
539,0c7bafc80bda,CURRAL NOVO COMERCIO DE DERIVADOS DE PETROLEO LTDA
540,0c81f09f6dcd,AUTO POSTO COSTA MARQUES LTDA
541,0c837b04a6fe,POSTO MONACO DE MARILIA LIMITADA
542,0c8572e0f6a2,NORDESTE COMERCIAL DE ALUMÍNIO & PETRÓLEO LTDA
543,0c8970c81e61,G10 - AUTO POSTO S.A.
544,0c8d9a0c434a,POSTO PG AEROPORTO LTDA
545,0c967c58def9,POSTO Z10 LTDA
546,0c991aab5083,CARREFOUR COMERCIO E INDUSTRIA LTDA
547,0ca0536df78f,IGUATEMI DERIVADOS DE PETROLEO LTDA
548,0ca07317a592,P. S AUTO POSTO VARZEA GRANDE LTDA
549,0cb215779f75,AUTO POSTO SAO JORGE LTDA
550,0cb2ac598b4d,SIM REDE DE POSTOS LTDA
551,0cb3a44c94dc,AUTO POSTO PITANGUEIRAS ARACATUBA LTDA EM RECUPERACAO JUDICIAL
552,0cb93b82af02,POSTO R7 LTDA
553,0cb93e4a4605,RASSA COMBUSTIVEIS E LUBRIFICANTES LTDA
554,0cba1fc7cd8a,AUTO POSTO CAMINHO DA SERRA LTDA
555,0cbc7b35e00a,L.T. NICHELE COMERCIO DE COMBUSTIVEIS LTDA
556,0cbff7cdaae8,MUCURIPE COMERCIO DE COMBUSTIVEIS LTDA
557,0cc2ab9c7deb,AUTO POSTO SPLIT LTDA
558,0cc62032c6b3,AUTO POSTO COLPANI LTDA
559,0cc86d286b52,POSTO DE PETROLEO SAMAMBAIA LTDA
560,0ccbe7c3569c,POSTO GETULIO LTDA
561,0ccc13225748,REDE DE POSTOS AUTO POSTO CENTER LTDA
562,0cda3c31605b,ENZO QUITANDINHA LTDA
563,0cdc082ca55e,GARAGE SIGARAN LTDA
564,0ce802125541,QUELUZ AUTO POSTO LTDA
565,0ce8fa72941d,POSTO DE COMBUSTIVEIS ABASTECE VALPARAISO LTDA
566,0cec6e58ea1b,AUTO POSTO PETRO DURIGAN LTDA
567,0cf4a40a48b6,POSTO 2001 DE COMBUSTIVEIS E LUBRIFICANTES LTDA
568,0cf56fb2f4d7,SEPE TIARAJU EMPREENDIMENTOS LTDA
569,0cf93a2cf863,POSTO DE COMBUSTIVEIS ANEL DO BREJO LTDA
570,0cfe1ca7d923,L&J COMÉRCIO DE COMBUSTÍVEIS LTDA.
571,0cfe976ccfe0,POSTO DE COMBUSTIVEIS TOP CASTELO LTDA
572,0cfffbc79020,POSTO SANTA TEREZINHA LTDA
573,0d0005afd76c,POSTO ALINE LTDA
574,0d027e1b09a5,AUTO POSTO ALMEIDA LTDA
575,0d02f89d2d52,POSTO XV LTDA
576,0d06f645e144,LUIZ CARLOS RIBEIRO & CIA LTDA
577,0d1196f4afaa,J M CORREA COMERCIO DE COMBUSTIVEIS LTDA
578,0d196f2272be,AUTO POSTO GUIDORZI DE ITAPOLIS LTDA
579,0d249e1ef71c,ANDRE FONTENELE BARBOSA
580,0d2f837b81c1,AUTO POSTO REBOUCAS LTDA
581,0d3b7fd415fa,POSTO OASIS LTDA
582,0d401c6ccde2,POSTO SETE DE SETEMBRO LTDA
583,0d4170d19f36,AUTO POSTO JARDIM PINHEIROS LTDA
584,0d422ca67eef,REAL PETROLEO LTDA
585,0d4289e695c9,J. M. COMERCIO DE COMBUSTIVEIS LTDA
586,0d54f8bb044a,AUTO POSTO TOLEDO LTDA
587,0d5d59979fc4,POSTO TIO ZICO V LTDA
588,0d5e8c6e2f7f,AUTO POSTO HANNAH LTDA
589,0d63ffb5a91f,IRMAOS RUSSI LTDA
590,0d6dc6258f0b,AUTO LUBRIFICADORA TRIRRIENSE LTDA
591,0d7980b58c93,POSTO ARAPONGA LTDA
592,0d7e461f4070,TALISMA COMERCIO VAREJISTA DE DERIVADOS DE PETROLEO LTDA
593,0d8562a04a37,POSTO PINHEIRENSE LTDA
594,0d8f7be24190,AUTO POSTO CANAFISTULA LTDA
595,0da270d127a3,ZAM COMERCIO DE COMBUSTIVEIS LTDA
596,0db51b56908f,AUTO POSTO DOCE MAR LTDA
597,0db58d782cfc,COMERCIO DE COMBUSTIVEIS RIO VERDE LTDA
598,0dbbe2cd1c0f,AUTO POSTO GUIMARAES LESSA LTDA
599,0dbdfed31c84,POSTO KALILANDIA LTDA
600,0dbf2910682f,AUTO POSTO RECREIO DE MOGI MIRIM LTDA
601,0dc357bbd936,POSTO LODETHI LTDA
602,0dc40af2abf3,GASNET PAULISTANO AUTO POSTO LTDA
603,0dc476582655,IGUATEMI AUTO SERVICE FRANCA LTDA
604,0dc4ec49284a,AUTO POSTO TROVAO AZUL LTDA
605,0dc8907d1f15,ALBINO F SANTOS & CIA LTDA
606,0dc8e376b216,AUTO POSTO ARCO VERDE LTDA
607,0dcd092d4003,POSTO DE COMBUSTIVEIS ECOPETRO LTDA
608,0dcf8d7ad649,MATOS E RIBEIRO LTDA
609,0ddca3c6a7ab,AUTOMIX COMERCIO DE COMBUSTIVEIS LTDA
610,0dde72e3af90,POSTO IPE LTDA.
611,0de15791f4e5,AUTO POSTO DE COMBUSTIVEL EGPP LTDA
612,0df395d7f403,JOAO MAURICIO JOHANN E CIA LTDA
613,0df6491d965b,AUTO POSTO CAMPOS  & MESQUITA  LTDA.
614,0df72535f52a,POSTO 26 LTDA.
615,0dfe25bde86a,COMERCIAL DE COMBUSTIVEIS SABIA LTDA
616,0e01af91ce47,NOVA GRANADA LTDA.
617,0e0533ea1c4c,AUTO POSTO BRASIL LINS COMERCIO DE COMBUSTIVEIS LTDA
618,0e08c685889c,STOPETROLEO S.A. - COMERCIO DE DERIVADOS DE PETROLEO
619,0e0c1af550c9,AUTO POSTO ASTORGA LTDA
620,0e1106e3f830,POSTO HUGO WERNECK LTDA
621,0e11c69c9423,S. & L. LTDA
622,0e1553c8877f,AUTO POSTO NOSSA SENHORA PENHA DE FRANCA LTDA
623,0e15fcbb9246,AUTO POSTO CASCAO LTDA
624,0e1b159994ea,CENTRO AUTOMOTIVO PRINCIPE DE GALES LTDA
625,0e2b58fe8597,POSTO ICCAR LTDA
626,0e2c2a63c165,ENZO ITAIPAVA LTDA
627,0e394943a0e8,AUTO POSTO PANEMA LTDA
628,0e399d7a2579,PARENTE & PARENTE COMERCIO DE COMBUSTIVEL LTDA
629,0e40bc29f101,CENTRO AUTOMOTIVO SELENE LTDA
630,0e423a5cacfe,JULIO FERNANDES & CIA LTDA
631,0e45f703c6ac,MONTEZUMA COMERCIO E SERVICOS DE PETROLEO LTDA
632,0e4bba7c3322,SEIXAS PETROLEO LTDA
633,0e4e20682a96,SANDER COMERCIO DE COMBUSTIVEIS LTDA
634,0e51f795a08e,LORD RODRIGO COMERCIO DE COMBUSTIVEIS LTDA
635,0e5fe7645760,POSTO CATARINAO EIRELI
636,0e6aa16d0963,AUTO POSTO PRAIAS DO SUL LTDA
637,0e76b9ba96ba,AUTO POSTO PRIMAVERA LTDA
638,0e79f6fd8c82,AUTO POSTO SERVICOS NOVA OPCAO LTDA
639,0e7cb8bd0d56,AUTO POSTO JARDIM GUEDALA & CONVENIENCIA LTDA
640,0e8921347aef,AUTO POSTO TOPAZIO LTDA
641,0e9a76bd3454,POSTO NOVA CIDADE LTDA
642,0e9ca25bf642,AUTO POSTO SENA LTDA
643,0ea21b9b244d,KALAHAN COMERCIO DE COMBUSTIVEIS LTDA
644,0eaed239c8c2,AUTO POSTO MASUT LTDA
645,0eb09170511e,POSTO DE COMBUSTÍVEL CAPRI LAGOS LTDA.
646,0eb11d931217,RODRIGUES E SILVA COMERCIO DERIVADOS DE PETROLEO LTDA - EPP
647,0eb8eb52a143,R&E POSTOS DE COMBUSTIVEIS LTDA
648,0ebcf0c6fb34,AUTO POSTO SANT'ANA DE SUMARE LTDA
649,0ec813692d2f,PETROLUZ CACERES AUTO POSTO LTDA
650,0eca80f23abb,JUAZEIRO PETROLEO LTDA
651,0ed0c8e8ece7,SILVIO A. SIVIERO LTDA
652,0ed4b272377e,CERRADO COMBUSTIVEIS LTDA
653,0ed7651c3d23,COMERCIAL BUFFON COMBUSTIVEIS E TRANSPORTES LIMITADA
654,0edec2bd9fec,AUTO POSTO MERGULHAO LTDA
655,0edff7d92668,SIM REDE DE POSTOS LTDA
656,0ee9bacb1280,MARANELLO GM AUTO POSTO LTDA.
657,0eefa6f83925,POSTO XAVANTE OLIVEIRA LTDA
658,0ef7bb7ea29f,REI FORTE COMBUSTIVEIS LTDA
659,0efd8530c99e,LH AUTO POSTO LTDA
660,0eff16fb3ed8,DAVID DE OLIVEIRA COMERCIO DE COMBUSTIVEIS LTDA
661,0f07da1008be,LAVA RAPIDO JM LTDA
662,0f07f9bec0f2,AIRTON ARNALDO DE ALENCAR FILHO - ME
663,0f0837bd7f69,IGUATEMI AUTO SERVICE MATAO LTDA
664,0f0d357c71d2,BRASIL PETROLEO COMERCIO DE COMBUSTIVEL LTDA
665,0f13392fb65f,AUTO POSTO DE COMBUSTIVEIS IDEAL LTDA
666,0f15127febc0,AUTO POSTO HB 20 EIRELI
667,0f1fc4a6e520,AUTO POSTO 70 CENTRO LTDA
668,0f2521d23a61,POSTO ITATIAIA LTDA
669,0f2de9ed3df6,POSTO JATIUCA LTDA
670,0f3686e7019c,AUTO POSTO RODOVIARIA DE LINS LTDA
671,0f41d882e879,POSTO FORUM RIBEIRAO PRETO LTDA
672,0f4696dcf74c,POSTO AZALEIA DE FRANCA LTDA
673,0f4f9dab8329,AUTO POSTO LUCAS LTDA
674,0f51782e0d21,SANTOS IND E COM LTDA
675,0f55af19559f,AUTO CENTER CIDADE JARDIM DE PIRASSUNUNGA LTDA
676,0f5adeeac81d,CASCOL COMBUSTIVEIS PARA VEICULOS LTDA
677,0f5c9bf42e0c,L DA COSTA VASCONCELOS LTDA
678,0f60cd29a8c9,AUTO POSTO PORTAL DO RIO REAL LTDA
679,0f62e5f2b8f5,MAXI POSTO IV LTDA
680,0f659e87fcb3,AUTO POSTO GUIMARAES LTDA.
681,0f681bb196df,M-30 COMERCIO DE COMBUSTIVEIS LTDA
682,0f687ff5aa05,COMERCIO DE COMBUSTIVEIS CASTRO & LIMA LTDA
683,0f68dab953bb,AUTO POSTO SALVADOR LTDA
684,0f6c4c44845e,S. MACHADO DOS SANTOS
685,0f6dced783f2,AUTO POSTO MEU CEARA LTDA
686,0f740775857c,COMERCIAL DE PETROLEO 4C LTDA
687,0f749e957c78,COMPANHIA BRASILEIRA DE DISTRIBUICAO
688,0f77e8cb228f,REDE ALSAN QUALITY JALES LTDA
689,0f8549be91b9,MIRIAN CUIABA AUTO POSTO LTDA
690,0f876868f3ea,REDE DE POSTOS SANTA MARIA LTDA
691,0f94dacafd78,AUTO POSTO GRANDES LAGOS LTDA.
692,0fa5ef0eb81d,J A LIMA & CIA LTDA
693,0fb383ab065b,POSTO DE COMBUSTIVEIS PONTE DE LIMA LTDA
694,0fb80d96ccb1,AUTO POSTO IGARATA LTDA
695,0fbcfdbbf5c9,AUTO POSTO PARQUE ONGARO LTDA
696,0fc8226eb18e,CENTRO AUTOMOTIVO HIPERION LTDA
697,0fcbb8c92eb6,POSTO DE PRODUTOS DE PETROLEO MONTE HOREBE LTDA
698,0fcfaa4b7740,STAR SHOPPING AUTO POSTO LTDA
699,0fd0fd101376,CARREFOUR COMERCIO E INDUSTRIA LTDA
700,0fd151868d9f,MARQUESA AUTO SERVICOS LTDA
701,0fd3133deaaa,AUTO POSTO DELTA LTDA
702,0fe1de1e4898,POSTO RANGEL EIRELI
703,0fe53ca7ecca,POSTO SAO PAULO AVENIDA LTDA
704,0feb0d394f47,IMPERIAL COMÉRCIO DE COMBUSTÍVEIS LTDA.
705,0fec7f738d4d,CATATAU PARANGABA COMERCIO DE COMBUSTIVEIS LTDA
706,0ff9c2122b8b,VIA INDEPENDENCIA - COMERCIO VAREJISTA DE COMBUSTIVEIS LTDA
707,0ffbb1c6a6b1,DISTRIBUIDORA DE COMBUSTIVEIS PARQUE 35 LTDA
708,0fffea62f485,POSTO BATEL LTDA
709,1002aa08bbd2,AUTO POSTO ESTACAO LESTE LTDA.
710,100c08a9cfb0,RPI - REDE DE POSTOS ITAUNA LTDA
711,101945074f35,POSTO CARAVELLAS LTDA
712,101c9d8b0424,AUTOMOTO - AUTOMOVEIS DO AMAPA LTDA
713,101de56ee388,RESULT COMERCIO DE COMBUSTIVEL E LUBRIFICANTES LTDA
714,102796dae35c,AUTO POSTO CENTER LTDA
715,10288a97f7a1,POSTO OURO LINHARES LTDA
716,1039b4287ceb,AUTO POSTO PORTAL DE LIMEIRA LTDA
717,103a39506843,SJX COMERCIO DE PETROLEO E DERIVADOS LTDA
718,103b3865c740,POSTO N. SRA DA VITORIA LTDA
719,103eaf784295,AUTO POSTO COLLINA DE ITATIBA LTDA
720,1048aac37e51,POSTO I & M COMBUSTIVEIS LTDA
721,104a12d3e91c,SIM REDE DE POSTOS LTDA
722,104c8790afae,POSTO DE SERVICOS PROFISSIONALISMO LTDA
723,104f68e32602,ECORODO BR 040 COMBUSTIVEIS LTDA
724,10535fc67f2b,AUTO POSTO SUPER RODASSUL LTDA
725,10601c777dc3,POSTO COSTA DO DENDE 75 LTDA
726,106926ca6a44,POSTO MAR DAS PEDRAS LTDA
727,106aa80c1f34,J. W. C. COMERCIO DE COMBUSTIVEIS LTDA
728,106c9f695963,AUTO POSTO CHERAIM LTDA
729,1077ab83bc30,POSTO MARRA LTDA
730,10792285533c,AUTO POSTO BANDEIRA PAULISTA LTDA
731,108a42f689e6,AUTO POSTO APACHE LTDA PP
732,109074b43a4a,AUTO POSTO SANTA CAROLINA LTDA
733,1095632eb5a2,POSTO DE COMBUSTÍVEIS CHAGAS CRESPO LTDA.
734,10991f9c98d9,DAVI'S ITALY AUTO POSTO DE SERVICOS LTDA
735,10a0c78533bc,POSTO DE COMBUSTIVEIS ULYSSE MARASCHIN LTDA
736,10a376af98f7,AUTO POSTO A & R LTDA
737,10a713d51e58,CASCOL COMBUSTIVEIS PARA VEICULOS LTDA
738,10aaeeef008c,CONDOR AUTO POSTO KENNEDY LTDA
739,10b1296015c3,POSTO J3 ARACATUBA LTDA
740,10c36b1ca0bf,FELIX FAGUNDES POSTO AUTOMOTIVO LTDA
741,10dd7afdade3,GABRIELLA GAS-STATION COMERCIO DE COMBUSTIVEIS LTDA
742,10e55886e06d,AUTO POSTO JARDIM PAU BRASIL LTDA
743,10f34fdd10be,ALBERTI COMERCIO DE COMBUSTIVEIS LTDA
744,10f3e5206c1b,AUTO POSTO ESTRELA DE VOTUPORANGA LTDA
745,10f71bf87533,POSTO SUL COMERCIO DE COMBUSTIVEIS E LUBRIFICANTES LTDA
746,10f81fce80d1,R.BORSATTO COMERCIO DE COMBUSTIVEIS LTDA
747,10f9086c04af,POSTO DE COMBUSTIVEIS CARLAO LTDA
748,10fd33c338e6,COMERCIAL NORTE SUL LTDA
749,1102ca421e82,CASCOL COMBUSTIVEIS PARA VEICULOS LTDA
750,110b334bfee6,COMERCIAL DE COMBUSTIVEIS THIESEN LTDA
751,111606c1e3b6,AUTO POSTO DIAMANTE 3 LTDA
752,111a4c787915,PIRAPANEMA SERVICOS AUTOMOTIVOS LTDA
753,111b90ca8bd4,POSTO DE COMBUSTIVEIS MAIORAL LTDA
754,111e0b076d89,POSTO ALTO MARACANA LTDA
755,111e99684a15,CENTRO AUTOMOTIVO BOA SORTE LTDA
756,1128fa26c844,AUTO POSTO UNITEC LTDA
757,1137699e0efc,POSTO DE COMBUSTIVEIS CONTORNO DE CAMPOS LTDA
758,1147c11bccd6,POSTO DE COMBUSTIVEIS JARDIM DO LAGO LTDA
759,114925eae2f3,CITY POSTO DE FRANCA LTDA
760,114b38338b05,HALLEY COMBUSTIVEIS AUTOMOTIVOS LTDA
761,11528c810279,AUTO POSTO LADEIRA DIAS LTDA
762,1161550e3dd4,AUTO POSTO OURO DE BARUERI LTDA
763,116598d52768,ARAUJO COMERCIO DERIVADOS DE PETROLEO LTDA
764,116e10618eeb,RANFATE COMERCIO DE COMBUSTIVEIS LTDA
765,11748825a4aa,POSTO SAO CRISTOVAO LTDA
766,117bf6e8a12a,NOVO POSTO TUCUMAN LTDA
767,117dc317481e,IBN PINTO E SILVA & CIA LTDA
768,117ed0c6f8db,AUTO POSTO BESSA LTDA
769,1189a0ca9096,AUTO POSTO CANELA LTDA
770,11989af7d74b,LIDER COMERCIO DE COMBUSTIVEIS LTDA
771,119ae7ed7ab3,AUTO POSTO PARAQUEDA LTDA
772,11a1e9d02a99,POSTO PLANALTO LTDA
773,11a47c206e07,PARAZZI COMBUSTIVEIS LTDA.
774,11b1c3d708e1,PFLUG COMERCIAL VAREJISTA DE COMBUSTIVEIS LTDA
775,11b53fc331fd,POSTO DE COMBUSTIVEIS FERRARI SAO MATEUS LTDA
776,11b8d48a7812,J. PEREIRA DE JESUS & CIA LTDA
777,11bb8d254c22,COMERCIO E DISTRIBUICAO SALES LTDA
778,11beb38a2007,AUTO POSTO BENEDETTI DE BIRIGUI LTDA
779,11bf1e1e38f9,POSTO CANAL 1 ARACATUBA LTDA
780,11c3d9449e13,POSTO TABOCAO X LTDA
781,11d3164d8e59,UNIAO DIESEL E LOJA DE CONVENIENCIA LTDA
782,11d64456e051,POSTO GONCALVES DIAS LTDA
783,11e1937c1b56,AUTO POSTO EXPEDICIONARIOS LTDA
784,11e38393ed4b,AUTO POSTO SC LTDA
785,11ee772bf41d,LUIZ FLOR & FILHOS LTDA
786,11ef7b86267a,KADOSHI DERIVADOS DE PETROLEO LTDA
787,11f2c40be415,COWBOY AUTO POSTO LTDA
788,11f411008810,COMERCIAL DE COMBUSTIVEIS ROSUL LTDA
789,11ff5be3fae0,JOSÉ HAMILTON VILLAÇA
790,12104d485634,PILOTO COMERCIO DE DERIVADOS DE PETROLEO LTDA
791,12159f3e68f3,TOMAZ LANDIM COMERCIAL DE COMBUSTIVEIS PLANALTO LTDA
792,121e6900dcd5,AUTO POSTO PINHEIRO COMERCIO DE COMBUSTIVEL LTDA
793,12202920d3bc,MEDEIROS COMERCIO VAREJISTA DE COMBUSTIVEIS LTDA
794,1220bd080ba7,ANTONIO DE ALMEIDA CHAVES
795,1228ba067f22,PRIME AUTO POSTO LTDA.
796,122d2609ad26,POSTO  DE  ABASTECIMENTO  AMOR  DA  ILHA  LTDA
797,1240bf27ecc1,POSTO PROGRESSO VILA  CRISTO  LTDA
798,12457bd86117,CENTRAL POSTO DE COMBUSTIVEL LTDA
799,124d3962af2e,POSTO JUPIA LTDA
800,124f3bba756f,AUTO POSTO VISAO LTDA
801,12550895ef15,AUTO POSTO HP LTDA
802,126cd3c940d5,AUTO POSTO ABREU EIRELI
803,126f39a347cf,AUTO POSTO ALTAMIRA LTDA
804,12731cc15127,AUTO POSTO CAMPO COMPRIDO LTDA
805,1285aace78e7,SUPER POSTO JC LTDA.
806,1290bdb9a193,AUTO POSTO SULIMAR LTDA
807,1292d78b6281,F R ALVES COMBUSTIVEIS LTDA - EPP
808,129504d3660b,L MOREIRA DA COSTA & FILHOS LTDA
809,1299d6ee7fb3,AUTO POSTO PRIMEIRAO DO LARANJAL LTDA
810,129dd5517e64,GUARARAPES COMBUSTIVEIS LTDA
811,12ad2823a802,CACIQUE PETROLEO LTDA
812,12ad366ea48a,POSTO TROPICAL DE COMBUSTIVEIS LTDA
813,12ad4f34edae,POSTO ROCHA POMBO LTDA
814,12af8fa7c41c,CENTRO DE CONVENIENCIA E POSTO DE COMBUSTIVEL PARATY LTDA
815,12b6eea28bf2,POSTO MARACANA COMERCIO DE COMBUSTIVEIS LTDA.
816,12b8c69c004e,QUINHONE & QUINHONE LTDA
817,12bac037c229,AUTO POSTO AG9 LTDA
818,12bb71055037,R. F. L. SAO CARLOS AUTO POSTO LTDA
819,12bdea4a51b8,POSTO CARONE LTDA
820,12c09d6e7507,TRANSVALE CARUARU COMERCIO DE COMBUSTIVEIS LTDA
821,12c11d4908f4,IPE COMERCIO DE COMBUSTIVEIS LTDA
822,12c53aa80436,POSTO BARROCAR LTDA
823,12c74e48fb7c,POSTO ESTACAO BH LTDA
824,12cf4fe48f94,AUTO POSTO TERMINAL LTDA
825,12d049b407dd,COUTINHO E COUTINHO LTDA
826,12d380c4078d,BARROS & GOMES COMERCIO DE DERIVADOS DE PETROLEO LTDA
827,12d69945381c,EMS AUTO POSTO LTDA.
828,12d743f87326,AUTO POSTO JOAO XXIII LTDA
829,12dd44ed3775,AUTO SERVICO LINDOLFO COLLOR LTDA
830,12df3e24bef7,JJS COMERCIO DE COMBUSTIVEIS LTDA
831,12f2682493a3,POSTO PORTAL DO IPIRANGA RIBEIRAO PRETO SOCIEDADE UNIPESSOAL LTDA
832,12f27cdacf5f,AUTO POSTO CASA DA PEDRA LTDA
833,12f41d598555,MASTER COMBUSTIVEIS LTDA
834,12f97af372a5,COMERCIAL GOIANA LTDA
835,12f9a13f65d5,AUTO POSTO BICOLOR LTDA
836,1300a273c3b1,AUTO POSTO MONACO LTDA
837,13083ddf7e5b,HURACAN AUTO POSTO LTDA
838,130bace1ce63,PEDROTTI E CANALE COMERCIO DE COMBUSTIVEIS LTDA
839,131216b27abb,POSTOS RENASCER LTDA.
840,1325c027b22f,AUTO POSTO SKYLAB LTDA
841,13273f71d9e0,AUTO POSTO SOLEDADE GAUCHA LTDA
842,133c88de9b4d,AUTO POSTO SERVICOS NOVA OPCAO LTDA
843,133d976c00a8,AUTO POSTO PORTAL SMS LTDA
844,13420b5a43c8,L O ARAUJO LOPES  LTDA
845,13464598c9e1,AUTO POSTO MORRO DO S LTDA.
846,13517e45ed20,COMERCIAL DE COMBUSTIVEIS CARAVELAS LTDA
847,135321211de2,LIMA E DIB LTDA
848,1355d7b649d6,JR COMERCIO DE COMBUSTIVEIS LTDA
849,135e03135d95,AUTO POSTO M & M LTDA
850,13690057a8b0,SETE ESTRELAS COMERCIO DE DERIVADOS DE PETROLEO LTDA
851,136b50b68e86,AUTO POSTO PALADI EIRELI
852,136e611da11b,POSTO PARAUAPEBAS LTDA
853,1376111bb2c3,AUTO POSTO LAGUNA LTDA
854,1378d8b3b237,STAR LIFE ECO POSTO LTDA
855,137c1bd6fb46,AUTO POSTO TOP DE PENDOTIBA LTDA
856,137f568c86f3,FLORENCE AUTO POSTO LTDA
857,13827eff44ac,CENTRO AUTOMOTIVO PORTAL DAS AMOREIRAS LTDA
858,138ac5bd49a0,AUTO POSTO BARROS MIRANDA LTDA
859,138d1421e328,AUTO POSTO FENIX ODJ LTDA
860,13981ae164ce,POSTO DO TAXISTA LTDA
861,139943a79cbd,POSTO ORION LTDA
862,139d594c4f45,CALU COMBUSTIVEIS LTDA
863,139d98e97936,CINQUENTAO COMERCIO DE COMBUSTIVEIS LTDA
864,13a051470518,SILVA SOBRINHO COMBUSTIVEIS LTDA
865,13ab4b8f2217,F & P COMBUSTIVEIS LIMITADA
866,13b77c18a642,PAINEIRAO POSTO E RESTAURANTE - EIRELI
867,13b91d326928,POSTO SAO SEBASTIAO LTDA
868,13c124e7b604,AUTO POSTO SÃO FRANCISCO LTDA.
869,13c639f746b6,AUTO POSTO BIN LTDA
870,13c65b557c22,AUTO POSTO SANTA LUZIA LTDA
871,13ca5ed715ee,AUTO POSTO DA ILHA LTDA
872,13cac67fbd14,J. M. R. BRANDAO COMBUSTIVEIS
873,13dca8a9eea0,AUTO POSTO ATOS LTDA
874,13dcccfc56bf,POSTO MAIS PORTAL DA ALEGRIA LTDA
875,13dd3c396965,AUTO POSTO PARQUE GRANADA
876,13dd481c1224,POSTO F M DA DUTRA LTDA
877,13e090f85934,MORENINHA PETROLEO LTDA
878,13e56476e1f4,COMERCIAL DE COMBUSTIVEIS CAMINHO VERDE LTDA
879,13e74cabd31e,ABASTECEDORA ABM LTDA
880,13e9e75fc655,POSTO DE SERVICOS MURAO LTDA
881,13f1c1201af5,POSTO DE GASOLINA SECULO XXI LTDA
882,13fa91ecd3dd,JET DERIVADOS DE PETROLEO LTDA
883,140b258b89ad,NORDESTE PETROLEO LTDA
884,1410bad03c30,KELLY AUTO POSTO LTDA
885,14127a39496d,POSTO DOMUNIQUE COMÉRCIO DE COMBUSTÍVEIS LTDA.
886,141c4e37e2b7,AUTO POSTO SUPREMO II LTDA
887,142b32fd1db1,SILVEIRA & DUARTE AVARÉ LTDA
888,142dd43b32dc,AUTO POSTO ARAUJO & GOES LTDA
889,1439018808b8,POSTO QUALAS LTDA
890,143abf029173,CASTELINHO COMBUSTÍVEIS LTDA.
891,143d88da6467,CENTRO AUTOMOTIVO RIVIERA LIMEIRA LTDA
892,14428de3870f,POSTO SAMUCA CUIABA LTDA
893,144c444b6322,SOC. COMERCIAL IRMAOS RODRIGUES LTDA
894,144e1ea1c2aa,POSTO DALCASTAGNE LTDA
895,14534e2af39d,COMERCIO DE COMBUSTIVEIS GHIDINI LTDA.
896,14574f44ff72,DAVO SUPERMERCADOS LTDA
897,145ab3b8c8df,POSTO CEAKA MD COMBUSTIVEIS LTDA
898,145ab465d8ee,BARRA GAS COMERCIO E SERVICOS LTDA
899,145d141a8b3d,AUTO POSTO FERNANDO FALCÃO LTDA.
900,145f7c96e50c,AUTO POSTO MARES DO SUL LTDA
901,14630bd91290,FRANCISCO ASSIS NETO POSTO IGUANA
902,146be2a650e6,M C COMBUSTIVEIS LTDA
903,146fc97f9770,POSTO PANAMERA LTDA
904,147090ec6352,REDE SUPER S 2.0 LTDA
905,1476823136bc,MARACA COMERCIO VAREJISTA DE COMBUSTIVEIS LTDA
906,1489eebd1d82,MAFRA E MAFRA COMERCIO VAREJISTA DE COMBUSTIVEL LTDA
907,148ec7aacbe9,AUTO POSTO FERNANDO CORREA DA COSTA LTDA
908,148f60e18766,POSTO ALTERNATIVA DE COMBUSTIVEL E SERVICO LTDA
909,14986d03bdb4,AUTO POSTO TREVI LTDA.
910,149f317d6f05,AUTO POSTO PEGASSUS DOURADO LTDA
911,14a5b4008237,DERIVADOS DE PETROLEO TS LTDA.
912,14a609ed1d22,COMERCIAL BUFFON COMBUSTIVEIS E TRANSPORTES LIMITADA
913,14a7c0d662c0,GUILHERME BRISOLA MACHADO & CIA LTDA
914,14a8fe93cd7d,POSTO CONTORNO LTDA - EPP
915,14bc02f46e86,POSTO WAP LTDA
916,14bc1783eb8f,AZUL TIRRENO POSTO DE SERVIÇOS LTDA
917,14be54caad18,AUTO POSTO VICTOR ANDREWS LTDA
918,14c88c4c2f4f,POSTO ALTERNATIVA DE COMBUSTIVEL E SERVICO LTDA
919,14cd31509894,NICOLAU DERIVADOS DE PETROLEO LTDA
920,14d438d43bbd,VM FERNANDES COMERCIO DE COMBUSTIVEIS LTDA
921,14d71fbdc582,MARCIANO COMERCIO DE COMBUSTIVEIS E LUBRIFICANTES LTDA
922,14daad691f70,IDVALDO MONTEIRO & FILHOS LTDA
923,14ded269336f,AUTO POSTO SUPER FORMULA LTDA
924,14eabc5c690f,POSTO DOM BOSCO LTDA
925,14ebf09b7dbb,AUTO POSTO M & J ALVES COMERCIO DE COMBUSTIVEIS LTDA
926,14ed6103870e,SOTTA ARARAS POSTO DE COMBUSTIVEIS LTDA
927,14f281c6c813,POSTO TOTAL ARARAQUARA EIRELI
928,14f5e9bf6475,AUTO SHOPPING DERIVADOS DE PETROLEO LTDA
929,14fa360347b7,POSTO ROUXINOL LTDA
930,1501fda3b8e1,POSTO JIRAU LTDA
931,150fbdea8661,AUTO POSTO LAGOA DOURADA LTDA
932,15112971b980,MUCURIPE RONDONIA COMERCIO DE COMBUSTIVEIS LTDA
933,151a29b8477b,AUTO POSTO TROPICAL DE SAO CARLOS LTDA
934,151d5d2b19b6,NEWS SHOPPING PONTA DAREIA LTDA
935,1520bcb0c106,COMERCIO DE COMBUSTIVEIS PETROSOJA IV LTDA
936,1526324621ef,POSTO PETROBRASIL III LTDA
937,152e24c83d10,COMERCIAL DE COMBUSTIVEIS PASQUALINI LTDA
938,153d8e794bf8,AUTO POSTO DUQUE PIRATININS LTDA.
939,153e330b7b20,AUTO POSTO OURO PRETO LTDA
940,15406f6e182e,DALLAS CENTRO DE ABASTECIMENTO DE COMBUSTIVEIS LTDA
941,15424921f278,ABASTECEDORA DE COMBUSTIVEIS MIRELA LTDA
942,1555b4f28fc3,POSTO ITAMARATI - JAYA LTDA
943,155b4fe40eb2,ALYSSON SMITH DA NOBREGA MAIA
944,1563114823d9,AUTO POSTO J P ARARAS LTDA
945,15670f886d35,POSTO BOM RETIRO LTDA
946,156850d3e554,POSTO ARAPONGAS COMERCIO DE COMBUSTIVEIS LTDA
947,15709f25a91b,POSTO NOVA BRASILIA LTDA
948,157c131c351d,POSTO 2015 COMBUSTÍVEIS LTDA.
949,157ccb88c7fc,AUTO POSTO AERO RANCHO LTDA
950,157e6d462d2e,COMERCIAL JARDIM CACULA LTDA.
951,1580e30a2878,POSTO PETROTURBO LTDA
952,15852c784f2d,AUTO POSTO COLINA ARAÇATUBA LTDA
953,158ecebfca32,FM PETROLEO E EMPREENDIMENTOS LTDA
954,1592990f7fb2,POSTO TUIUIU COMERCIO DE PETROLEO E DERIVADOS LTDA
955,1596ee18c976,AUTO POSTO SALOME LTDA.
956,159c810d74d8,AUTO POSTO JARDIM RECREIO LTDA
957,15a4a7baa4d8,POSTO DE COMBUSTIVEIS VOO LIVRE KM 52 LTDA
958,15ab268caa6c,COMERCIO DE COMBUSTIVEIS PARATI MINUANO LTDA
959,15ac08de36d1,GBI COMBUSTIVEIS LTDA.
960,15aff561a35e,AUTO POSTO CRM LTDA
961,15cdf5e6d503,ARARAS AUTO POSTO LTDA
962,15cf6c5e617f,LBL POSTO DE SERVICOS EIRELI
963,15d06db09f5a,AUTO POSTO DO IPE - RIO PRETO LTDA.
964,15d8a808eac9,REDE VIP - COMERCIO VAREJISTA DE COMBUSTIVEIS LTDA
965,15dd32b420fc,AVENIDA PRODUTOS DE PETROLEO LTDA
966,15e549408dc0,A D L COMERCIO DE COMBUSTIVEIS LTDA
967,15eb92f65ab5,AUTO POSTO TITANS LTDA
968,15f518ee371b,COMERCIAL AMAZONIA DE PETROLEO LTDA
969,15fac8260798,AMPARO POSTO DE COMBUSTIVEIS LTDA
970,15fec8d89e84,DEUSNEI - COMERCIO DE COMBUSTIVEIS E LUBRIFICANTES LTDA
971,160085076182,AUTO POSTOS BRASIL LTDA
972,1607810fbcea,JESUS JOSE NOGUEIRA JUNIOR LTDA
973,16226f5c00a8,MJS AUTO POSTO LTDA
974,1624f464f011,AUTO POSTO INTERNACIONAL RACING LTDA
975,162c67c2e6d9,POSTO BELA VISTA DE RIBEIRAO PRETO LTDA
976,162d0eb34974,POSTO SERRA DA TIRIRICA LTDA
977,16305b442fdb,MP POSTOS E LOGISTICA LTDA
978,163150b4630c,POSTO DE GASOLINA NOVA JERUSALEM LTDA
979,163b8b00466c,J A D ARAUJO & CIA LTDA
980,16413599ea30,FLOR DE LIZ DERIVADOS DE PETROLEO LTDA - EPP
981,164bf08d1076,COOPERATIVA DE CONSUMO DE INUBIA PAULISTA
982,165330bb0f80,SIM REDE DE POSTOS LTDA
983,16549ebb30e8,ROCABALEZ COMERCIO DE COMBUSTIVEIS - EIRELI
984,1657702e6c28,POSTO J3 ARACATUBA LTDA
985,1661b94aef00,HABIA ROCHA FIGUEIREDO
986,166408357780,POSTO 4 LTDA
987,166d09500687,AUTO POSTO GIGANTE TANCREDO LTDA
988,166e13694152,AUTO POSTO VALE NEVADO LTDA
989,167222e1c8d6,AUTO POSTO ESMERALDAS LTDA
990,168d46f13b8a,HD PETROLEO 14 LTDA
991,169708ea0f4d,ARARA FLUMINENSE COMERCIO DE COMBUSTIVEIS LTDA.
992,16976e3b8357,AUTO POSTO LENNO LTDA
993,1698e0b7ca16,M COELHO PINTO  LTDA
994,169a3297fabd,PEDRA BRANCA POSTO DE COMBUSTIVEIS LTDA
995,169f2a78b494,AUTO POSTO LUZ LTDA
996,16bb79185480,POSTO T-SETE LTDA
997,16bdabead835,POSTO 22 LTDA
998,16c3845b3a38,COMERCIAL DE COMBUSTIVEIS ESSEN LTDA
999,16caabd52a68,AUTO POSTO SÃO PAULO DE TUPÃ LTDA.
1000,16cebd6d75be,AUTO POSTO TUIM LTDA.
1001,16df5126bb42,AUTO POSTO ZAMBON LTDA
1002,16e5a5abd0e9,RADECK DERIVADOS DE PETROLEO LTDA
1003,16e8574ab404,POSTO AROEIRA DE RIBEIRAO PRETO LTDA
1004,16f64a58efed,AUTO POSTO W'QUATRO LTDA
1005,16fb3d511f7e,ORDAMAS ORGANIZACAO DAMAS LTDA
1006,16fecf5c651b,POSTO DE SERVICOS VILA PARAISO LTDA
1007,1702cbacfc3d,AUTO POSTO PALOMA LTDA
1008,170400c2a520,POSTO JAGUARE LTDA
1009,170420c2bfdd,POSTO MONTE CARLO RIO PRETO LTDA
1010,170b02a1c531,AUTO POSTO COMENDADOR LTDA
1011,170c723cad9e,AUTO POSTO VITORIA COMERCIO DE COMBUSTIVEIS LTDA
1012,170d3fff88f4,POSTO TIMBOZAO ITAPERUNA LTDA
1013,170dba80c691,SETE COLINAS COMBUSTIVEIS LTDA
1014,1714f86151d9,POSTO ITAPARICA F1 LTDA
1015,1716b64f918f,POSTO DE ABASTECIMENTO DOIS IRMAOS LTDA
1016,1716dd364e8f,HADDAD & HADDAD LTDA
1017,1718b41ef516,POSTO DLS COMBUSTIVEIS LTDA
1018,171d5dfa80fd,AUTO POSTO PETROGAS LTDA
1019,171edb4cffd7,AUTO POSTO SERRANO LTDA
1020,17247504e934,POSTO ALGODOAL PIRACICABA LTDA
1021,1729522717ea,K.L.L. POSTO DE ABASTECIMENTO E SERVICOS LTDA
1022,172b4b9878a4,LAVAJATO AQUARIUS LTDA
1023,172c33171a45,POSTO MILENA PALMAS LTDA
1024,17430a671bd8,TRICAR COMERCIAL DE COMBUSTIVEIS LTDA
1025,1743e0715e45,AUTO POSTO AGRO LTDA
1026,174785835b46,AUTO POSTO DE COMBUSTIVEIS M C 2000 DE SANTA IZABEL LTDA
1027,175631de654f,COMERCIAL DE COMBUSTIVEIS VILA RICA LTDA
1028,17584eb29be9,AUTO POSTO CB PAR CAMPINAS LTDA
1029,17663205cb27,QNA COMERCIO DE COMBUSTIVEIS LTDA
1030,1766334f516e,HILSE SIMOES AUTO POSTO LTDA
1031,1768d2d59e17,MARIZA MARIA WLADYKA MARINHO LTDA
1032,17717dfe68f5,AUTO POSTO OBJETIVO LTDA
1033,177740ea5221,CENTRO AUTOMOTIVO PAINEIRAS LTDA.
1034,177d36812721,CENTRO AUTOMOTIVO RUBY LTDA
1035,17826ac25724,LIMA BORGES & CIA LTDA
1036,1782b55174d3,AUTO POSTO GCS LTDA
1037,178876aaaaf5,STAR BLUE AUTO POSTO LTDA.
1038,1789e8e7bda8,ROGER SOUZA DA SILVA
1039,178dee161954,AUTO POSTO BAGAS LTDA.
1040,1791a21a8dcc,MACK XII COMERCIO DE DERIVADOS DE PETROLEO LTDA
1041,1792d6e6cfbd,POSTO BOA VISTA LTDA
1042,17941e055887,REDE JOJO DE COMBUSTIVEIS II LTDA
1043,179bc3803dc6,AUTO POSTO CENTENARIO BEBEDOURO LTDA.
1044,17a8fa20a28f,COMERCIAL RECAMONDE DERIVADOS DE PETROLEO LTDA
1045,17b5c01ae01b,STOCK COMERCIO DE COMBUSTIVEL LTDA
1046,17b92fe19369,MS COMERCIO DE DERIVADOS DE PETROLEO LTDA
1047,17c02d311ab8,AUTO POSTO TREZE DE MAIO LTDA
1048,17d4fb09b5c5,SIM REDE DE POSTOS LTDA
1049,17d551b4d947,POSTO CARVALHO HERRERA LTDA
1050,17ddf31a59dd,AUTO POSTO ACELERA 2 LTDA
1051,17deb742ed77,E. P. O. COMERCIO DE DERIVADOS DE PETROLEO LTDA
1052,17f232049de7,COM DE DER DE PETROLEO BARRETO LTDA
1053,17fb801a9905,AUTO POSTO CLASSE A LTDA
1054,180ede891779,POSTO SANTA TEREZINHA LTDA
1055,18116fef80c7,AUTO POSTO R&R LTDA.
1056,1812e39da595,OLIVEIRA CARNEIRO COMERCIO DE COMBUSTIVEIS LTDA
1057,1815b15de3a1,AUTO POSTO GALEGAO LTDA
1058,1820cc66380d,ALMADA & CIA LIMITADA
1059,183b8cd20661,CENTRO AUTOMOTIVO ESQUILOS LTDA
1060,1847f1851eb7,POSTO OFICINAS LTDA
1061,184ee7ad87cf,AUTO POSTO VISTA BELLA LTDA.
1062,184f1266105d,TREVO DERIVADOS DE PETROLEO LTDA
1063,185c50eb265f,CENTRO AUTOMOTIVO UDINE LTDA
1064,185c74f044e9,SENA PARK AUTO POSTO LTDA
1065,186135990217,J B ALVES DE PAULO AFONSO
1066,186999864715,AUTO POSTO CALIFORNIA LTDA
1067,187393d7cfa8,POSTO COLORADO LTDA - ME
1068,18776e0ce26d,V. MACHADO & CIA LTDA
1069,18842f4b3941,AUTO POSTO TAKÁO LTDA.
1070,188fc89acf72,VIA SUL LTDA
1071,1894897a8766,USA - UNIDADE DE SERVICOS E ABASTECIMENTO AUTOMOTIVO LTDA
1072,18977cb820a5,PETROLEO MONTES CLAROS LTDA.
1073,18a3a18b574f,MENDES & FILHOS COMERCIO DE COMBUSTIVEIS LTDA
1074,18b189e2d0ea,R D COMERCIO VAREJISTA DE COMBUSTIVEIS E LUBRIFICANTES LTDA
1075,18b3fa7226fc,AUTO POSTO PADRE ANTONI LTDA
1076,18b4a8e2513f,AUTO POSTO DAS ALTURAS LTDA
1077,18b5df39372d,AUTO POSTO PETER PAN 01 LTDA
1078,18b6106a4be9,POSTO Z+Z HOUSING LTDA
1079,18bf7db04359,POSTO IMIGRANTE LTDA
1080,18c227e8f696,ANDRADE DERIVADO DE PETROLEO E TRANSPORTE EIRELI
1081,18c27bde6533,AUTO POSTO MORIA LTDA
1082,18c2d60be902,REC SERVICOS AUTOMOTIVOS LTDA
1083,18dc79534c17,VALLE POSTOS DE SERVICOS LTDA
1084,18dcdee32311,AUTO POSTO EMANOEL LTDA
1085,18df0cadb3ca,AUTO POSTO DT LTDA
1086,18e0bd8af023,POSTO IAPI EIRELI
1087,18e2661cdb80,AMORIM & CORREIA LTDA
1088,18e6a84c6329,REDE DE POSTOS R4 LTDA
1089,18e8343c73c2,POSTO RAVANELLO LTDA.
1090,18eab54b670e,POSTO TOTAL 970 LTDA
1091,18f6d25c9915,AUTO POSTO INFINITY DE ITAQUA LTDA
1092,18fc9838da89,AUTO POSTO PAVAO CASTELINHO LTDA
1093,18fcca42fc68,CARREFOUR COMERCIO E INDUSTRIA LTDA
1094,190b1536fab5,POSTO PEREIRA & MOTA EMPREENDIMENTOS LTDA
1095,190dc2575464,AUTO POSTO COMERCIO DE COMBUSTIVEL UNIAO LTDA
1096,190fe09b9aae,ARLINDO DOS SANTOS DUTRA COMERCIO DE COMBUSTIVEIS LTDA
1097,19121e830e3d,ABREU FLORES & PEREIRA LTDA
1098,191e227f7387,AUTO POSTO L.C LTDA
1099,1927f9329f0f,AUTO POSTO ESTRADAO LTDA
1100,192812bd3620,SOBRAL & PALACIO PETROLEO LTDA
1101,192a5b6a88f6,AUTO POSTO CINCO ESTRELAS LTDA
1102,192d219e5c5c,ROTONDO AUTO POSTO LTDA.
1103,192f7195984f,PSJT COMERCIO DE COMBUSTIVEIS LTDA
1104,19359e7f459b,BRAX COMBUSTIVEIS LTDA
1105,19365a813fb8,POSTO AMARELINHO B. P. LTDA
1106,193b286bedb2,J C DA S FARIAS EIRELI
1107,193df794b9cf,TNE COMBUSTIVEIS REFINARIA LTDA
1108,194e1355786e,AUTO POSTO ABC LTDA
1109,194eda6554fd,POSTO ANTARES LTDA
1110,194f1e9397a1,LEONISIA N. N. BARROSO LTDA
1111,19506ae85cc3,POSTO CACHOEIRINHA LTDA.
1112,19648ae1e453,POSTO ASTRAL LTDA
1113,196563479438,DIAS BLANCO COMERCIO DE COMBUSTIVEIS LTDA
1114,1966b00042ce,AUTO POSTO NOVA PIRATININGA LTDA
1115,197202a8bd94,AUTO POSTO TAMANDUA LTDA
1116,1977b146d13b,AUTO POSTO FERREIRA AMADO LTDA
1117,1977cff0d9bc,FARIAS E LESSA COMERCIO DE COMBUSTIVEIS LTDA
1118,19789b15b097,POSTO DE SERVICOS DUQUE ALPHAVILLE LTDA
1119,197d6c26ff02,AUTO POSTO MORUMBI ITALIA LTDA
1120,197d9a95e9e2,POSTO DE SERVICOS PORTAL DA ESPRAIADA LTDA
1121,19855b5aec56,AUTO POSTO SAO BENEDITO DE GUARATINGUETA LTDA
1122,198c4ab6bc54,FERLIM & FERLIM LTDA
1123,198e49e314e5,GNV CABANA LTDA
1124,19954029230d,AUTO POSTO BARILOCHE DE CAXIAS LTDA
1125,1999599a59ea,POSTO DE ABASTECIMENTO A GAS 2000 DE CAXIAS LTDA
1126,19a5fccb712d,SIM REDE DE POSTOS LTDA
1127,19ad77be4c7b,AUTO POSTO ANIELLI LTDA
1128,19b008c47b57,POSTO MINEIRO LTDA
1129,19b6c03e551c,POSTO PANTANAL BORBA GATO LTDA
1130,19b86758f953,AUTO POSTO SIRACUSA LTDA
1131,19b93cc96afd,AUTO POSTO JARDIM VALO VELHO LTDA
1132,19bbd53b6ba7,AMF COMERCIAL DE DERIVADOS DE PETROLEO LTDA
1133,19bc55cad2c8,MARQUESA AUTO SERVICOS LTDA
1134,19bcb7f269e5,REVISE COMBUSTIVEIS LTDA
1135,19c3307158e2,AUTO POSTO SAO JOSE LTDA
1136,19c817d16fa0,A. SOUZA FECHINE & CIA LTDA
1137,19c9bb25996f,POSTO VILA ECONOMICO LTDA
1138,19d853cc6c94,ARMANDO GENARO NETO POSTO
1139,19db4d346eb2,POSTO PASCOAL PRUDENTE LTDA
1140,19e862598ea2,POSTO VENCEDOR LTDA
1141,19e87d1e0bf0,DOM PEDRO II COM DE COMBUSTIVEIS E LUBRIFICANTES LTDA
1142,19eaccc6ccff,AUTO POSTO IMPERIAL ATIBAIA COMERCIO DE COMBUSTIVEIS LTDA
1143,19efb4284be6,AUTO POSTO FREITAS & MAIA LTDA
1144,19f91b712756,COMERCIAL GIULIANO LIMITADA
1145,19faeabd5f72,J R SOARES & SOUZA LTDA
1146,1a0d50a74307,MARTINS COMÉRCIO DE COMBUSTÍVEIS LTDA
1147,1a0efc3bad3d,POSTO ZE CARIOCA II LTDA
1148,1a1047124dea,ABASTECEDORA DE COMBUSTIVEIS VIA QUALITY SPOHR FILHO LTDA
1149,1a155d465fd7,POSTO BRASIL CACHOEIRO LTDA
1150,1a18afb8faa2,AUTO POSTO FERNANDO STECCA LTDA
1151,1a271da24240,AUTO POSTO VILA FATIMA LTDA
1152,1a2c98fa67e0,ANTONIO AVELAR DE CARVALHO ANDRADE LTDA
1153,1a2d33bbe788,AUTO POSTO GUARU PARK LTDA
1154,1a313f55ac25,POSTO CENTER NORTE LTDA
1155,1a49658c82fb,AUTO POSTO BARBOSA & MAGALHÃES LTDA
1156,1a52f224ee7d,GP EXCELGAS LTDA.
1157,1a5bacf7a68b,POSTO E GARAGEM RAJA DE CASCADURA LTDA
1158,1a67bbf32c83,COMERCIAL DE COMBUSTIVEIS PAULISTA US LTDA
1159,1a6b4a35f3d4,COOPERATIVA DOS PLANTADORES DE CANA DO OESTE DO ESTADO DE SAO PAULO
1160,1a704bcbc2e3,POSTO DE ABASTECIMENTO UBA GERAIS LTDA.
1161,1a78136eac70,POSTO UNI ICARAY LTDA
1162,1a7a32bbc1f6,POSTO CASTELAO LTDA
1163,1a7a32d1a2cf,AUTO POSTO DE COMBUSTIVEL CUMBUCO LTDA
1164,1a8e903af739,POSTO BARBADOS LTDA
1165,1a8f219eb695,CACAPAVA COMERCIO DE PETROLEO LTDA
1166,1a8f417fe440,AUTO POSTO SUCAO LTDA
1167,1a9624eb64db,AUTO POSTO ESTRELA DO SULLTDA
1168,1a9f522115bd,AUTO POSTO SOMAR LTDA
1169,1aa0ca991a69,COMERCIAL BUFFON COMBUSTIVEIS E TRANSPORTES LIMITADA
1170,1aa3edb4b351,JG COMERCIO DE PETROLEO LTDA
1171,1aa76a2b3cd4,ORGANIZACAO DE PETROLEO SHOPPING LTDA
1172,1ab225856fc2,AUTO POSTO NOVO TUCURUVI EIRELI
1173,1abf8c915e14,LIMA COMERCIAL DE COMBUSTIVEIS LTDA
1174,1ac0e6fd870a,L2 AUTO POSTO LTDA
1175,1acde3a02d1f,V A VICENTE - EPP
1176,1acf04a5f574,POSTO APIPUCOS LTDA
1177,1ad94565bc79,BEATRIZ TEIXEIRA LACERDA CAMPOS
1178,1add52d23561,ALMEIDA E BARROS COMERCIO LTDA
1179,1ae37c93403c,PORTAL POSTO DE COMBUSTIVEIS LTDA
1180,1ae38c7169b0,AUTO POSTO MARACANA LTDA
1181,1aedc80cde23,CATUAI BRASIL - COMERCIO DE COMBUSTIVEIS LTDA
1182,1af6bd77a9b6,BATISTA E ESTANISLAU LTDA
1183,1afa8962881e,POSTO J LTDA
1184,1aff3f2b2716,POSTO VILA MARIA DIAS LTDA
1185,1b00b6d8222d,CASCOL COMBUSTIVEIS PARA VEICULOS LTDA
1186,1b141a6a1140,MAXXI  COMBUSTIVEIS E DERIVADOS LTDA
1187,1b1d02b1a16b,LP COMBUSTIVEIS LTDA
1188,1b1d18b329d7,AUTO POSTO APPALOOSA LTDA
1189,1b20419aaa76,AUTO POSTO PHOENIX DE PIRACICABA LTDA
1190,1b34fa04d59b,AUTO POSTO DELTA MAR LTDA
1191,1b3ca842d02b,SEPE TIARAJU EMPREENDIMENTOS LTDA
1192,1b3fc8d16bfd,MANAUS COMERCIO DE DERIVADOS DE PETROLEO LTDA
1193,1b41a521082e,AUTO SERVICO AEROPORTO EIRELI
1194,1b4881a3bff3,PLANALTO POSTO DE SERVICO LTDA
1195,1b4edc442aa2,AUTO POSTO AEROCLUBE DE PIRASSUNUNGA LTDA.
1196,1b5014d099c7,AEK COMERCIO DE COMBUSTIVEIS LTDA
1197,1b51887d977f,PRIMEIRO ALEGRETE COMERCIO DE COMBUSTIVEIS LTDA
1198,1b58c63ec7cb,POSTO R.E.M. LTDA
1199,1b59ea442e39,CARDINAL E OLIVEIRA LTDA
1200,1b5a1eeef64e,ACOPEL - AMERICO COMERCIAL DE PETROLEO LTDA
1201,1b6030454d46,CW 332 SERVICOS AUTOMOTORES LTDA
1202,1b62c6a0f78a,DESI COMERCIO DE COMBUSTIVEIS LTDA
1203,1b6374b5a87c,AUTO POSTO PRAIA DE SAO FRANCISCO LTDA
1204,1b649df00f45,PARK AUTO POSTO LTDA
1205,1b6518f5898a,PETROGREEN COMERCIO DE COMBUSTIVEIS LTDA
1206,1b68156e5035,SANTANA & FERNANDES COMBUSTÍVEIS LTDA.
1207,1b7490950d84,POSTO CENTRAL LTDA
1208,1b7c2e213e70,PETROGAMA COMERCIO DE COMBUSTIVEIS LTDA
1209,1b7ef27c61e1,AUTO POSTO SANTAREM LTDA
1210,1b8ee60f8646,AUTO POSTO BOTAFOGO LTDA
1211,1b9059973089,AUTO POSTO CASCATINHA LTDA
1212,1b9154d048f8,M D PETROLEO LTDA
1213,1b959b391bde,PORTOPETRO COMBUSTIVEIS LTDA
1214,1ba91d507830,POSTO VIA PONTE LTDA.
1215,1bb0164a95ef,REDE BRISAS CLASS COMERCIO DE COMBUSTIVEIS LTDA
1216,1bb6f1cdead4,AUTO POSTO G2 LTDA
1217,1bb7fefe8e35,MANFRIN E MARTANI & CIA LTDA
1218,1bb9d869603a,POSTO JARDIM VITORIA LTDA
1219,1bc13af16d76,POSTO DE ABASTECIMENTO BARRA MONTEIRO LTDA
1220,1bc6de2a7502,ABASTECEDORA DE COMBUSTÍVEIS DJ LTDA.
1221,1bccd62d74ee,POSTO LM - EIRELI
1222,1bd7b1c794de,AUTO POSTO KNOX LTDA
1223,1bd9206cbfb8,POSTO E RESTAURANTE PRIMAVERA LTDA
1224,1bdf64258d7e,POSTO MILL LTDA
1225,1bed097dd086,MARREIRO & AQUINO LTDA - EPP
1226,1bf6f798391d,AUTO POSTO NOVA ZILDA LTDA
1227,1bf7e45acb53,KLEBER SANTOS BATISTA LTDA
1228,1bfa3c82bf5e,POSTO J MACARIO III LTDA
1229,1bfc7e73bb0f,TRIPLO X AUTO POSTO LTDA
1230,1c08fd5a07eb,AUTO POSTO CAMPOS FLORIDOS LTDA
1231,1c0b2a51caad,GETGAS DO BRASIL POSTO DE GAS NATURAL VEICULAR LTDA
1232,1c0fa7f32cb5,FLAVIO E MARIANO DERIVADOS DE PETROLEO LTDA
1233,1c256047495a,POSTO M M KURIYAMA COMERCIO DE DERIVADOS DE PETROLEO  LTDA
1234,1c261b93ee97,POSTO FERRAZ & FERRAZ LTDA
1235,1c28a4006dd6,REDE DE POSTOS PRESIDENTE LTDA
1236,1c2b7ea7dba3,AUTO POSTO J J P DERIVADOS DE PETROLEO LTDA
1237,1c2cbbb17c23,INOUYE E FORGERINI LTDA
1238,1c39bbaf6e35,SOLECAR - AUTO POSTO LTDA
1239,1c4138089d27,PETRORADIO COMERCIO DERIVADOS DE PETROLEO LTDA
1240,1c43724db32a,AUTO POSTO REALEZA LTDA.
1241,1c44b1315c30,CALOPSYTA COMERCIO DE COMBUSTIVEIS E DERIVADOS DE PETROLEO LTDA
1242,1c4cc006a107,COMERCIAL DE COMBUSTIVEIS AEROPORTO LTDA
1243,1c53b4c909ac,POSTO ALDO RODOVIA DOS IMIGRANTES LTDA
1244,1c57886a7d06,ALEXANDRE FELIPE FRANCA
1245,1c5800a80c07,J J COMBUSTIVEIS LTDA
1246,1c67f217b9da,OASIS COMBUSTIVEIS LTDA
1247,1c680cb40915,CENTRO AUTOMOTIVO BUSCA VIDA LTDA
1248,1c7eb8495cf2,CENTRO AUTOMOTIVO BRUSQUE LTDA
1249,1c83901e310c,ROCHA & RESPLANDES LTDA.
1250,1c84fcc3c4c1,BELUMA COMERCIO DE COMBUSTIVEIS LTDA
1251,1c909886565e,AUTO POSTO IPE S. J. DOS CAMPOS LTDA
1252,1c93e82d4862,CARREFOUR COMERCIO E INDUSTRIA LTDA
1253,1c96730224f9,COOPERATIVA AGRICOLA MISTA GENERAL OSORIO LTDA
1254,1c9cf49dd650,POSTO DE COMBUSTIVEIS AQUI BETIM LTDA
1255,1ca9581dfe7b,AUTO POSTO MILANO - RIO CLARO LTDA
1256,1caa7b2792d6,PENINHA AUTO POSTO LTDA
1257,1cb0aa7bbf5c,AUTO POSTO ICARO II LTDA
1258,1cb22d1a1b8c,AUTO POSTO ANHANGUERA LTDA
1259,1cb7ddbef7cd,POSTO NOSSA SENHORA APARECIDA LTDA
1260,1cb99a491ef1,BARCELONA COM. DE COMBUSTIVEIS LTDA
1261,1cbc7bda9dd2,N OLIVEIRA POSTO JACAREZINHO
1262,1cc1eaa3eb74,ROMA TRUCK CENTER LTDA
1263,1cc4474791aa,ANDRADE E BARBOSA LTDA
1264,1cd7490546f2,PODIUM COMERCIO DE PNEUS AUTO CENTER LTDA
1265,1cda6e3d5c75,AC NORTE LTDA.
1266,1cdb738b77e6,C. F. C. AUTO POSTO LTDA
1267,1ce126249293,POSTO CN LTDA
1268,1ce18c3184cb,AUTO POSTO LAVAJATO LTDA
1269,1ceb3c387ec0,F P COMBUSTIVEIS LTDA
1270,1ceb7f849870,SIM REDE DE POSTOS LTDA
1271,1cefef6b6fe6,AUTO POSTO JARDIM DAS FLORES LTDA
1272,1cf2fa5e113c,VIEIRA & RANITE LTDA
1273,1cf5771ad47e,AUTO POSTO LS COMERCIO DE COMBUSTIVEIS LTDA
1274,1cfa17894678,AUTO POSTO RODRIGO LTDA
1275,1d031b831099,GARAVELO AUTO POSTO LTDA
1276,1d05d9f9de37,AUTO POSTO E RESTAURANTE CASTELO LTDA
1277,1d066e10f163,ANDRADE E CARONE BEBEDOURO COMERCIO DE COMBUSTIVEIS LTDA
1278,1d0e1fffd38f,GBI COMBUSTIVEIS LTDA.
1279,1d17f6d7fb7f,COMSERVICO LTDA
1280,1d1f8b579ab9,AUTO POSTO JARDIM DAS AMERICAS LTDA
1281,1d2356a47b9d,AUTO POSTO MM LTDA
1282,1d280bc33788,AUTO POSTO CASIL LTDA.
1283,1d3d597ebf64,AUTO POSTO JONGA II COMERCIO DE COMBUSTIVEIS E LUBRIFICANTES LTDA
1284,1d41aa4410e2,POSTO DE SERVICOS EURO FUEL LTDA
1285,1d52c8b7f80b,AUTO POSTO BETEL LTDA - EPP
1286,1d5c53e5868b,POSTO MACEDAO LTDA
1287,1d5d2e25a590,POSTO TREVISO LTDA
1288,1d65a9d78bac,PETRO COMERCIO DE COMBUSTIVEIS LTDA
1289,1d6f9f3dea83,POSTO UNIVERSITARIO MACEDO LTDA
1290,1d70ab2c2ef0,COMERCIO DE COMBUSTIVEIS NEVOEIRO LTDA
1291,1d8f2d460fb2,GARAGEM BELEM LTDA
1292,1d98854414d0,JP SANTA LUCIA COMERCIO DE COMBUSTIVEIS LTDA
1293,1d98858c8d4b,AZULAO COMERCIO DE COMBUSTIVEIS EIRELI
1294,1d9c33209a43,WMS SUPERMERCADOS DO BRASIL LTDA.
1295,1da14a567303,VITORIA - PETRO DERIVADOS DE PETROLEO LTDA
1296,1da1be446f7f,AUTO POSTO GREEN HOUSE LTDA
1297,1daa0827ff2e,R & A COMERCIO DE COMBUSTIVEIS LTDA
1298,1db04b5c22e0,POSTO LEAO DE JUDA LIMITADA
1299,1db1fc5e931e,MEGA POSTO DE COMBUSTIVEIS LTDA
1300,1db5283ddc63,CUSTODIO D. SOUZA & FILHO LTDA
1301,1dbf98cce3ad,AUTO POSTO BALI LTDA
1302,1dbfa3ac033e,GS COMBUSTIVEIS LTDA
1303,1dc16803d424,AUTO POSTO TOP LTDA.
1304,1dc2fc02aab1,POSTO SIM LTDA
1305,1dcc5509498c,WF3 COMERCIO DE COMBUSTIVEIS LTDA
1306,1dd8fa0f02f1,ARAUJO COMERCIO DE COMBUSTIVEIS LTDA
1307,1ddad4db1112,POSTO DE COMBUSTIVEL IDEAL LTDA
1308,1ddde44b0083,DERIVADOS DE PETROLEO TEUNA LTDA
1309,1ddfbac69fd3,VEGAS DE OSASCO COMERCIO VAREJISTA DE COMBUSTIVEIS LTDA
1310,1deb3f8ccc57,AKI COMERCIO DE COMBUSTIVEIS E SERVICOS LTDA
1311,1df08f403f20,AUTO POSTO INDIO TIBIRICA LTDA
1312,1df0c8631d11,POSTO E HOTEL DI'VAN LTDA
1313,1dfd7c362533,POSTO JENSEN LTDA
1314,1e0477fa8602,S N FREITAS DERIVADOS DE PETROLEO ME  - ME
1315,1e0d643d7ff9,ABASTECEDORA DE COMBUSTIVEIS PIRATINI LTDA
1316,1e0d79cf176f,REDE SUPER S 2.0 LTDA
1317,1e10128eadc1,POSTO DE GASOLINA SAO SEBASTIAO DE BELFORD ROXO LTDA
1318,1e1331c1a17b,AZE AUTO POSTO LTDA
1319,1e167de05292,FM COMERCIO E DERIVADOS DE PETROLEO LTDA
1320,1e1993e3724e,AZEVEDO COMERCIO VAREJISTA DE DERIVADOS DE PETROLEO LTDA
1321,1e1b784bb8b9,AUTO POSTO WAVE LTDA
1322,1e22cc75ebe9,PATIO CONTORNO COMERCIO DE COMBUSTIVEIS LTDA
1323,1e2396ec23a3,AUTO POSTO CHAPADAO DE ATIBAIA LTDA
1324,1e2de05e04aa,CIDADE DO VINHO - COMÉRCIO VAREJISTA DE COMBUSTÍVEIS LTDA.
1325,1e376ff17dd8,COQUEIRO COMBUSTIVEIS E SERVICOS LTDA
1326,1e3d773d81fd,POSTO ITATIAIA PRESIDENTE PRUDENTE LTDA
1327,1e46d73e02bd,AUTO POSTO 314 NORTE LTDA - ME
1328,1e4776854674,VENEZA COMÉRCIO DE COMBUSTÍVEIS E SERVIÇOS LTDA.
1329,1e4983b7d80e,OCTOBERPOSTO COMERCIO DE COMBUSTIVEIS LTDA
1330,1e546216877f,PACHECO PETRO LTDA
1331,1e569a6f97d7,CASA AVENIDA COMERCIO DE COMBUSTIVEIS LTDA
1332,1e5c41550ccf,AUTO POSTO CRISTALINA LTDA
1333,1e5df62f3d74,AUTO POSTO DANTAS LTDA
1334,1e5eec88c34b,POSTO ITAMARATI VISAO FUTURO LTDA
1335,1e5efbc148cd,DELTA FENIX AUTO POSTO LTDA
1336,1e6653d1e6c6,AUTO POSTO CEAEME LTDA.
1337,1e674a6cf531,CHIQUINHO AUTO POSTO DE JALES LTDA
1338,1e6ac62d88a7,FORMOSA POSTOS LTDA
1339,1e720c0a2066,AUTO POSTO ESTRADA DOS ROMEIROS LTDA
1340,1e8b40ed6f08,CATARINA COMERCIO DE COMBUSTIVEIS LTDA
1341,1e8decd03135,AUTO POSTO GARDÊNIA AZUL LTDA
1342,1e97429b76ec,J.B. RODRIGUES JUNIOR & CIA LTDA
1343,1e9a0370395a,POSTO REFORCO 6 LTDA
1344,1e9a7b6d9684,VITORIA COMBUSTIVEIS LTDA
1345,1ea21f760da6,POSTO OLIVEIRA LTDA
1346,1eba465032ee,SERVICAR S/A
1347,1ec8da93f903,SIM REDE DE POSTOS LTDA
1348,1ed270ac39d2,AUTO POSTO CANINDE LTDA
1349,1ed4f7dd1194,POSTO MACACO 6 LTDA
1350,1ee2101ef4b2,POSTO PINHEIRO LTDA
1351,1ee8075a9e92,AUTO POSTO REDE SOUZA LTDA
1352,1eeca7eb14e4,POSTO DE COMBUSTIVEIS LETICIA LTDA.
1353,1ef3a349189e,AUTO POSTO DS LTDA
1354,1ef8e28dd2e1,POSTO TOCANTINS LTDA
1355,1efe2322c75c,ABASTECEDORA ABM LTDA
1356,1f00e72ef132,AUTO POSTO JET-LAV SETTI & SETTI LTDA.
1357,1f02c36eba56,EUROGAS - POSTOS DE SERVICOS LTDA.
1358,1f04573436b6,NICOLAU DERIVADOS DE PETROLEO LTDA
1359,1f0578e2b5d3,QUINTINO E LEAO COMERCIO DE COMBUSTIVEIS LTDA
1360,1f05d8f25f28,POSTO OCEANO DE MARICÁ LTDA
1361,1f094e559938,AUTO POSTO ILHA DO ATLANTICO LTDA
1362,1f0e002b87df,AUTO POSTO IBERA LTDA
1363,1f101815aaae,NEYJHON COMÉRCIO DE DERIVADOS DE PETRÓLEO LTDA. - ME.
1364,1f19144f42ff,POSTO DE ABASTECIMENTO ITUANO LTDA.
1365,1f1a8d623398,AUTO POSTO GARANHUNS LTDA
1366,1f2181761400,AUTO POSTO RIVIERA INDEPENDENCIA LTDA
1367,1f2aced003b9,SIM REDE DE POSTOS LTDA
1368,1f31ecd317aa,AUTO POSTO R&R ALDEIA LTDA
1369,1f4c94168de9,AUTO POSTO IPANEMA FILADELFIA LTDA
1370,1f52b769c687,POSTO Z8 LTDA
1371,1f5c1a2bd7f2,ALMEIDA COMERCIO DE DERIVADOS DE PETROLEO LTDA
1372,1f6f1d7c1ff6,PERSICI COMERCIO DE COMBUSTIVEIS LTDA
1373,1f7648e333e4,AUTO POSTO JUNINHO EXPRESS PARANAGUA LTDA
1374,1f769295f0c5,AUTO POSTO ESQUINA LIMITADA
1375,1f7853a8ca41,ABASTECEDORA DE COMBUSTIVEIS PHOENIX II LTDA
1376,1f7f0e11bbf6,LUBRAS DISTRIBUIDORA LTDA
1377,1f88dad6aa18,DEVILLE REVENDEDORA DE COMBUSTIVEIS LTDA
1378,1f923a8400b2,BALBINO & CIA LTDA
1379,1f929577c3b2,AUTO POSTO CHACARA JAFET LTDA
1380,1f96f4b72c37,AUTO POSTO CONGONHAS LTDA
1381,1f99f3f5fe9a,POSTO BEM AMIGOS LTDA
1382,1fb19837f590,CENTRO COMERCIAL AVENIDA IMIGRANTES LTDA
1383,1fb586eb50f8,AUTO  POSTO SMC LTDA
1384,1fc9515019df,COMERCIO DE DERIVADOS DE PETROLEO JOYCE VIII LTDA
1385,1fd8527631cd,WQFRANCISCA JANAINA RODRIGUES
1386,1fdc6c5840e3,AUTO POSTO QUEBRAMAR LTDA
1387,1fe601ab0ead,AUTO POSTO HAWAII LTDA
1388,1feaf458ff2d,POSTO DE COMBUSTIVEIS BRUNO LTDA
1389,1ff311d99670,A C DE SOUSA LUBRIFICANTES LTDA
1390,1ff7e3c1677a,AAMM COMERCIAL DE COMBUSTIVEIS LTDA
1391,1ffc397e1677,AUTO POSTO BELAS ARTES LTDA. EPP.
1392,1ffe0b72e00d,AUTO POSTO FARELHONES LTDA
1393,2006325b00bc,ADALFREDO FERRISI & CIA LTDA
1394,200ae4aae7ef,MARIA RODRIGUES SOUZA
1395,200d8d972275,AUTO POSTO RABELO LTDA
1396,2011928115d4,AUTO POSTO PUPIM LTDA
1397,20124ce4ea3d,ALBATROZ DERIVADOS DE PETROLEO LTDA
1398,2012c4444f5c,COMERCIO DE COMBUSTIVEIS NEVOEIRO LTDA
1399,2015f20124ad,HORTOLAN POSTO DE COMBUSTIVEIS LTDA
1400,201a26e1597c,STT - COMERCIO DE COMBUSTIVEIS LTDA
1401,201ab368413a,NOGUEIRA CASSARO COMERCIO VAREJISTA DE COMBUSTIVEIS E LUBRIFICANTES LTDA.
1402,2027b2211c4f,REDE LK DE POSTOS LTDA
1403,2028867ab4e7,POSTO BONANZA LTDA
1404,20298eb0c5c7,CENTRO AUTOMOTIVO RIVIERA POMPEIA LTDA
1405,202d8fd1490a,TREVO DERIVADOS DE PETROLEO LTDA
1406,203085417e52,HIROCHI KITAGAWA & CIA LTDA
1407,2043223f907a,ROSA & FILHO COMERCIO DE COMBUSTIVEIS LTDA - ME
1408,2056dc4489f8,POSTO JOTA DOIS LTDA
1409,2057d2f7bcbc,POSTO PIRATINI LTDA
1410,2074b1baeadf,AUTO POSTO SQUINZARI LTDA
1411,20862e006578,POSTO FACIL LTDA
1412,208631ab14bd,POSTO NACIONAL - COMERCIO DE DERIVADOS DE PETROLEO LTDA
1413,208bbe515654,CASCOL COMBUSTIVEIS PARA VEICULOS LTDA
1414,208d49e80a37,AUTO POSTO SCAPIM LTDA. - ME
1415,208d6847bd17,AUTO POSTO BIGORRILHO PARK LTDA.
1416,208fc029f527,VIEGAS AUTO POSTO LTDA
1417,20aa18a216a0,LIBERDADE COMBUSTIVEIS LTDA
1418,20b5662d6b19,AUTO POSTO MARIA MONTEIRO LTDA
1419,20b56ba70b45,AUTO POSTO G.E.M.LTDA
1420,20b663eefc03,COMERCIAL RUI BARBOSA DE GUARATINGUETÁ LTDA
1421,20b6712f0813,AUTO POSTO BR 65 LTDA
1422,20c0cfe4c656,POSTO PARADAO DA 101 LTDA
1423,20c6533c2962,AUTO POSTO RAVENA LTDA
1424,20cb596accdd,POSTO AVENIDA DAS TORRES LTDA
1425,20e3ba825763,POSTO ALINE LTDA
1426,20e97fa177b5,MUTIRAO COMERCIO E DERIVADOS DE PETROLEO EIRELI
1427,20e9e3c48293,AUTO POSTO NOVA ITAQUERA LTDA
1428,20f7de2577fd,ROSSO COMERCIO VAREJISTA DE COMBUSTIVEIS LTDA
1429,20fc17e2000b,COMERCIAL DE COMBUSTIVEIS MARTINS LTDA
1430,2100726fd69b,POSTO FABRIL COMBUSTIVEIS E LUBRIFICANTES LTDA
1431,210492fe78b0,AUTO POSTO GARANHUNS LTDA
1432,210e56a17db3,HMAX COMBUSTIVEIS E LUBRIFICANTES LTDA
1433,21157829b5c7,SANDER COMERCIO DE COMBUSTIVEIS LTDA
1434,21177f0977af,VW - COMERCIO DE COMBUSTIVEIS LTDA
1435,211aa0cdee0f,RM 1 - COMERCIO DE COMBUSTIVEIS E LUBRIFICANTES LTDA
1436,211db8f9c701,POSTO 4 COMERCIO DE COMBUSTIVEIS LTDA
1437,21229937808c,RJF2 COMBUSTIVEIS E CONVENIENCIAS DE UMUARAMA LTDA
1438,212431076216,M COSTA COMERCIO E SERVICOS LTDA
1439,2124adc5ccdc,AUTO POSTO LEBRAO LTDA
1440,212f1ae3be44,TORTELLI COMERCIO DE COMBUSTIVEIS LTDA
1441,21325ed3a38d,MAXDIESEL DERIVADOS DE PETROLEO LTDA
1442,213efabe3392,AUTO POSTO NSQP . LINS LTDA
1443,21452e988308,AUTO POSTO PHOENIX DE ITAPEVA LTDA.
1444,214afc8abebe,FABIANA ELIANE DE CARVALHO MIRANDA - ME
1445,214c47e5af22,POSTO IMPERIAL BRACUI LTDA
1446,214e4a94f150,AUTO POSTO TITONELI LTDA
1447,21584453fdbf,AUTO POSTO LADEIRA DA SERRA LTDA
1448,2160021f9fba,SPICE AUTO POSTO LTDA
1449,216e9841335e,CORVETA COMERCIO DE COMBUSTIVEIS LTDA.
1450,216ffa6e720e,SILVA COUTO & CIA LTDA.
1451,21748f1c0b1e,COMERCIO CARVALHO LTDA
1452,217611cc9f79,MADRIGAL COMÉRCIO DE COMBUSTÍVEIS LTDA.
1453,2185675817c3,POSTO CAIAPO DIESEL LTDA
1454,2185b5b1634e,LARRATEA COMERCIO DE COMBUSTIVEIS LTDA
1455,218976cf7190,POSTO DE ABASTECIMENTO VITORIA 040 LTDA.
1456,218a18f5c1eb,ARIBERTO TRIDAPALLI
1457,218d4ac32479,DK COMERCIO DE DERIVADOS DE PETROLEO LTDA
1458,218db4e6b4ad,MG DERIVADOS DE PETROLEO LTDA
1459,219c456587d7,AUTO POSTO TUPY TRES CORACOES LTDA
1460,21b2df987795,POSTO NOTA 1000 DE ITABORAI COMERCIO DE COMBUSTIVEIS E LUBRIFICANTES LTDA
1461,21baec1d88df,PB COMBUSTIVEIS LTDA
1462,21bed05ed42f,AUTO POSTO CIDADE DE MARILIA LTDA
1463,21bf4c0c5600,CHICHETTO AUTO POSTO LTDA
1464,21bfc5d939bb,COTRAMA COMERCIO E TRANSPORTES AMADORI LTDA
1465,21bfc685c8be,POSTO VICTORIA 3 LTDA
1466,21c1b009905d,AUTO POSTO CASCATA LTDA
1467,21c1eb543201,AUTO POSTO ESPERANCA LL LTDA
1468,21c59c852133,AUTO POSTO REDENTOR LTDA
1469,21cfc90b8683,POSTO SANTA ISABEL LTDA
1470,21d417fde15e,POSTO TIDA LTDA
1471,21d6709f7c68,POSTO FAZGRAN JUNDIAI LTDA
1472,21dc95c9fcfb,FERREIRA PARTICIPACOES E EMPREENDIMENTOS LTDA
1473,21e516755851,PORTAL DO PETROLEO XI E DERIVADOS LTDA
1474,21ec278961ce,VIF COMERCIO DE COMBUSTIVEIS LTDA
1475,21ee5f0f979f,MANAUS COMERCIO DE DERIVADOS DE PETROLEO LTDA
1476,21eed9b9f3c0,AUTO POSTO PARQUE VIANA LTDA
1477,21f4a3ad9347,GB COMERCIO DE COMBUSTIVEIS EIRELI
1478,221837abaa07,CENTRAL AUTOMOTIVO DE ABASTECIMENTO BANDEIRA II LTDA.
1479,2225eccda894,"GOES COMBUSTIVEIS, LUBRIFICANTES E GLP LTDA"
1480,222c53c1cb22,POSTO DE COMBUSTIVEIS HELIX EIRELI
1481,223184939b48,AUTO POSTO MASTER MARACANA
1482,22333cbc3f81,AUTO POSTO ROCADO LTDA
1483,22373d6fcba4,BIG POSTO AVENIDA LTDA
1484,223fcd5643b2,SETE ESTRELAS COMERCIO DE DERIVADOS DE PETROLEO LTDA
1485,2242841761a8,CENTRO AUTOMOTIVO PORTAL BORDON LTDA
1486,2244568c499d,AUTO POSTO DWB EIRELI
1487,224711e3dc7d,RIZZOTTO & CIA LTDA
1488,224a0e0e1270,POSTO MALLON CENTRO LTDA
1489,225a108583d5,POSTO XODO LTDA
1490,226427e7afb7,AUTO POSTO ESAL LTDA.
1491,2265e6e0862d,AUTO POSTO PARQUE CIDADE NOVA LTDA
1492,226672f9c9df,BATISTA PEREIRA & RODRIGUES LTDA
1493,2267d94ea370,POSTO DE GASOLINA BINGEN LIMITADA
1494,2271c7f8875d,ARI NOGUEIRA DOS SANTOS COMBUSTIVEIS
1495,2273a7d395b4,AUTO POSTO MAIORAL LTDA
1496,227638e93a6c,AUTO POSTO ALELUIA LTDA
1497,2279bb116d28,ODIRLEY FREITAS PEREIRA LTDA
1498,22844ed40187,AUTO POSTO CURVELO LTDA
1499,22871828eee5,AUTO POSTO 14 DE JULHO SAO JOAO DA BOA VISTA LTDA
1500,2290e9a4e937,AUTO POSTO LC PARAISO LTDA
1501,229e54c2b3ee,POSTO DE COMBUSTIVEIS EL CHARIF LTDA
1502,22a28d72aa41,AUTO POSTO ACQUA BOOL LTDA
1503,22a5fdf7789e,AUTO POSTO CAMARGOS EIRELI
1504,22a87f2ab581,REDE LK DE POSTOS LTDA
1505,22af83fd3d57,POSTO DE SERVICOS RIMACRIS LTDA
1506,22b348617a1d,JR COMERCIO E PRESTACAO DE SERVICOS LTDA
1507,22bbfe43be10,POSTO JACUECANGA LTDA.
1508,22c9064d457d,AUTO POSTO PINOTTI LTDA
1509,22cafbd5f645,AUTO POSTO MINUANO LTDA
1510,22d1808646ea,AUTO POSTO WALTER SANTOS
1511,22d2af75df0d,POSTO FRANCA CLARAVAL LTDA
1512,22d345cc8262,PETROLAGOS COMBUSTIVEIS LTDA
1513,22db12b6b82d,AUTO POSTO FALCAO DO TERMINAL LTDA
1514,22dc267401fe,REDE DOM PEDRO DE POSTOS LTDA.
1515,22e367d893e1,LAGO AZUL COMBUSTIVEIS LTDA
1516,22ea4f03ed0e,AUTO POSTO MAVERICK LTDA
1517,22f9eb7e7add,AUTO POSTO DE COMBUSTIVEIS IMPERIAL LTDA
1518,22fe6f4ab850,AUTO POSTO LÚDIO LTDA
1519,2302d9567736,CENCOSUD BRASIL COMERCIAL LTDA.
1520,230e955f2091,POSTO VASCONCELOS COMERCIO DE COMBUSTIVEIS LTDA
1521,2310759f2fab,AUTO POSTO IRMAOS ALVES LTDA
1522,2319621862a3,AGUIAR PETROLEO E LOCACOES LTDA
1523,23228bcd223d,SERVI POSTO CAPRI LTDA
1524,232c32f72faa,POSTO Z20 LTDA
1525,23344f62fe0f,' BG NORTE PETROLEO LTDA ''
1526,233f01cc05d4,POSTO DE COMBUSTIVEIS RN LTDA
1527,2347ebfbd447,A M COMERCIO DE COMBUSTIVEIS LTDA
1528,23493a01e04c,POSTO DE SERVICOS 23 DE MAIO LTDA
1529,235153aa1587,AUTO POSTO PORTAL DA VOLUNTARIOS LTDA
1530,2352c78b3f6b,DERIVADOS DE PETROLEO SAJ LTDA
1531,2359564a2975,CENTRO AUTOMOTIVO BAP RODOANEL LTDA
1532,235cc28ec934,AUTO POSTO POTENZA LTDA
1533,2372f516e038,BRAGAL BENFICA AUTO POSTO DE ABASTECIMENTO E GARAGE LTD
1534,2377b9884eaf,AUTO POSTO MUSSI LTDA
1535,2385c79a49cd,DEL REY COMERCIAL DE COMBUSTIVEIS LTDA
1536,239662ee0fce,C&A COMERCIO DE COMBUSTIVEIS LTDA
1537,23a00308f734,CARAMURU - SERVICOS AUTOMOTIVOS LTDA.
1538,23a0d6f02d3b,RAP COMERCIO DE COMBUSTIVEIS LTDA
1539,23a6c02add60,POSTO DE SERVICOS UNIAO DE MATAO LTDA
1540,23a9350e6879,REVENDA DE COMBUSTIVEIS BEZERRA CAVALCANTI LTDA
1541,23af0dd5b921,AUTO POSTO DALA RIVA LTDA
1542,23b9af2c0ae1,POSTO PRINCESA DO SUL LTDA.
1543,23bc699e7291,CORDEIRO BARROSO PETROLEO LTDA
1544,23c39b9d4f59,ALPHA CENTER SERVICOS AUTOMOTIVOS LTDA
1545,23c8b93c39cc,AUTO POSTO ESTRELA SANTISTA LTDA
1546,23cf5ce74f8e,AUTO POSTO CRIARTE LTDA
1547,23d307163802,POSTOS MAHLE LTDA
1548,23d453c57246,VINICIUS C BRAUN
1549,23e3a623c0a6,AUTO POSTO SENTIDO DO MAR LTDA
1550,23eb66083294,POSTO RIO TAPAJOS EIRELI
1551,23f07bc3e8af,TRANSPORTADORA AGAL LTDA
1552,23f144143483,CACIQUE PETROLEO LTDA
1553,23f23342bff9,POSTO ICCAR LTDA
1554,23fec869b3b1,M. S. SILVA - COMERCIO DE COMBUSTIVEIS
1555,23ff02f70e41,MACEDO E MOTA LTDA
1556,240a0ee93be6,POSTO DE SERVICOS RIOLIS LTDA
1557,240cb66440d7,COMERCIAL BUFFON COMBUSTIVEIS E TRANSPORTES LIMITADA
1558,240cedfd4993,MILENA ELOISA VILLAVERDE POSTO DE COMBUSTIVEISLTDA
1559,240e194ad679,AUTO POSTO CASARAO DA FACO LTDA
1560,240f8ad6a42d,REDE DE POSTOS 2000 I DE COMBUSTIVEIS LTDA
1561,241106c9117d,VITRINE - COMERCIO VAREJISTA DE COMBUSTIVEIS LTDA
1562,241638dce716,APIGUANA MAQUINAS E FERRAMENTAS LTDA
1563,241b9cab866b,AFG COMERCIO DE COMBUSTIVEIS LTDA
1564,24242489f105,POSTO CHE LTDA
1565,2424538a2874,AUTO POSTO SAO FRANCISCO LTDA
1566,24278e290929,POSTO MONTE SANTO LTDA
1567,242924e500aa,V. BRAMBILA & CIA. LTDA.
1568,242a53742c5f,AUTO POSTO META LINEAR LTDA
1569,242d3f3c62b4,AUTO POSTO TABARE LTDA
1570,24315bc3b31f,POSTO VOLKSSETE LTDA
1571,243e30869027,AUTO POSTO RUA 16 LTDA
1572,2446204f52ee,AUTO POSTO PRAIAMAR LTDA.
1573,244d187eddda,COMERCIAL PETROLEO E DERIVADOS LTDA
1574,244fba03110e,AUTO POSTO SALES BEZERRA LTDA
1575,24512ecb1f5c,AUTO POSTO OSASCO COUNTRY LTDA
1576,24564a21eb51,REDE MM COMBUSTIVEIS EIRELI
1577,24584838fdb2,POSTO PAULISTA PNEUS LTDA
1578,245bcccc341a,AUTO POSTO DENVER LTDA
1579,245c0a16a189,POSTO FAROL LTDA
1580,245cf71fef53,AUTO POSTO PEROLA PRATA LTDA
1581,246400fa3476,AUTO POSTO RIO DA PRATA LTDA
1582,246945d5964e,POSTO DE GASOLINA FELICI LTDA
1583,2474ff12fb58,AUTO POSTO SAQUAREMA LTDA
1584,2475f53f946a,AUTO POSTO LEAO DA BAIXADA LTDA
1585,247da45448c1,SIM REDE DE POSTOS LTDA
1586,24827959dfe0,AUTO POSTO AMERICA DE BAURU II LTDA.
1587,248579ae3279,POSTO TIO PATINHAS LTDA
1588,2489ac4700bf,ROMANO & PERFEITO LTDA.
1589,248e178507c4,AUTO POSTO FAROL DA PRACA LTDA
1590,248e4568e96f,AUTO POSTO VITORIA DE MOGI MIRIM LTDA
1591,249108cbb9b2,CENTRAL AUTO POSTO LTDA
1592,24960f7c8ab3,GARCIA TINOCO COMERCIO DE COMBUSTIVEIS LTDA
1593,249b586f6b56,SHEKYNAH COMERCIO DE COMBUSTIVEIS LTDA
1594,249ccb67175b,COMERCIAL DE DERIVADOS DE PETROLEO ANTUNES ROLIM LTDA
1595,24c058cb50e0,S&F COMERCIO DE COMBUSTIVEIS E LUBRIFICANTES LTDA
1596,24c7cdab87b5,POSTO DE SERVICOS 2002 LTDA
1597,24c8950d168d,POSTO GENTIL TEOFILO OTONI LTDA - EPP
1598,24ca57cbd8ae,VIA 050 COMBUSTIVEIS LTDA
1599,24cf46f0b65e,AUTO POSTO LAMBARI LTDA
1600,24e1dcfd40f5,CONDOR AUTO POSTO LINHA VERDE II LTDA
1601,24e7b405dd19,POSTO DE SERVICOS ANHANGUERA LTDA
1602,24f24680f66d,REDE TIRADENTES POSTOS DE COMBUSTIVEIS LTDA
1603,24f48ff481c2,I L N CARMINATI LTDA
1604,24f5b7e5412f,A. SOUZA FECHINE & CIA LTDA
1605,24ffe12320b5,JAUMIR MUCHELIM CALEGARINE
1606,250536a3cb18,COTRIM E MELO COMBUSTIVEIS LTDA
1607,25059ba94b8e,RODOBRAS COMBUSTIVEIS LTDA
1608,2505ec397369,POSTO DE GASOLINA GAUCHAO DE TRES RIOS LTDA
1609,25094f36aec4,MACARRRAO AUTO POSTO LTDA
1610,251af018f33c,AUTO POSTO K XII LTDA
1611,251c37bb3da0,POSTO MONTE CARLO MARILIA LTDA
1612,2520eca0c21e,AUTO POSTO PRA FRENTE BRASIL LTDA
1613,252a1aa6f667,AUTO POSTO CITY ARICANDUVA LTDA
1614,252b746cd56c,SIM REDE DE POSTOS LTDA
1615,252c197bd2dc,FERNANDO SILVINO DE LIMA COMERCIO VAREJISTA DE COMBUSTIVEIS LTDA
1616,25306e9f8306,MARCIO A SPOSITO TRANSPORTES LTDA
1617,2533a5edc5a3,F.J. COMERCIO DE COMBUSTIVEIS LTDA
1618,2537780c45ba,CHAPARRAL COMERCIO DE COMBUSTIVEIS AUTOMOTIVOS LTDA
1619,2537db530813,AUTO POSTO THIAGO LTDA
1620,253ca018f598,GNV CABANA LTDA
1621,2540b08abfad,PETRO RICCIO 3 COMERCIO DE COMBUSTIVEIS E LUBRIFICANTES LTDA
1622,254166cd7c22,AUTO POSTO SERENO LTDA
1623,2543d6b466fd,XINGU AUTO POSTO LTDA
1624,254879ae3905,AUTO POSTO PARQUE DAS NACOES LTDA
1625,254d1d4dd021,AUTO POSTO CONTINENTAL GUARULHOS LTDA
1626,2555bbb071e4,AUTO POSTO MALONI LTDA
1627,2559dde0a135,COMERCIAL DE COMBUSTIVEIS VIP LTDA.
1628,255a0c16887b,ABC DISTRIBUICAO DE PETROLEO LTDA
1629,256960925793,CASCOL COMBUSTIVEIS PARA VEICULOS LTDA
1630,256d3c08ed04,COMERCIO E DISTRIBUICAO SALES LTDA
1631,256dca2392d3,CENTRO AUTOMOTIVO MOINHOS DE VENTO COMERCIO DE VEICULOS LTDA
1632,25708595ca7d,AUTO POSTO ESTORIL UBERABA CENTRO LTDA
1633,25719030436f,POSTO SERVAUTO LTDA
1634,25733f8fcf1e,MAN GNV LTDA.
1635,2579f59d69a7,POSTO DE SERVICOS CITY TAIPAS LTDA
1636,2589aebdc000,AUTO POSTO CARREIRO LTDA
1637,259453dafcd8,AUTO POSTO FALCON COMBUSTIVEIS LTDA
1638,2594cf031447,SINAL VERDE COMERCIO DE DERIVADOS DE PETROLEO LTDA - ME.
1639,2597b8631ad4,AUTO POSTO BRASIL GAS SP-RJ LTDA
1640,25a3bab28000,AUTO POSTO AQUARIUS DE PRESIDENTE PRUDENTE LTDA
1641,25a53853f897,AUTO POSTO VILA SONIA LTDA
1642,25a756b866ce,CASCOL COMBUSTIVEIS PARA VEICULOS LTDA
1643,25b5aa7e38e7,COOPERATIVA AGROINDUSTRIAL ALFA
1644,25b6573c3105,AUTO POSTO SANTA RITA DO OESTE LTDA.
1645,25ba93f28a83,AUTO POSTO COMENDADOR DE BEBEDOURO EIRELI
1646,25bba5ae3721,MAHLE MORRINHOS COMERCIO DE COMBUSTIVEIS LTDA
1647,25bcecac3d17,AUTO POSTO CIDADE LTDA
1648,25c58979476d,AUTO POSTO VALPARAISO LTDA
1649,25c6656bf9d7,AUTO POSTO PORTAO EIRELI.
1650,25c7da478e3d,POSTO CARMELITANO LTDA
1651,25ca912c22b8,MP POSTOS E LOGISTICA LTDA
1652,25cb496faaf5,POSTO SAO CRISTOVAO LTDA
1653,25ce14492669,AUTO POSTO EDROMA LTDA.
1654,25d6b63a64ce,AUTO POSTO PLAYGAS LTDA
1655,25d93c4869e2,L N N BARROSO EIRELI
1656,25dd737ba431,AUTO POSTO RIO BRANCO DE ARACATUBA LTDA
1657,25eaf74b7bc1,AUTO POSTO LIDER DE UBATUBA LTDA
1658,25eb14edf2a2,AUTO POSTO MEGA LTDA
1659,25f1ccfdac76,NEO EXATA COMERCIO E DIST DE COMBUSTIVEIS LTDA
1660,25f1fc0ac835,AUTO POSTO ROBERTO LTDA
1661,25f5031a4433,JMIC COMERCIO DE DERIVADOS DE PETROLEO LTDA
1662,25fae551dc81,AUTO POSTO ALCANTARA LTDA
1663,2606b88686fe,F.J.M BORGES E CIA LTDA
1664,2608589adade,POSTO CANADA LTDA
1665,260ade625343,ARINELLA IMIGRANTES COMERCIO VAREJISTA DE COMBUSTIVEIS LTDA
1666,2610eea39869,PETROIBI COMERCIO DE DERIVADOS DO PETROLEO LTDA
1667,261196d1d733,AUTO POSTO PETROVAL LTDA
1668,261449b107e9,NUNES & AGUIAR LTDA
1669,2618dda950d2,RONI COMERCIO DE COMBUSTIVEIS LTDA
1670,262108a85e2f,GARCIA & GARCIA AUTO POSTO LIMITADA
1671,2624feac75ac,POSTO SALDANHA & CAMARGO LTDA
1672,2625444569ed,POSTO SATURNINO RANGEL MAURO LTDA
1673,2630c8a90e30,SAO MATHEUS COMERCIAL DE GAS LTDA
1674,2636563bd57a,P-50 ESTACAO DE SERVICOS AUTOMOTIVOS LTDA.
1675,26387de0c09c,POSTO DE COMBUSTIVEIS ESTEVAO E CIA LTDA
1676,263a67df938c,TCD COMERCIO DE COMBUSTIVEIS LTDA
1677,263f226af9b1,BEZERRA E FILHO LTDA
1678,26403bd4f6f3,COMECIAL VALMOR LTDA
1679,264752fb763c,POSTO DE GASOLINA MACAIA 2004 LTDA. EPP
1680,26567046ea74,AUTO POSTO LEAL E LEAL LTDA
1681,265b366f30d8,POSTO VANIA DE ABASTECIMENTO LTDA
1682,266308b81a2a,POSTO HOMERO CASTELO BRANCO LTDA
1683,266eeaf4f9f6,AUTO POSTO CORUMBA LTDA
1684,267e91760726,POSTO ESTORIL DE FRANCA LTDA
1685,26940297eb56,PIT STOP DERIVADOS DE PETROLEO LTDA
1686,26969bbeac54,CENTRO AUTOMOTIVO BELLAGIO LTDA
1687,269830c826b6,BENTIVI DERIVADOS DE PETROLEO LTDA
1688,26a084b21230,POSTO TUNEL LAVRAS LTDA
1689,26a6b98c15d0,ECCOMANIA COMERCIO DE COMBUSTIVEIS E DERIVADOS DE PETROLEO LTDA
1690,26b4a16b0526,AUTO POSTO 3S NOVA PIRACICABA LTDA
1691,26b96dc02912,ESKINÃO II AUTO POSTO DE SERVIÇOS LTDA
1692,26cfe6e40a10,AUTO POSTO ANHANGUERA ITUMBIARA EIRELI
1693,26d689429509,POSTO MAR NEGRO LTDA
1694,26d9949394cf,RNC COMBUSTIVEIS LTDA
1695,26dd86e2f53e,SOL COMERCIAL DE DERIVADOS DE PETROLEO EIRELI
1696,26deb180dc9c,POSTO TROVAO LTDA
1697,26dfe2f4df62,HOLANDA & MARQUES LTDA
1698,26ed65b3667d,AUTO POSTO EUROPA LTDA.
1699,26f118f97d27,FARIA LIMA COMERCIO DE COMBUSTIVEL LTDA
1700,26f30859d8e5,P.J.D. ABASTECEDORA LTDA
1701,26f69fb841ff,PETROVEL PETROLEO VELOSO LTDA
1702,26f7e70d55e5,AUTO POSTO NOSSA SENHORA DO ROSARIO LTDA
1703,2705c1b583ef,POSTO DE GASOLINA EL NINHO LTDA
1704,27110cc95272,POSTO LONGANA LTDA
1705,2716fe68b0e9,CASCOL COMBUSTIVEIS PARA VEICULOS LTDA
1706,2720358d1ecb,AUTO POSTO JARDIM SALETE LTDA
1707,27252fdd0d9d,POSTO ROTA 21 LTDA.
1708,2736ac4047c6,AUTO POSTO CARACAS OIL LTDA
1709,27398cdfd75f,AUTO POSTO AGUAS CLARAS LTDA
1710,2745ac4fd788,ABASTECEDORA DIAS NARCIZO LTDA
1711,2747d716d8d3,FM POSTO PIT STOP LTDA
1712,27480cd89946,CAMPINA COMERCIO DE COMBUSTIVEIS LTDA
1713,274ff70e4c18,POSTO PALACE SAO JOSE LTDA
1714,27592af31002,AUTO POSTO PRESIDENTE LTDA
1715,276a09dc4ec0,CENTRO AUTOMOTIVO JARDIM DO ESTADIO LTDA
1716,276f097ccc4b,3N COMERCIO DE COMBUSTIVEIS LTDA
1717,2776b24dea8b,COMERCIO DE COMBUSTIVEIS VEREDAS LTDA
1718,2778b5dc2169,AUTO POSTO LEAO DE IGUACU LTDA
1719,2779064fc2b6,GUIMARAES BORGES COMERCIO DE DERIVADOS DE PETROLEO LTDA
1720,277a6660d04a,GUARAPUAVA COMERCIO DE COMBUSTIVEIS LTDA
1721,277eac46fce7,I DE MEDEIROS SALES COMBUSTIVEIS LTDA
1722,278266e15707,AUTO POSTO RODALEX LTDA - EM RECUPERACAO JUDICIAL
1723,2783c7b3c900,POSTO PRIMOS DO CAMPECHE LTDA.
1724,2784b4dc1080,AUTO POSTO EVOLUCAO LTDA
1725,2788f7457de9,COMERCIAL DE COMBUSTIVEIS AGRONOMIA LTDA
1726,27927e659ca6,ECOPOSTOS - COMBUSTIVEIS E SERVICOS LTDA
1727,27996baadb1e,POSTO DE COMBUSTIVEIS PORTAL DE SALVADOR LTDA.
1728,279b27636418,AUTO POSTO E DERIVADOS ALEMAR EIRELI
1729,279b7d620d78,AUTO POSTO BANGAI LTDA
1730,279dfd9772ec,POSTO UCHOA LTDA
1731,27a4428489ca,MORADA NOBRE COMBUSTIVEIS LTDA EM RECUPERACAO JUDICIAL
1732,27aa7cb486d2,POSTO TREVO LITORAL LTDA
1733,27ad7b4c6f35,AUTO POSTO INTERLAGOS LTDA
1734,27ae09684ee6,MINAS PETRO CIMBA ARAGUAINA COMERCIO DE DERIVADOS DE PETROLEO LTDA
1735,27b5c17c1877,AUTO POSTO UNIVERSIDADE DE ASSIS LTDA
1736,27c2a07bbfdf,POSTO ALIANCA EXPRESS LTDA
1737,27c318ad7a5b,BF COMERCIO DE COMBUSTIVEIS LTDA
1738,27c39b26ce40,VAGNER LUAN SANTOS GONCALVES
1739,27d5f8c97ed5,AUTO POSTO EXPRESS DE MARILIA LTDA
1740,27d8d7cbc2c0,J P L COMERCIO DE COMBUSTIVEIS LTDA
1741,27e26253f140,LOTUS COMERCIAL DE COMBUSTIVEIS E DERIVADOS DE PETROLEO EIRELI
1742,27ea9f129031,SUPER POSTO SANTO ANTONIO LTDA
1743,27ec8cf18af6,AUTO POSTO CENTENARIO LTDA
1744,27f017639e06,SIM REDE DE POSTOS LTDA
1745,280c9e568d8a,SIM REDE DE POSTOS LTDA
1746,281b7f502a39,AUTO POSTO QUINHONE E FILHOS LTDA
1747,282560cf0eeb,NH COMERCIAL DE COMBUSTIVEIS LTDA
1748,28290523b79f,BRASCOM JAIARA COMBUSTIVEIS LTDA
1749,282a292e10a6,COMERCIO DE COMBUSTIVEIS TRES LAGOAS LTDA
1750,282bdede745b,TACARUNA PETROLEO LTDA
1751,282f4d247df8,AUTO POSTO ROTA 66 LTDA
1752,282f87cee714,POSTO JR DE BETIM LTDA
1753,2835694b7ab8,AUTO POSTO QUALITY DE SUMARE LTDA
1754,2836edc676de,POSTO SOPHIA LTDA
1755,283a3c94ddc8,POSTO COPA 94 LTDA
1756,2840040aba25,POSTO DE COMBUSTIVEIS TREVO DE MANILHA LTDA
1757,28434ac66701,COMERCIO DE COMBUSTIVEIS JACARE LTDA
1758,284855adc878,AUTO POSTO BROTAS LTDA
1759,2853facfffb8,AUTO POSTO SYGNUS ATIBAIA LTDA
1760,28617cbf8285,AMETISTA POSTO DE ABASTECIMENTO A GAS LTDA
1761,2869963c616f,AUTO POSTO CENTRAL LTDA - EPP
1762,286aac0f1a0a,M. J. LIMA DE ASSIS - ME
1763,286d6a2e54c9,ATLANTICO COM VAREJISTA DE COMBUSTIVEIS EIRELI
1764,286d74ecd785,POSTO MONTE CARLO QUINTA DO GOLFE LTDA
1765,287118b6fdde,CENTRO AUTOMOTIVO BIG -JALISCO DE RESENDE LTDA.
1766,28787d9499cb,POSTO REDE RIVA 6 LTDA - EPP
1767,2879227a988a,SUBEL AUTO POSTO LTDA
1768,2885d7db347f,JARDIM SILVEIRA POSTO DE SERVICOS II LTDA
1769,28894087263f,IRMAOS TEIXEIRA LTDA
1770,288bba04a0ea,POSTO CIDADE DO PORTO LTDA
1771,288e00d0c75c,POSTO DE SERVICOS PICA PAU LTDA
1772,2890a965b987,POSTO ZEPPE SAO JOSE LTDA
1773,2892b9c73180,POSTO DE GASOLINA DEDA I LTDA
1774,289c0ffe847d,L S COMERCIO E SERVICOS LTDA
1775,289e47fc155f,SCALEZ - COMERCIO DE DERIVADOS DE PETROLEO LTDA
1776,289f63c3c81a,AUTO POSTO TRIVELA EIRELI
1777,289fbe6293ac,DENYS ANTONIO ABDALA TUMA LTDA
1778,28a23d8195c5,AUTO POSTO ARSENAL LTDA
1779,28a839deb5ee,PAIVA & PAIVA COMBUSTIVEL SAOJOANENSE LTDA
1780,28aee1f6e605,AUTO POSTO CIDADE CUBATAO EIRELI
1781,28b27d70e9e2,POSTO CABANA LTDA
1782,28b5a53409f5,AUTO POSTO DO TRABALHO SAO JOAQUIM LTDA
1783,28b93131087a,POSTO CAVALO BRANCO LTDA
1784,28bfc9edef5f,MJ - AUTO POSTO DE COMBUSTIVEIS LTDA
1785,28c38c55baed,POSTO AVENIDA SAUDADE RIO PRETO LTDA
1786,28c7b3a6077d,DEVIDES COMERCIO DE COMBUSTIVEIS LTDA
1787,28cb7acb7554,COMERCIAL AMAZONIA DE PETROLEO LTDA
1788,28cdb3bd6d93,RK COMERCIO E DERIVADOS DE PETROLEO LTDA - ME
1789,28e4c10e842a,COMERCIO DE COMBUSTIVEL STOCK 4 LTDA
1790,28eed7186adf,LUBRIFICANTES PIONEIRO LTDA
1791,28fb786ca56d,REDE SAO MARCOS COMERCIO DE COMBUSTIVEIS LTDA
1792,2901b525a212,AUTO POSTO DALLABONA III LTDA
1793,29059b9c0815,POSTO JAVARI LTDA
1794,2906bde75ced,CARVALHO & FARO LTDA
1795,29081d9fed9d,AUTO POSTO MORRO DE TATUI LTDA
1796,290a4ffb5aaf,AUTO POSTO TAPAJOS LTDA
1797,29107c1a205f,POSTO ALTEROSA LTDA
1798,2910ae326644,CACIQUE PETROLEO LTDA
1799,2912af21c0f1,AUTO POSTO M M GARROTE LTDA
1800,2925ea8588e6,COMERCIAL DE COMBUSTIVEIS J. REYES LTDA
1801,293f8277a1fc,MARZOLA & FELTRIN COMERCIO DE COMBUSTIVEIS LTDA
1802,294227536b92,POSTO LAGOAO COMBUSTIVEIS E LUBRIFICANTES LTDA
1803,295a28f70818,AUTO POSTO DO NUCLEO LTDA
1804,295d9179875c,CENTRO AUTOMOTIVO BAP CAPUAVA LTDA
1805,2962ef357081,AUTO POSTO EXCALIBUR LTDA.
1806,296d3f9272fc,ITAIPU POSTO DE LAVAGEM E LUBRIFICACAO LTDA
1807,298143822dcd,G T ZANLORENZI E CIA LTDA
1808,2991c49b7070,V-MAX COMERCIO DE COMBUSTIVEIS LTDA
1809,29926a55272f,LIDER CAMPOS COMERCIO DE COMBUSTIVEIS LTDA.
1810,29ac792330f2,COMERCIO DE COMBUSTIVEIS VALADAO IV LTDA
1811,29ad48b4140a,POSTO MG7 LTDA
1812,29b1e3f3ae95,POSTO PREMIUM - SAO CRISTOVAO LTDA
1813,29b2d638a4fa,COMERCIO DE COMBUSTIVEIS NOVA ALIANCA VARGINHA LTDA
1814,29bb42172552,MAHLE MERCEDES COMERCIO DE COMBUSTIVEIS LTDA
1815,29bda8415fb4,MNR BARRETOS AUTO POSTO LTDA
1816,29c1a7d7126b,POSTO DE COMBUSTIVEIS JOAO DIAS RAMALHO EIRELI
1817,29c53d4c083d,AUTO POSTO PRISCILA LTDA
1818,29c76fcdc630,POSTO CARMOPOLIS LTDA
1819,29c989b58174,LEAL VI COMERCIO DE PETROLEO LTDA
1820,29d30cd2f4fe,STANG & STANG LTDA
1821,29d5c31f8c39,COMERCIAL SULINA DE DERIVADOS DE PETROLEO LTDA
1822,29e839809f2f,ECO POSTO VITORIA COMERCIO DE COMBUSTIVEIS LTDA
1823,29e9d24a3971,O.F.F. MANSOUR EIRELI  - ME
1824,29efc6040c93,POSTO XODO LTDA
1825,29f25f4356a4,POSTO VILA NOVA LTDA
1826,29f54bd9fd37,CARREFOUR COMERCIO E INDUSTRIA LTDA
1827,29f5c0df6f09,MARIZA MARIA WLADYKA MARINHO LTDA
1828,29f7102d00a9,POSTO SOL DA DUTRA LTDA.
1829,29f7c2604b99,F DE A S CAMPOS COMBUSTIVEIS E LUBRIFICANTES LTDA
1830,2a080863bc2c,ALBERI G. DE ARAUJO
1831,2a0f4a7a9f59,AUTO POSTO CASTANHEIRAS DERIVADOS DE PETROLEO LTDA
1832,2a1102b4e36c,AUTO POSTO FENIX E COMERCIO LTDA
1833,2a135c610a36,SIM REDE DE POSTOS LTDA
1834,2a19e718cec9,COMERCIAL DE COMBUSTIVEIS SAO MARCOS LTDA
1835,2a215597d811,POSTO VILLAGE LTDA.
1836,2a3319396c50,AUTO POSTO PAU FURADO LTDA
1837,2a35adb7eb11,AEROPOSTO COMBUSTIVEIS AUTOMOTIVOS LTDA
1838,2a3ac3345707,AVIGNON COMERCIO VAREJISTA DE COMBUSTIVEIS LTDA
1839,2a3d46fa1486,MOTOGAS INDUSTRIA DE COMPRESSAO E COMERCIO DE GAS NATURAL LTDA
1840,2a3e991663b3,COMERCIO DE COMBUSTIVEIS BV LTDA.
1841,2a42ce9519c6,D.D.R. POSTO DE COMBUSTIVEL LTDA
1842,2a473ef14100,PRIMEIRO SANTA ROSA DOIS COMERCIO DE COMBUSTIVEIS LTDA
1843,2a5246546305,POSTO CAPIVARI LTDA
1844,2a54731ac97b,POSTO ABREU LTDA
1845,2a5cf35f7faa,SIM REDE DE POSTOS LTDA
1846,2a6025592b4c,POSTO TREVO DA TAQUARA LTDA
1847,2a640144a930,COMERCIAL DE COMBUSTIVEIS CIDRA LTDA
1848,2a6a2d7cb476,ECO POSTO VITORIA COMERCIO DE COMBUSTIVEIS LTDA
1849,2a6b1dd13f8b,POSTO RODOVIARIA CAMPINAS LTDA
1850,2a73bf3f6422,ANTONY COMERCIO DE COMBUSTIVEIS LTDA
1851,2a82ea24b6ec,HERO COMERCIO DE COMBUSTIVEIS EIRELI
1852,2a86375eec27,REDE DE POSTOS SETE ESTRELAS LTDA
1853,2a8fe09d568b,ALPHA COMERCIO DE COMBUSTIVEIS E LUBRIFICANTES LTDA
1854,2a9abcaf1562,AUTO POSTO PALERMO LTDA
1855,2aaa85f1354b,CCA COMERCIAL DE COMBUSTIVEIS AUTOMOTIVOS LTDA
1856,2aacde585c49,AUTO POSTO TS LIMITADA
1857,2aae28790dc6,POSTO MIME S.A.
1858,2ab8c42130d8,LT AUTO POSTO SERRANO LTDA
1859,2abd3852a158,POSTO PAULISTA AVARE LTDA - EPP
1860,2abf0d1a15ac,POSTO DE SERVICOS VIP LTDA
1861,2ad020ca91d9,POSTO DE COMBUSTIVEIS CDU LTDA
1862,2adba1642e8d,DEHAINI & CIA LTDA
1863,2ae15e98f98a,SAMYA COMERCIO DE DERIVADOS DE PETROLEO LTDA
1864,2aea30a0d3bc,METROPOLE COMERCIO DE DERIVADOS DE PETROLEO LTDA
1865,2aeaa595278a,AUTO POSTO LARANJEIRAS LTDA
1866,2aeab4936550,PAPAI AUTO POSTO CUIABA LTDA
1867,2af459ec9992,POSTO CIC SOROCABA LTDA.
1868,2afb96d5763f,AUTO POSTO LITHUANIA LTDA
1869,2b088c51b394,PETRO-POSTOS DE ABASTECIMENTO LTDA
1870,2b0a234e988f,PETROLIDER-COMERCIO DE COMBUSTIVEIS E DERIVADOS DE PETROLEO LTDA
1871,2b14b187e9d6,AUTO POSTO ORTONA II LTDA
1872,2b1733b7059f,AUTO POSTO BRILHANTEX LIMITADA.
1873,2b17bea3fae9,AUTO POSTO COBRAO LTDA
1874,2b1dd80f28d5,AUTO POSTO MALAGA LTDA
1875,2b2b709bbe3b,FORTE COMERCIO DE DERIVADOS DE PETROLEO LTDA
1876,2b30b4ac2173,POSTO DE GASOLINA ESTRADA DOS BANDEIRANTES DE VARGEM PEQUENA LTDA
1877,2b334925863f,REDE EXPRESS POSTO REAL PETRO LTDA
1878,2b3353392a88,OSORNO COMERCIO A VAREJO DE COMBUSTIVEIS LTDA
1879,2b33eb061f26,POSTO ALIANCA LTDA
1880,2b3480206cac,POSTO DE GASOLINA GIGANTE DA WASHINGTON LUIZ LTDA
1881,2b3a84060cb6,AUTO POSTO BREMEN ARACATUBA LTDA
1882,2b3bfbe6d555,MONTEIRO COMERCIO DE COMBUSTIVEL EIRELI
1883,2b3c2b22860c,RIO DOCE COMERCIO E SERVICOS LTDA
1884,2b4a6729f4d8,POSTO IPE LTDA.
1885,2b4aadf21893,EG AUTO POSTO LTDA
1886,2b59553e9ee3,C M DERIVADOS DE PETROLEO LTDA
1887,2b64ba8372b2,POSTO PILOTO LTDA
1888,2b65108703bb,POSTO DOM PEDRO DE PARAISO DO TOCANTINS LTDA  - ME
1889,2b6513c37e6a,POSTO DE COMBUSTIVEIS GT LTDA
1890,2b707244481c,POSTO DE SERVICOS VIA 8 LTDA
1891,2b723cf3679d,POSTO J.S. CALDEIRA LTDA.
1892,2b744f778fb6,AUTOMOTO - AUTOMOVEIS DO AMAPA LTDA
1893,2b77538cd69e,POSTO AQUARIUS DE CABO FRIO LTDA
1894,2b7f4e00e3af,D. R. A. DERIVADO DE PETROLEO LTDA
1895,2b7f8c850665,J.P. COMBUSTIVEIS LTDA
1896,2b827d206d11,CHECON DANTAS COMERCIO DE COMBUSTIVEIS E LUBRIFICANTES LTDA
1897,2b866331e448,NOVA COMERCIO DE COMBUSTIVEIS  LTDA
1898,2b87589a627a,AUTO POSTO LEAL II LTDA
1899,2b878c04b2af,AUTO POSTO 5 ESTRELAS EIRELI
1900,2b91a9f3e0f3,AUTO POSTO MUNICIPALDE ANDRADAS LTDA
1901,2b98cb887bac,IRMAOS COLOCO LTDA
1902,2b9f151c5b62,ALVORADA COMBUSTIVEIS LTDA
1903,2ba244bbe5f7,AUTO POSTO AMERICA LTDA
1904,2bb1c7609713,BAUER POSTOS COMERCIO DE COMBUSTIVEIS E CONVENIENCIAS LTDA
1905,2bc53e21fb74,AUTO POSTO TURISTA LTDA
1906,2bcbb7369c19,POSTO 11 LTDA
1907,2bd6c4e367b6,H.V POSTO SANTO ANTONIO LTDA
1908,2bdfa36a7618,CENTRO AUTOMOTIVO C.V.M LTDA
1909,2bea45e57175,AUTO POSTO PIRULITO DOIS LTDA
1910,2beca17800a6,P.H.B. DE OLIVEIRA EIRELI
1911,2beede95ef01,AUTO POSTO NOVA VILA DIRCE LTDA
1912,2c08a5807f3d,ECO EMPREENDIMENTOS COMERCIAIS LTDA
1913,2c08de3b1ba1,POSTO SERRA DOURADA COMERCIO DE COMBUSTIVEIS LTDA
1914,2c0cb580f0f0,SOBRAL & PALACIO PETROLEO LTDA
1915,2c11c9325706,AUTO POSTO BANDEIRA 4 LTDA
1916,2c175a85de6f,REDE DOM PEDRO DE POSTOS LTDA.
1917,2c17bef6736d,AUTO POSTO SENARIS BELLO LTDA.
1918,2c18aa7d41e5,CARDOSO COMÉRCIO DE COMBUSTÍVEIS LTDA.
1919,2c1e6b8012a7,ABC DISTRIBUICAO DE PETROLEO LTDA
1920,2c214c3b4d4c,JMIC COMERCIO DE DERIVADOS DE PETROLEO LTDA
1921,2c217bb07ee2,COMERCIAL GARDENIA LTDA
1922,2c238f525368,POSTO PAULISTA LTDA
1923,2c35bfd22e1e,VALTER GAVASSA COMBUSTIVEIS LTDA
1924,2c41c6f82e3f,AUTO POSTO CINCO ESTRELAS LTDA
1925,2c41e34dde45,POSTO MAGAZINE LTDA
1926,2c4628a9ad53,POSTO VILA AMARAL LTDA
1927,2c46fc13b61e,POSTO DE COMBUSTIVEIS CAMINHO DO GOL LTDA
1928,2c48929d09e5,AUTO POSTO AVENIDA-TATUI LTDA
1929,2c4c3142f339,POSTO COHABINAL LTDA
1930,2c4d5eb7bb9b,AUTO POSTO PADDOCK CLUB LTDA
1931,2c4fac33e3c8,PIANORO AUTO POSTO LTDA
1932,2c575da8501e,POSTO MANÉ GARRINCHA DE BOTAFOGO LTDA.
1933,2c598263f73f,POSTO SAO DOMINGOS LTDA
1934,2c599a284a61,ATLANTA COMERCIO DE DERIVADOS DE PETROLEO LTDA
1935,2c5a816d77ef,POSTO UNIVERSITARIO DE ASSIS LTDA
1936,2c60ae858cdf,AUTO POSTO BENEDETTI DE SAO CARLOS LTDA
1937,2c6775c63909,AUTO POSTO ANDRADE LTDA
1938,2c6ba8b484df,AUTO POSTO CALIFÓRNIA COMÉRCIO DE COMBUSTÍVEIS LTD
1939,2c70c5e58d59,AUTO POSTO DA PEDRA LTDA
1940,2c7116daddfc,AUTO POSTO MORADA LTDA
1941,2c7d17301265,COMERCIAL JOAO FERREIRA PETROLEO LTDA
1942,2c7f711f2b0c,SANTA RITA COMERCIO DE COMBUSTIVEL E LUBRIFICANTE LTDA
1943,2c9190c3f0ed,TORRE COMERCIO DE COMBUSTIVEIS LTDA
1944,2c96aa5d07fd,AUTO POSTO DE COMBUSTIVEIS SERRA DO CARMO LTDA
1945,2c989b8d66bf,AVA - SERVICOS AUTOMOTIVOS LTDA
1946,2c9eaca406b1,AUTO POSTO ARAUCARIA LTDA
1947,2ca3b4e94613,CENTRO AUTOMOTIVO PORTAL DA CANTAREIRA LTDA.
1948,2ca829f8fbe3,POSTO E CONVENIENCIA AMIGAO LTDA
1949,2cab6044fe7b,POSTO 9 DE JULHO DE ITU LTDA
1950,2cadc188418a,AUTO POSTO ONIX 1243 LTDA
1951,2cb60bdcc5f7,PETROX COMERCIAL LTDA
1952,2cbe766bc4b5,SABBA COMBUSTIVEIS LTDA
1953,2cc487456a65,AUTO POSTO DE PAULA PIRACICABA LTDA
1954,2cc7f91413f9,AM DERIVADOS DE PETROLEO E COMERCIO LTDA
1955,2ccaf9da1551,POSTO MIME S.A.
1956,2cd3dd660a1d,POSTOS PMG - PARA DE MINAS LTDA
1957,2cdd2398d6c7,AUTO POSTO 3S CENTRO PIRACICABA LTDA
1958,2ce8e03d6a3c,POSTO ESCOLA SALVADOR LTDA
1959,2cfafdcee29d,PETROMAY DERIVADOS DE PETROLEO LTDA
1960,2d02956f19eb,POSTO HORTENCIA DE FRANCA LTDA
1961,2d073a3d4687,AUTO POSTO VENTUROSA LTDA.
1962,2d09bc8b9611,AUTO POSTO DIAS & BIANCHINI LTDA
1963,2d0e477e320e,POSTO DE ABASTECIMENTO BARRA CAMPO GRANDE LTDA
1964,2d22a9427ce3,COOPERCITRUS COOPERATIVA DE PRODUTORES RURAIS
1965,2d2621446d30,POSTO NOVO RECREIO LTDA
1966,2d391997312c,AUTO POSTO NOVA TRADICAO LTDA
1967,2d3ac9925ce2,POSTO ARCO VERDE LTDA
1968,2d3edbc592da,VILA RAVENNA POSTO DE SERVICOS LTDA
1969,2d4426d9ebd3,POSTO SUPER CHECK-IN LTDA
1970,2d47b27fdbf0,TAVELA E VALLE LTDA
1971,2d48d16f590f,MONTE GERIZIM - COMERCIO DE COMBUSTIVEIS LTDA
1972,2d5527a48540,GARAGEM LAITANO LTDA
1973,2d5d13bc2537,AUTO POSTO BRASIL PETRO RIO VERDE LTDA
1974,2d630943324c,RODOPOSTO BANDEIRANTES JUNDIAI LTDA
1975,2d75b5140b09,POSTO RM LTDA
1976,2d785b1e0018,AUTO POSTO PINTO E ARAÚJO LTDA
1977,2d7d712bb066,AUTO POSTO WATANABE LTDA
1978,2d800b7c946c,AUTO POSTO SAO FURTUOSO LTDA
1979,2da02ae548bc,POSTO ATUAL LTDA
1980,2da252322a52,MECANICA AUTO POSTO CHAPECO LTDA
1981,2db6a2d79477,SETE ESTRELAS COMERCIO DE DERIVADOS DE PETROLEO LTDA
1982,2db7110b0f69,POSTO RIO ESTORIL LTDA
1983,2dbcbe017712,AUTO POSTO ARINELLA II LTDA
1984,2dc45c09cf20,F.J. COMERCIO DE COMBUSTIVEIS LTDA
1985,2dccdae1fa6f,TNE COMBUSTIVEIS CASTELINHO LTDA
1986,2dd088c7d506,AUTO POSTO ATERRO DO FLAMENGO LTDA
1987,2dd8359306af,AUTO POSTO INDEPENDENCIA DE VINHEDO LTDA
1988,2dd8d5afdb3d,POSTO TRIANGULO LTDA
1989,2de28fd552b2,COOPERCITRUS COOPERATIVA DE PRODUTORES RURAIS
1990,2de33b8eeebc,AUTO POSTO JUNIOR BIZUNGA LTDA
1991,2de64ded7138,AUTO POSTO LUTAIF LTDA
1992,2dee093da338,SKINA AUTO POSTO LIMITADA
1993,2df264dcde19,PEROLA COMERCIO DE DERIVADOS DE PETROLEO LTDA
1994,2e066edc0a26,AUTO POSTO SABELLA - JARDINS LTDA
1995,2e0b0376215f,SEVERINO S. LOPES & CIA. LTDA
1996,2e130df4c7ad,L&E COMERCIO DE COMBUSTIVEIS LTDA
1997,2e171884f81b,J. L. OLIVEIRA & BARROS LTDA
1998,2e1ed176da03,PRIMEX CENTER INTERLAGOS AUTO POSTO LTDA
1999,2e24781fc8c2,AUTO SERVICO SAO CRISTOVAO LTDA
2000,2e25f25b6402,POSTO E SERVICOS RIO AZUL LTDA
2001,2e2a372842dd,AVILA E MASSUDA PRODUTOS DE PETROLEO LTDA
2002,2e3303e01e8e,CATUAI MARINGA - COMERCIO DE COMBUSTIVEIS LTDA
2003,2e3461224e3e,CARLOS ALONSO PUIGDOMENECH
2004,2e34a482cb5e,AUTO CENTER MAYARA LTDA
2005,2e34cb1ca21b,AUTO POSTO FLORENSE LTDA
2006,2e3ec183dee2,KLEMTZ EIRELI
2007,2e418064e1a2,MS COMERCIO DE DERIVADOS DE PETROLEO LTDA
2008,2e45c898d1fe,AUTO POSTO RODOANEL LESTE LTDA
2009,2e473f49edcc,ANDRADE GODOY COMBUSTIVEIS LTDA
2010,2e4acb606b02,RICALL COMBUSTIVEIS LTDA
2011,2e59c7b1675e,AUTO POSTO GG LTDA
2012,2e682efc886b,JP COMERCIO DE COMBUSTIVEIS E LUBRIFICANTES LTDA
2013,2e71c40635be,POSTO MASTER BRASIL DE FRANCA LTDA
2014,2e8027e4b582,AUTO POSTO CLARO LTDA
2015,2e8081286179,AUTO POSTO E SERVICO M J M DE MARICA LTDA
2016,2e8207e7c3ec,AUTO POSTO DO TRABALHO RAMOS LTDA
2017,2e8702702bff,POSTO CRISTO REI LTDA
2018,2e8f8e1c196f,AUTO POSTO CONFIANTE DE LIMEIRA LTDA
2019,2e9339cc03b5,AUTO PECAS ABREU TEIXEIRA LTDA
2020,2e992ed89213,POSTO PRINCESA DO ALVARENGA LTDA
2021,2eae154e45b7,AUTO POSTO P4 LTDA
2022,2eb377064eef,A. SOUZA FECHINE & CIA LTDA
2023,2eb4514ee27d,POSTO SANTA CLARA DE BARRA MANSA ABASTECIMENTO DE COMBUSTIVEIS LTDA
2024,2eb71710d924,POSTO DE COMBUSTIVEL SAO PELEGRINO LTDA
2025,2eba18711c40,ABASTECA COMERCIO DE COMBUSTIVEIS LTDA
2026,2ebac8f95092,CENTRO AUTOMOTIVO MAIA LTDA
2027,2ebd9a05e388,AUTO POSTO SAO JOAO LTDA.
2028,2ebeb75f5891,AUTO POSTO ZAMBRANO LTDA
2029,2ec62ed38275,AUTO POSTO PIMENTA BUENO LTDA
2030,2ec8341b74a3,AUTO POSTO DINALO E IBRAHIM LTDA
2031,2ece27d1fed5,GAMA E CIA LTDA
2032,2eceabd4bf30,POSTO KEIZY LTDA
2033,2ed24c07acf6,POSTO TIMBOZAO DE CAMPOS LTDA
2034,2ee6768a0d6f,SANDRA REGINA COMBUSTIVEIS LTDA EM RECUPERACAO JUDICIAL
2035,2ee7ce639456,POSTO GENTIL UBÁ LTDA.
2036,2ef8dd095982,PESTANA SERVICOS AUTOMOTIVOS LTDA
2037,2f03ab379966,COMERCIO DE COMBUSTIVEL FLORESTA LTDA
2038,2f046af1ec22,ESUTRA COMERCIO DE COMBUSTIVEIS LTDA
2039,2f12207b44c7,AUTO POSTO FABRICIANO LTDA.
2040,2f181994dba9,AUTO POSTO BANDEIRANTES LTDA
2041,2f1a20094847,AUTO POSTO LEAO JAU LTDA
2042,2f1e7ee56380,POSTO ESPIGAO LTDA
2043,2f1ec6dc2813,JOBEL PETROLEO LTDA
2044,2f230d0500dc,POSTO DE COMBUSTIVEL CEASA LTDA
2045,2f29fad2c0b4,IGAS COMERCIO DE COMBUSTIVEIS LTDA
2046,2f2b1bbd8229,POSTO CAICARA DE ITAPERUNA LTDA.
2047,2f2c9c351083,TORRES & SANTOS COMBUSTIVEIS LTDA
2048,2f2e0749e41a,AUTO POSTO MARANHAO LTDA
2049,2f43a98b0ace,POSTO SOL TREZE DE MAIO LTDA.
2050,2f43c481de7c,RFL FORMULA 1 AUTO POSTO LTDA
2051,2f4f202e96ab,AUTO POSTO BOULEVARD PAULISTA LTDA
2052,2f53cd665f62,CHIESA BRASILIA AUTO POSTO LTDA
2053,2f5a78c97b22,AUTO POSTO DIVISA UM II LTDA.
2054,2f60c1fec18d,POSTO DE COMBUSTIVEIS FT LTDA
2055,2f6c0d58683b,AUTO POSTO SETE DE SETEMBRO ARARAQUARA LTDA
2056,2f74c0e586f1,REDE DE POSTOS APOLO LTDA
2057,2f7741100314,J.J DERIVADOS DE PETROLEO LTDA
2058,2f77bc60fd64,CATAVENTO DERIVADOS DE PETROLEO LTDA - EPP
2059,2f8eb268508e,F DE A S CAMPOS COMBUSTIVEIS LTDA
2060,2f91bf55c1c9,AUTO POSTO ELENCO LTDA
2061,2f957210932d,TROVAO POSTO E CONVENIENCIA LTDA
2062,2f9b1440c9d9,POSTO GAUCHO LTDA
2063,2f9ee0c637b2,COMERCIO DE COMBUSTIVEIS SANTO EXPEDITO LTDA
2064,2fa18490e658,GAIVOTA SERVICOS AUTOMOTIVOS LTDA
2065,2faa9c82fa69,ABASTECEDORA DE COMBUSTIVEIS CENTERSUL LTDA
2066,2fabbaae2f1d,POSTO DE SERVICOS VILA VERDE DE PIRACICABA LTDA
2067,2fb075792fc6,LB - REVENDEDORA DE PETROLEO LTDA
2068,2fbf26463d96,REDE SANTANA COMBUSTIVEIS E GNV SETE LAGOAS LTDA
2069,2fd13bcbbca3,E. C. AGUIAR COMERCIO DE COMBUSTIVEIS LTDA
2070,2fd4b7eab2e5,AM ANEL VIARIO COMERCIO DE COMBUSTIVEIS LTDA
2071,2fde8c283c12,GSO COMERCIO DE COMBUSTIVEIS LTDA
2072,2fe6d819999f,SOBRAL & PALACIO PETROLEO LTDA
2073,2fed14840a61,POSTO BARBARA LTDA
2074,2ff770bbe713,POSTO TRIANGULO ITAPERUNA LTDA
2075,2ff858e08dc7,POSTO IBIZA LTDA
2076,2ff9fe9a277e,AUTO POSTO WALVILLE LTDA
2077,2ffbf437f068,AUTO CENTER DUDUCA LTDA
2078,2ffd0deb8675,CARREFOUR COMERCIO E INDUSTRIA LTDA
2079,30061427a9f1,AUTO POSTO VELOCE LTDA
2080,300e6fcf5b6b,SOJA - COMERCIO DE DERIVADOS DE PETROLEO LTDA
2081,302a37c9a640,ELEFANTINHO AUTO POSTO DE GARCA LTDA
2082,302cbfee912f,POSTO DE COMBUSTIVEL VIA PRACA DA BANDEIRA LTDA
2083,302fb85d51c0,AUTO POSTO AURORA II LTDA.
2084,303ec7d50985,ORGANIZACOES SOUKI LTDA
2085,304281889ef3,VILLELA AUTO POSTO LTDA
2086,304b4ce4d4b7,VAZ COMERCIO DE COMBUSTIVEIS LTDA
2087,304e40005bf3,AUTO POSTO D+ LTDA
2088,304e5ab37a5c,ROCHA & AZAMBUJA LTDA.
2089,3055e06cc5f4,POSTO JOQUEI CLUBE LTDA
2090,3057f85f98ea,AUTO POSTO MAIS LTDA
2091,305dcc18c6ca,PRIMATO COOPERATIVA AGROINDUSTRIAL
2092,30683da060c0,AFL GAS NATURAL LTDA
2093,306bdb804024,AUTO POSTO LINHA AMARELA LTDA
2094,306d79ac051f,W NONATO DE SOUSA EIRELI - ME
2095,306da080a4f2,ALBINO & GUARNIERI LTDA
2096,30702f5fbfbb,SOCIEDADE DE PETROLEO ARFLA LTDA
2097,3070c4dad766,AUTO POSTO MAURO M.JUNIOR LTDA
2098,3073838b8b40,AUTO POSTO MILENIO LTDA
2099,307bd2f88125,AUTO POSTO 109 NORTE LTDA
2100,307cf2bcbd94,AUTO POSTO VILLAGE LTDA
2101,307fed3ac360,COMERCIAL BUFFON COMBUSTIVEIS E TRANSPORTES LIMITADA
2102,308529f8522d,COMERCIO DERIVADOS DE PETROLEO RODOVIARIO DE BAURU LTDA
2103,308a75cfdcd4,CJCM PETROLEO LTDA.
2104,308f8a278e3d,POSTO DE SERVICOS TRI LEGAL LTDA .
2105,308fa8432f14,AUTO POSTO HARMONIA LTDA.
2106,30911008a9d5,AUTO POSTO MAVERICK LTDA
2107,30961628f926,POSTO CRISTOVAO COLOMBO LTDA
2108,3099c9072d0b,AUTO CENTER SIGNOS LTDA.
2109,30aef6376967,VESCOVI & BITTI LTDA
2110,30be770c0955,POSTO CANAL VENETO LTDA
2111,30c26b9f638a,AUTO POSTO ANGRA BATEL COMERCIO DE COMBUSTIVEIS LTDA
2112,30c95cdc9247,POSTO 5.5. LIMITADA
2113,30cedcc81c97,AUTO POSTO ILHA DAS GARCAS LTDA
2114,30d7923ca52e,SETE ESTRELAS COMERCIO DE DERIVADOS DE PETROLEO LTDA
2115,30e21b8f4b82,POSTO DO PAPAI LTDA
2116,30e31419cb73,FABRIL COMBUSTIVEIS LTDA
2117,30e31fe3358e,AUTO POSTO CRUZEIRO LTDA
2118,30eea5e7d3f1,CARREFOUR COMERCIO E INDUSTRIA LTDA
2119,30f8c68ff5bb,JULIO CASTILHO COMBUSTIVEIS E CONSTRUCOES LTDA
2120,3101b7d772a2,CASCOL COMBUSTIVEIS PARA VEICULOS LTDA
2121,3108e18a1369,M T PETROLEO LTDA
2122,3119bf15730b,EALS POSTO DE COMBUSTIVEL LTDA
2123,3120f32f2d48,GRUPO A COMERCIO DE COMBUSTIVEIS LTDA
2124,3123c532c2a7,AUTO POSTO ARINELLA BROOKLIN LTDA
2125,31272689d796,AUTO POSTO VILA NOVA LTDA.
2126,312b41d47c26,GOLF DERIVADOS DE PETROLEO LTDA
2127,312b55576105,POSTO DE COMBUSTIVEL NOSSA SENHORA DE FATIMA LTDA
2128,3132ce019bb7,COMERCIAL VIHEMA LTDA
2129,313329c1a918,CASCOL COMBUSTIVEIS PARA VEICULOS LTDA
2130,31389fc21558,COMERCIO DE COMBUSTIVEIS NEVOEIRO LTDA
2131,3139d36efcdc,POSTO UNIVERSO LTDA
2132,313ddd02bb98,AUTO POSTO M W CARD LTDA
2133,313fa0079a3a,PINHEIRO E FILHO COMERCIO DE COMBUSTIVEIS E DERIVADOS DE PETROLEO LTDA
2134,314214e749d5,G.ARDITO & CIA.LTDA.
2135,3147b04f9108,COMERCIAL BUFFON COMBUSTIVEIS E TRANSPORTES LIMITADA
2136,31481f32f175,M C S F COMBUSTIVEIS LTDA
2137,31486a32da3b,POSTO MONTE SIAO LTDA
2138,314a5d42d865,R. L. I. COMBUSTIVEIS E SERVICOS LTDA
2139,314b327a4f81,AUTO POSTO ITATIAIA LTDA
2140,3153a48e8f99,CENTRO AUTOMOTIVO MARECHAL TITO LTDA
2141,315db148d2e7,AUTO POSTO YASSER LTDA
2142,315e5f4b6751,DE SOUZA STAEVIE & CIA. LTDA.
2143,316e773a7fd9,LUIZ GUSTAVO DI LORENZO GARCIA SCHERER
2144,31792c778029,LIBER COMERCIO DE COMBUSTIVEIS E DERIVADOS DE PETROLEO LTDA
2145,317a0ef32669,REDE DE SERVICOS PACHECAO LTDA
2146,3182b26ad336,AUTO POSTO M FRUTAL LTDA
2147,318a4956512e,ESPERANCA AUTO POSTO SERVICO DE COMBUSTIVEIS LTDA
2148,3190f60df228,POSTO JARDIM AMERICA DE BAURU LTDA
2149,3194753cffcb,AUTO POSTO LIDER LTDA
2150,31991a2e77cb,AUTO POSTO CIDADE LTDA
2151,319af046c989,AUTO POSTO CINCO ESTRELAS LTDA
2152,319bc99e72d9,AUTO POSTO MEM DE SA LTDA
2153,31a0e6bc79ad,A. GARCIA & CIA. LTDA  - ME
2154,31a669d2d1d4,JUTURNAIBA COMERCIO DE COMBUSTIVEIS LTDA.
2155,31a6c915e52a,POSTO SAO BENEDITO PETROLEO LTDA
2156,31adc3dfd372,POSTO DE COMBUSTIVEIS LINHARES LTDA
2157,31b30a88cfd4,AUTO POSTO PODIUM LTDA
2158,31b32d5e12d6,ESTACAO DE SERVICOS AUTOMOTIVOS AMISTERDA LTDA.
2159,31b55ba78979,AUTO POSTO MIDAS LTDA
2160,31b68cfb3458,AUTO POSTO PARADA 85 LTDA
2161,31b827224a6d,AVENIDA COMERCIO DE COMBUSTIVEL LTDA
2162,31ccaa96050a,LUCAS AUTO POSTO LTDA
2163,31dc1268450d,AUTO POSTO BANDEIRANTES LIMEIRA LTDA
2164,31dee00f120c,AUTO POSTO CANOA LTDA
2165,31e02addac95,COMERCIAL BUFFON COMBUSTIVEIS E TRANSPORTES LIMITADA
2166,31e3cd553b11,VILA DE GOIANA COMERCIO DE COMBUSTIVEIS LTDA
2167,31f5f419c94e,AUTO POSTO RENAN LTDA
2168,320344afa40e,POSTO LIPCAR LTDA
2169,3206f4b88a42,AUTO POSTO CACULINHA DE MURIAE LTDA
2170,320862b12143,AUTO POSTO LIMA EIRELI
2171,320e8c983558,MODELINHO COMERCIO DE COMBUSTIVEIS E LUBRIFICANTES LTDA
2172,3214bb6b3002,REDE DOM PEDRO DE POSTOS LTDA.
2173,3219b940f118,AUTO POSTO VOX LTDA
2174,321db427d136,D. PEDRO PARKING POSTO LTDA
2175,323a517d0d74,POSTO MAGNOLIA LTDA
2176,323b6cabc791,COMERCIO DE COMBUSTIVEIS AMAZONAS LTDA
2177,32478692cfdb,REDE SANTANA COMBUSTIVES JOAO PINHEIRO II LTDA
2178,3255c754cd4a,POSTO RECH LTDA
2179,325710f1ed75,POSTO NOVO BAIRRO LTDA
2180,325bdaf482be,J A SOBRAL & CIA LTDA
2181,32611160da87,M & B COMERCIO DE COMBUSTIVEIS LTDA
2182,326221e844d1,MILLENNIUM PETROLEO LTDA
2183,326eb709442c,AUTO POSTO AGUIASELF LTDA
2184,327e222eab1e,SERGIO DE OLIVEIRA MARQUES BARRETOS
2185,327ea9c7e5b9,ISL II COMERCIO DE COMBUSTIVEL LTDA
2186,3280c41caf2e,N A ZEN & CIA LTDA
2187,3287d0b33f71,TIC E TAC DE RAMOS POSTO DE SERVICOS LTDA
2188,32896b0843cd,COMPANHIA BRASILEIRA DE DISTRIBUICAO
2189,3291f512f0bd,AUTO POSTO DO TRABALHO RECREIO LTDA
2190,3291fe6384ef,DTC CENTRO AUTOMOTIVO SOCIEDADE LIMITADA UNIPESSOAL
2191,329962d9ecea,ECOPOSTOS - COMBUSTIVEIS E SERVICOS LTDA
2192,32a0c0abd450,AUTO POSTO CABECUDAS LTDA
2193,32a56abd10f4,PFLUG COMERCIAL VAREJISTA DE COMBUSTIVEIS LTDA
2194,32a8f8d0208d,POSTO DE GASOLINA BANDEIRA DOIS LTDA
2195,32c7bd7fbb49,AUTO POSTO KM 10 LTDA
2196,32caeefcefd7,POSTO DE REVENDA DE COMBUSTIVEIS NOVO ARNO LTDA
2197,32cb48e200a3,F C FARIAS ABREU COMBUSTIVEL
2198,32cc9213cf3a,ORGANIZACAO HELIO MEIRELES PETROLEO LTDA
2199,32d09d091f54,AUTO POSTO M & N LTDA
2200,32d343bdb966,PACIFICO COMERCIO E SERVICOS DE COMBUSTIVEIS LTDA
2201,32d7cbff2658,AUTO POSTO TELLES LTDA
2202,32e0c17e2d95,TIJUCO SERVICOS AUTOMOTIVOS LTDA
2203,32e289e0a6d2,POSTO MONACO LTDA
2204,32eaa61dd018,POSTO DE GASOLINA RIO LIMA LTDA
2205,32f1ee41c40f,TROKAR POSTOS DE SERVICOS LTDA
2206,32fa4c1d3919,GDA PETROLEO LTDA
2207,32fa965edc2d,POSTO TEXAS LTDA
2208,330c8d5c7623,AUTO POSTO R&R SANTA TEREZINHA LTDA
2209,33146bbd2aa7,COMERCIO DERIVADOS DE PETROLEO LAR DE MENINAS LTDA
2210,3317b82d2299,AUTO POSTO GUARACIABA LTDA.
2211,331d51cf8226,NOVO TEMPO COMERCIO DE COMBUSTIVEIS LTDA
2212,331edbb55e6b,POSTO JURUNAS LTDA
2213,3321f2943183,RR COMERCIO DE COMBUSTIVEIS LTDA
2214,3328e1e0030a,CACIQUE PETROLEO LTDA
2215,333266569122,AUTO POSTO TONATAO LTDA
2216,3340b2f4ab88,BRASIL 352 POSTO DE SERVICOS LTDA
2217,33432a4020a9,PAPAGAIO COMÉRCIO E DERIVADOS DE PETRÓLEO LTDA
2218,3343e5f8c827,POSTO SAO JORGE CAMPINAS LTDA
2219,335005940e5d,AUTO POSTO DUQUE 21 DE MOURA LTDA
2220,3373eaf34010,POSTO SANTA EDWIGES PETROLEO LTDA
2221,33866a282f12,AUTOPOSTO DE COMBUSTIVEIS MASP SANTA INES LTDA
2222,33872d23a188,COMERCIAL DE COMBUSTIVEIS BORBOREMA LTDA
2223,338d6a1e501c,POSTO MAIS CEASA LTDA
2224,338d873654b6,SULBAHIA COMBUSTIVEIS LTDA
2225,3390977505a5,REDE VPR DE COMBUSTIVEIS E SERVICOS LTDA
2226,339821de0ccd,LIMA MORAIS COMERCIAL DE COMBUSTIVEL E TRANSPORTE LTDA
2227,339c2f46df5d,SOL COMERCIO DE COMBUSTIVEIS LTDA
2228,339e752c5f97,AUTO POSTO PORTAL DA FOZ LTDA
2229,33a87fb037c6,POSTO BARRINHAS LTDA
2230,33b0b32f63ac,AUTO POSTO 2000 MURIAE LTDA
2231,33c69a0b2485,R.F. AUTO POSTO LTDA
2232,33c94d4dfabf,POSTO DE ABASTECIMENTO ALEGRIA LTDA
2233,33d42ea423d4,AUTO POSTO SANTA CLARA DE ASSIS LTDA
2234,33d93d93f1f9,AUTO POSTO PIRAO LTDA
2235,33dcd31a6947,CENTRO AUTOMOTIVO TERRAZZA LTDA .
2236,33e195d5a019,ITAUNA COMBUSTIVEIS LTDA
2237,33e9341a1b79,MOURA DERIVADOS DE PETROLEO LTDA
2238,33f028a93c2c,JARDIM NORTE POSTO DE SERVICOS & CONVENIENCIAS LTDA
2239,340414159c51,HELU COMERCIO DE COMBUSTIVEIS LTDA
2240,34078da16aa7,AUTO POSTO TIRADENTES DE LINS LTDA
2241,340faec7da25,COMERCIO E DISTRIBUICAO SALES LTDA
2242,341694c89d82,"POSTO ZN COMBUSTÍVEIS E LUBRIFICANTES LTDA,"
2243,341d1e419f92,POSTO DE ABASTECIMENTO IMPERIAL 2000 LTDA
2244,341d302afc26,VIA DUPLA COMBUSTIVEIS LTDA
2245,342331a2b094,EDEMAR RUSSI & CIA LTDA
2246,342c5d766d9d,AUTO POSTO CATANIA LTDA
2247,342e5fad8c0e,BANDEIRAS PRESIDENTE PRUDENTE AUTO POSTO LTDA
2248,3430c29f04e2,COMERCIAL DE COMBUSTIVEIS SETEMBRINO LTDA
2249,34341946b8c3,AGUIAR PETROLEO E LOCACOES LTDA
2250,3437b1e9c7e5,CASCOL COMBUSTIVEIS PARA VEICULOS LTDA
2251,343b159b9d91,M RODRIGUES VASQUES - ME
2252,343f9e0011ad,AUTO POSTO MARITA LTDA
2253,344985b2cba9,CACIQUE PETROLEO LTDA
2254,344d334555e1,POSTO BAVARIA LTDA
2255,344d90d89a4c,NICO COMERCIO DE COMBUSTIVEIS LTDA
2256,34525e173171,AUTO POSTO ANDRAMAGA LTDA
2257,346c36fc9b06,AUTO POSTO MANGUEIRA II LTDA
2258,346c50818002,AMERICAMANIA - COMERCIO VAREJISTA DE COMBUSTIVEIS LTDA
2259,349138f285bc,POSTO ALLGAS LTDA
2260,34930513ca8d,COMERCIAL DE COMBUSTIVEIS CENTRO SUL LTDA
2261,34970092626b,POSTO DE SERVICOS MODELO LTDA
2262,349cbddc382b,AB COMERCIO DE COMBUSTIVEIS E LUBRIFICANTES LTDA
2263,34a470344add,INCAP INDUSTRIA E COMERCIO AGRO PECUARIO LTDA
2264,34a4fd75eca4,A. MENEZES DE FARIAS
2265,34a702ee6333,POSTO DE COMBUSTIVEIS JARDINS LTDA
2266,34a9622f7f17,SANTA CLARA COMERCIO DE COMBUSTIVEIS LTDA
2267,34b9c467058a,AUTO POSTO OPA LTDA - ME
2268,34bad9b8742c,POSTO LIBERDADE LTDA
2269,34c0ba60ae84,AUTO POSTO DE ABASTECIMENTO 5 ESTRELAS LTDA
2270,34c82338d24c,POSTO LOURA EMPREENDIMENTOS LTDA
2271,34cb31e8698a,AUTO POSTO DO TRABALHO S/A
2272,34d6ae867c19,BURITI SERENO AUTO POSTO LTDA
2273,34d70fda64e2,SAO LUCAS DISTRIBUIDORA DE PETROLEO LTDA
2274,34df587dd086,AUTO POSTO CENTRAL DE LONDRINA LTDA
2275,34e103a42b0c,"POSTO DE ABASTECIMENTO, SERVICOS E TRANSPORTES CAMINHO DO SOL LTDA"
2276,34eddf3db730,POSTO SANTA CECILIA LTDA
2277,34f12b119015,DC COMÉRCIO DE COMBUSTÍVEIS E LUBRIFICANTES LTDA.
2278,34f393e0f6e2,COMERCIAL DE COMBUSTIVEIS CIDRA LTDA
2279,34f440f828a1,POSTO ALTERNATIVA DE COMBUSTIVEL E SERVICO LTDA
2280,34fa03ae378e,AUTO POSTO UNIVERSITARIO JALES - EPP
2281,34fd689e60c7,BCR COMERCIO DE COMBUSTIVEIS LTDA
2282,3504cb911261,POSTO BALI LTDA
2283,350d9ab64b75,POSTO DE GASOLINA BOA PARADA LTDA.
2284,351029200cf7,AUTO POSTO HR EIRELI
2285,352313792395,AUTO POSTO HELISON RAFA LTDA
2286,35239a970a66,AUTO POSTO AMAZONAS LTDA
2287,3529f14dedb4,AUTO POSTO DE SERVICOS PETRO MASTER LTDA
2288,352a4c4e45ac,POSTO DE SERVICO MALTA 01 LTDA
2289,353ffa40ce4f,AUTO POSTO JARDIM BRASILIA LTDA
2290,35409ef2f04f,NICOLAU DERIVADOS DE PETROLEO LTDA
2291,3540e9863d2c,REDE DOM PEDRO DE POSTOS LTDA.
2292,35437ba8639c,JL COMBUSTIVEIS & LUBRIFICANTES LTDA
2293,35454a57ba31,COMBUSPAR COMERCIO DE COMBUSTIVEIS LTDA
2294,354f950b0f37,RAFAELA ALMEIDA EVANGELISTA & CIA LTDA
2295,3553cb41f105,AUTO POSTO CONQUISTA DE PAULINIA LTDA
2296,355a65eaab9e,POSTO JASSE LTDA
2297,355a84da0afc,CASA AVENIDA COMERCIO DE COMBUSTIVEIS LTDA
2298,355bef394fee,"MANOS COMERCIO DE COMBUSTIVEIS, PNEUS, PECAS E ACESSORIOS LTDA"
2299,356228a3b5d6,AGOSTINI COMERCIO E TRANSPORTE DE PETROLEO LTDA
2300,35631d10dcb7,AUTO POSTO CONQUISTA LTDA
2301,3563a7136801,AUTO POSTO BIRI EIRELI
2302,3566eaaa4e08,POSTO DO LAGO BEBEDOURO LTDA.
2303,3568347df73b,AUTO POSTO BANDEIRANTES MG LTDA
2304,356b73ff206a,COQUEIRO COMBUSTIVEIS E SERVICOS LTDA
2305,3575eb3dc0d8,AUTO POSTO CIDADE VARGAS LTDA
2306,357bac3d744a,SERVICAR S/A
2307,357d329f5e94,POSTO MILENA COMERCIO EIRELI
2308,357e7bec4b65,NITGAS DO BRASIL POSTO DE GAS NATURAL VEICULAR LTDA
2309,357f4ee08ea0,VM FERNANDES COMERCIO DE COMBUSTIVEIS LTDA
2310,358624b8fdd0,WMC COMERCIO DE COMBUSTIVEIS LTDA
2311,3598171843c5,AUTO POSTO ALIANCA DE CABUCU LTDA
2312,359a26f297e2,AUTO POSTO FRANCISCO FALCONI LTDA
2313,35a843c94b44,POSTO DE COMBUSTIVEIS GARANTIA LTDA
2314,35b94956332c,AUTO POSTO GONDOLA LTDA
2315,35da0bc17f66,AUTO POSTO TERCEIRO MILENIUM LTDA
2316,35e6ea02cdcf,SAO VICENTE COMBUSTIVEIS LTDA
2317,35e9a9992b4a,AUTO POSTO CINCO SKINAS LTDA
2318,35ededfdffc0,POSTO ALBERTO LTDA
2319,35f0ae8f1311,MARIO VICENTE SERVICOS AUTOMOTIVOS LTDA
2320,35f526a65f6b,AUTO POSTO BSV VI LTDA
2321,35fdba50f8f9,PADUA E LEMOS LTDA
2322,36132dfe2d51,MISTER COMERCIAL DE PETROLEO LTDA
2323,3616fcac19a8,POSTO DE COMBUSTIVEIS CANDIDO BENICIO LTDA
2324,361f59b3dc63,AUTO POSTO GIGANTAO DE MARILIA LTDA
2325,362beb1daf13,AUTO POSTO JUMBO JET PETROLEO LTDA
2326,362e6a400328,ADILSON E FERNANDO AUTO POSTO LTDA
2327,3637e0cce5c1,VAS COMERCIO DE COMBUSTIVEIS LTDA
2328,364c5bf04da9,ALBUQUERQUE PNEUS LTDA
2329,3652cd9356af,AUTO POSTO RANI LTDA
2330,36530b00e1d6,AUTO POSTO CONDE DE SERRA NEGRA LTDA
2331,3655e3190bfb,AUTO POSTO GAIBU LTDA
2332,3656406661a2,ARIQUEMES COMERCIO DE OLEO DIESEL LTDA
2333,365b1d84f9ff,AMORIM & FIGUEIREDO LTDA.
2334,365fc31a3171,NEW STAR COMERCIO DE COMBUSTIVEIS E LUBRIFICANTES LTDA
2335,3664545da2d8,AUTO POSTO PETROTERRA CAMPESTRE LTDA
2336,366857680e08,AUTO POSTO CENTRAL DOS COMBUSTIVEIS LTDA
2337,366b70fd138a,POSTO BARRA DEZ LTDA
2338,366d8928c3bc,AUTO POSTO NAGUMO LTDA
2339,367ac17b61d7,AUTO POSTO MACAPA EIRELI
2340,36918cc7bb6f,GUARUJA COMERCIO E DISTRIBUICAO DE PETROLEO LTDA
2341,3698ff5bb0f6,JR DERIVADOS DE PETROLEO LTDA
2342,369a8ed360f6,ARAUJO COMBUSTIVEIS E LUBRIFICANTES LTDA
2343,369c3ce03bab,P. S. M. COMERCIO DE COMBUSTIVEIS LTDA
2344,36a229ae549d,POSTO JARDIM HELVECIA COMERCIO VAREJISTA DE COMBUSTIVEIS LTDA
2345,36a3d560f861,CENTRO AUTOMOTIVO SETE ESTRELAS LTDA
2346,36a3e2527ec3,AUTO POSTO BEM BOM DE DIADEMA LTDA
2347,36a612d99217,CENTRO AUTOMOTIVO ELEFANTINHO LTDA
2348,36ae5725b29f,ESTACAO DE SERVICOS DAS ACACIAS LTDA
2349,36ae84b96fb1,LEANDRINI AL POSTO DE COMBUSTIVEL LTDA
2350,36b6c3be6ea5,POSTO DE GASOLINA E SERVICOS NOVA VALQUEIRE LTDA
2351,36c373e16b33,AUTO POSTO COMPANHEIRO LTDA.
2352,36cd29c2d1fd,J O POSTO DE COMBUSTIVEIS LTDA
2353,36cd34485468,POSTO PROGRESSO VARZEA PAULISTA LTDA
2354,36d5e23f205d,POSTO DE GASOLINA BEL VEDERE LTDA
2355,36ef0beeb732,AUTO POSTO RM 3 LTDA
2356,36ef4f9e1a7e,REDE AUTO POSTO SETE ESTRADA DO MAR LTDA
2357,36f1f7313bd1,RENAUTO POSTO LTDA
2358,36f2bd9a9a5a,POSTO 4 RADIAL LTDA
2359,36fb7881f2fb,POSTO DE COMBUSTIVEIS OTAVIO EIRELI
2360,3700e5409406,ORGANIZACOES L.T.M. LTDA
2361,3718e90ba568,TRANSGANSO COMERCIO E TRANSPORTES LTDA.
2362,3725d0cfc2be,PUROGAS MUTUA POSTO DE GASOLINA LTDA
2363,37322b93d2a3,COMERCIAL DE PETROLEO ESTACAO LTDA
2364,3737609052a9,AUTO POSTO ÁGUIA FORTE LTDA
2365,3739b2fdc2eb,AUTO POSTO CASTELLI ROMANI LTDA
2366,37431a49d0ed,RECOPEL REPRESENTACOES E COMERCIO LTDA
2367,37441664b00c,RPB AUTO POSTO LTDA
2368,374d598b12d6,AUTO POSTO XANXERE LTDA
2369,3759dd7b40e1,ABASTECEDORA MONACO LTDA
2370,376077564702,AUTO POSTO ITAICI LTDA.
2371,377075a8a444,POSTO DE COMBUSTIVEIS 63 EIRELI
2372,3775da3ea4e3,AUTO POSTO JARDIM DOS PINHEIROS LTDA
2373,3778e16b2e1a,AUTO POSTO PORTAL DO TINGUÁ LTDA
2374,3788a02a9787,AUTO POSTO APRAZIVEL LTDA
2375,378ed08d5197,COMPANHIA BRASILEIRA DE DISTRIBUICAO
2376,37a25c9911a9,AUTO POSTO BARRETO LTDA
2377,37a5a9c2a041,AUTO POSTO CORAL LTDA
2378,37a92c59ae2b,AUTO POSTO POLI JARAGUA LTDA
2379,37ab823ae8f7,PETROLINS REVENDA DE COMBUSTIVEIS LTDA
2380,37b279f8639b,POSTO SHAN LTDA
2381,37b2ee3be204,POSTO DE SERVICO VENEZA LTDA
2382,37b7a2733390,AUTO POSTO SAO CHARBEL LTDA
2383,37b7b8cd47d3,ORGANIZACAO COMERCIAL GUIMARAES LTDA
2384,37c0e499a8fd,HD PETROLEO ESTAIADA LTDA
2385,37c896031a01,COMERCIO DE COMBUSTIVEIS PARADA DOS AMIGOS LTDA
2386,37caa69a40ed,TRIALEM COMBUSTIVEIS LTDA
2387,37ccba82f808,F.F.STAEVIE COMBUSTIVEIS LTDA
2388,37cd23339f0b,PETROCAL PETROLEO CAVALCANTI LIMITADA
2389,37d1391386b3,TAISHAN AUTO POSTO - EIRELI
2390,37d6b1d8f336,AUTO POSTO AFA LTDA
2391,37da2a23371a,VA VER COMERCIO DE COMBUSTIVEL LTDA.
2392,37da67126646,AUTO POSTO IAVE ROI LTDA
2393,37dd6bed7b02,ANGELA APARECIDA MENDES SILVA DOS REIS EIRELI
2394,37df93b4331c,CAIS COMERCIO VAREJISTA DE COMBUSTIVEL LTDA
2395,37f224dcabf6,RIO GRANDE COMBUSTIVEIS LTDA
2396,37f57b904ba9,POSTO DE COMBUSTIVEIS MILLANI LTDA
2397,37fb1c54e1e5,T. M. VALENÇA LTDA.
2398,37fc4d9b923f,AUTO POSTO JANDA LTDA
2399,380268dc4caa,POSTO MARIA CUMPRIDA LTDA
2400,38065a4a808f,MG DERIVADOS DE PETROLEO LTDA
2401,3808266e26dd,J. BEZERRA COMERCIO DE COMBUSTIVEIS E DERIVADOS LTDA - EPP
2402,380b85ed4ac0,CENTRO AUTOMOTIVO NAVEGANTES LTDA
2403,380e2a1541ff,MANA COMERCIO DE COMBUSTIVEIS LTDA
2404,381b378bfc94,SUPER POSTO FAMA LTDA
2405,381bfd5f8167,DIAS & COSTA COMERCIAL DE COMBUSTIVEIS LTDA
2406,3826bd6fc3a1,POSTO PARATI LTDA
2407,382e50f865c2,PRIMAVERA COMERCIO DE COMBUSTIVEIS LTDA
2408,382f17b5fce8,AUTO POSTO CASCATA DE ITAPIRA LTDA
2409,382fd19e2ab3,POSTO DE COMBUSTIVEIS B J LTDA
2410,383d6ed78b78,AUTO POSTO B4 LTDA
2411,383fe61a26c2,SERV CAR DERIVADOS DE PETROLEO LTDA
2412,38429f49bbfc,AUTO POSTO PARQUE DE VINHEDO LTDA
2413,38547cb0c1b7,AUTO POSTO FLOR DE CALMON LTDA
2414,385eaa0e9ae8,AERO SETE AUTO POSTO LTDA
2415,385eb73532d5,POSTO RODA 7 LTDA
2416,386ebe2747f2,COMERCIAL BUFFON COMBUSTIVEIS E TRANSPORTES LIMITADA
2417,38714464395d,MCM-COM DE DERIVADOS DE PETROLEO LTDA
2418,387b9a7c614b,EDSON G DE LIMA & CIA LTDA
2419,387d5781be61,POSTO CENTRAL DE ANAPOLIS LTDA
2420,3884b4d22639,ABASTECEDORA DE COMBUSTIVEIS BENTO LTDA
2421,388a77b7f86a,FLASHCAR AUTO POSTO LTDA
2422,388a89441a5c,SOBERANO AUTO POSTO LTDA
2423,388bda2aed62,OSHIRO & CIA LTDA.
2424,388cbdb5bfcb,AUTO POSTO DELTA PRAIA LTDA
2425,388f73ecc536,BENETTON POSTO DE COMBUSTIVEIS LTDA
2426,389402932cee,COMSERVICO LTDA
2427,389460e8be55,POSTO DE SERVICO PRACA DO GURI LTDA
2428,389b65489626,SUNSET POSTOS DE SERVICOS E CONVENIENCIA LTDA
2429,38a6b55a8341,GOLDEN SUMARE AUTO POSTO LTDA
2430,38aa934bc9cf,AUTO POSTO JARDIM TIMBORI LTDA
2431,38ad8261d7ce,COMERCIAL LE MANS TRANSPORTES E SERVICOS LTDA
2432,38af2e52d83b,CARREFOUR COMERCIO E INDUSTRIA LTDA
2433,38b5d2e268de,AUTO POSTO PA LTDA
2434,38b7f68218eb,ABASTECEDORA DE COMBUSTIVEIS DA 20 LTDA
2435,38c526debddc,AUTO POSTO CORDELIA LTDA.
2436,38d360a479f1,AUTO POSTO REDE PERSONALYTTE LTDA
2437,38d44dc1bfbd,STAR RED AUTO POSTO LTDA
2438,38e171d0fb2d,AUTO POSTO ZERO16 LTDA
2439,38e20dd77cc8,AUTO POSTO MUFFATO LTDA
2440,38e5ee44cf01,AUTO POSTO VANCOUVER LTDA.
2441,38f0015e31a7,DECIO L13 LIMITADA
2442,38f03c3ae63f,AFONSO MONTEIRO POSTO DE SERVICOS LTDA
2443,38fdc819e550,SIM REDE DE POSTOS LTDA
2444,39001054a07b,AUTO POSTO PATRAO COMERCIO DE COMBUSTIVEIS LTDA.
2445,390a8e0890e2,ANTUNES & MACIEL LTDA
2446,390ae11ad78d,POSTO SILVERSTONE LTDA
2447,390c598ccf1b,AUTO POSTO OSCAR LTDA
2448,390cb1a30cfb,PETRO-SCHEMES COMERCIO DE COMBUSTIVEIS LTDA.
2449,390fa9e78ce1,CACIQUE PETROLEO LTDA
2450,391f63c3b7b8,POSTO HUMAITA LTDA
2451,3940cf722a0a,AUTO POSTO H5 LTDA
2452,3956f5dea341,AUTO POSTO DO TUCA COMERCIO DE COMBUSTIVEIS LTDA
2453,3959fba49828,AUTO POSTO MILENIO LTDA
2454,395aaf7fb9b9,AUTO POSTO ARACARE LTDA
2455,395cdb4e39f8,POSTO DE PETROLEO ANHANGUERA LTDA
2456,395d8068cace,GLORIA POSTOS E SERVICOS LTDA
2457,395ec23dddf7,AUTO POSTO PERY RONCHETTI LTDA
2458,395edbc5381b,AUTO POSTO CAMPUSCAO LTDA
2459,3968eb05c6f4,VIP COMERCIO DE PETROLEO LTDA
2460,396ac7dbef9b,B & B COMERCIAL LTDA
2461,396fe2394d39,POSTO MANIA LTDA
2462,3976f75e5fe8,RN COMBUSTIVEIS LTDA
2463,39818f710f18,ARRAIAL COMERCIO DE COMBUSTIVEIS LTDA.
2464,39841ce2e7d7,SUPER POSTO ESTRELA LTDA
2465,39915130212f,TRAPEZIO COMBUSTIVEIS E COMESTIVEIS LTDA
2466,39919b673fa4,VITORIA COMERCIO DE COMBUSTIVEIS DE VOTUPORANGA LTDA
2467,3999e54662d4,"H.LANG FILHO COMERCIO,REPRESENTACOES E TRANSPORTES LTDA"
2468,39a66703f3cd,POSTO AVENIDA DE PAULO AFONSO LTDA
2469,39acd19a4136,MOTTA PINHEIRO - COMERCIO DE COMBUSTIVEIS LTDA
2470,39acdaecd3ce,POSTO TNE ILHA LTDA
2471,39b1790e0750,AUTO POSTO GALEGO DO RIO DA PRATA LTDA
2472,39c2c00fcbd4,POSTO ALBINO COMERCIO DE COMBUSTIVEIS E TRANSPORTES LTDA
2473,39c4f6bb0f01,WMS SUPERMERCADOS DO BRASIL LTDA.
2474,39c63b9b219d,POSTO ANA LUCIA LTDA
2475,39c8763ff2a7,CARRETEIRO DERIVADOS DE PETROLEO LTDA
2476,39c9229b26d6,MIX AUTO POSTO LTDA
2477,39caa3e9bfb4,AUTO POSTO FRONTEIRA LTDA.
2478,39cbc5fda520,RIBEIRO MIGUEL SUTIL AUTO POSTO LTDA
2479,39cd7d942165,AUTO POSTO POLO CLUB LTDA
2480,39cf7b153c8b,POSTO CAMPINAS LTDA
2481,39d9cf61e26f,AUTO POSTO PENHA BRASIL LTDA
2482,39dd5cbe9bbf,GONCALVES & DIAS LTDA
2483,39e0899b98be,AUTO POSTO IPANEMA II LTDA
2484,39ec641809dd,NICOLAU DERIVADOS DE PETROLEO LTDA
2485,39f5d91e00d6,VILA RICA COMBUSTIVEIS LTDA EM RECUPERACAO JUDICIAL
2486,39f6b645f941,G3 AUTO POSTO LTDA
2487,39f72742c3f1,"SHIRAISHI, MATSUBARA & CIA LTDA"
2488,39f9415ef2b9,AUTO POSTO FAROL LTDA
2489,39fbb6d7d378,POSTO SHOPPING MOGI LTDA
2490,3a14b96feafe,SERV BANC COMBUSTIVEIS E LUBRIFICANTES LTDA
2491,3a160c5fd06c,POSTO DE SERVICOS ILHA BELA LTDA
2492,3a19d5ee1460,AUTO POSTO IVI LTDA
2493,3a24af0062b4,POSTO DE SERVICOS SHOPPING DE JACAREI LTDA
2494,3a260e6c863b,PETROGAMA COMERCIO DE COMBUSTIVEIS LTDA
2495,3a2a5bf280f4,AUTO POSTO RODRIGUES E RODRIGUES LTDA
2496,3a2bf9ceaae2,POSTO NOGUEIRA LTDA
2497,3a2d46216b8c,AUTO POSTO CAPITAL DO SURF LTDA.
2498,3a2d4fc1bb07,AUTO POSTO JASSA LTDA
2499,3a2edb3a5a62,DIAS E ROMA LTDA
2500,3a3cc6e5dcd5,ALCEDINO MALACARNE & CIA LTDA
2501,3a3e0127bf70,POSTO GAUCHO LTDA
2502,3a3ea16e1611,RS COMBUSTIVEIS E LUBRIFICANTES LTDA
2503,3a4c3939f4be,TEXAS AUTO POSTO LTDA
2504,3a501188baa3,DARWIN PIMENTEL VICENTINI EIRELI
2505,3a513a744f3a,EUNAPOLIS COMERCIO DE COMBUSTIVEIS LTDA
2506,3a5b634ab375,POSTO DE ABASTECIMENTO JATOBA LTDA
2507,3a5cc468c26f,BMK COMBUSTIVEIS LTDA. - EPP
2508,3a61944dc368,MENDONCA E RIBEIRO AUTO POSTO LTDA
2509,3a6a2f6dc0e5,POSTO ANTUNES LTDA
2510,3a76fc137811,POSTO DIGOS GASTAO VIDIGAL LTDA
2511,3a7c496c9d99,"AUTO POSTO ESCOLA COMERCIO DE COMBUSTIVEIS, LUBRIFICANTES E SERVICOS LTDA"
2512,3a8cc833a6e0,ABASTECEDORA DE COMBUSTIVEIS KAREN LTDA
2513,3a9414d490b2,F C OLIVEIRA COMBUSTIVEIS LTDA
2514,3a9562d1f994,PREMMIUM POSTO DE COMBUSTIVEIS DE ARACATUBA LTDA
2515,3a964ac65b18,AUTO SHOPPING DERIVADOS DE PETROLEO LTDA
2516,3aa42a4d40f3,LIMA & PINHEIRO LTDA
2517,3aa5fa26cd36,POSTO NOVA ITAPERUNA LTDA
2518,3aa75bc4617c,POSTO LUIZA LTDA
2519,3aabd1bbefe2,PARADISE AUTO POSTO CUIABA LTDA
2520,3aae53ea39a6,POSTO PIRIPIRI LTDA
2521,3ab1a09899b7,JOFER AUTO POSTO LTDA
2522,3ac20ac1e745,POSTO DOIS PINHEIROS PERDIZES LTDA.
2523,3ac3aa18a17c,CLASSE A COMERCIO DE COMBUSTIVEIS LTDA.
2524,3ac488cf80ff,AUTO POSTO ITAMARATY LTDA
2525,3ac60fd53e9b,CASCOL COMBUSTIVEIS PARA VEICULOS LTDA
2526,3ac8ec9baf66,FCN.X CARVALHO COMBUSTIVEL LTDA
2527,3ace5ba45a56,COSTA & BATISTA LTDA
2528,3ad440aec403,AUTO POSTO DE COMBUSTÍVEIS ENTRE SERRAS LTDA.
2529,3ad957bb59f6,AUTO POSTO CORREA NETO SOROCABA LTDA
2530,3adc21c13f26,AUTO POSTO CONQUISTA LTDA
2531,3ae39fc6a98a,POSTO DE SERVIÇO FREE SHOP LTDA
2532,3ae51a12ddba,POSTO RODA VIVA LTDA
2533,3ae9608f68bc,"POSTO, RESTAURANTE E LANCHONETE FR BRANCO LTDA"
2534,3aea2664b475,AUTO POSTO SERTANEJO DE VOTUPORANGA LTDA
2535,3aebc374319d,BRAMBILLA & FILHOS LTDA
2536,3aec0256c80f,POSTO ROQUE VERNALHA LTDA
2537,3b0137d673f2,NORTON COMERCIO DE COMBUSTIVEIS LTDA
2538,3b080085b0c5,POSTO SERINGUEIRA LTDA
2539,3b12a90704af,AUTO POSTO MARCIA LTDA
2540,3b2444b9f5f6,AUTO POSTO BURITI III LTDA
2541,3b284862fc5b,AUTO POSTO DUQUE TOCANTINS II LTDA
2542,3b2afc1357d8,AUTO POSTO SANTA VITORIA LTDA
2543,3b3054baba54,SOBRAL & PALACIO PETROLEO LTDA
2544,3b32239d4e67,AUTO POSTO P3 LTDA
2545,3b322e1d35aa,AUTO POSTO LAGO DE COMO LTDA
2546,3b382719870a,AUTO POSTO BANDEIRA 3 LTDA
2547,3b3ca1a7ae02,COMERCIAL DE COMBUSTIVEIS MINEIRO LTDA
2548,3b437d734d97,AUTO POSTO TREVO DA BARRA LTDA
2549,3b48cf276507,AUTO POSTO DAMINELLI LTDA
2550,3b4b4e9fc2b4,POSTO AZEREDO ELGO LTDA
2551,3b4fda4c8b1a,POSTO 44 PARANAGUA COMERCIO DE COMBUSTIVEIS LTDA
2552,3b5314c25f3f,AUTO POSTO CAMPINAS MONTE MOR LTDA
2553,3b576b837365,ROMA COMERCIO DE COMBUSTIVEIS E LUBRIFICANTES LTDA
2554,3b60884e6815,MIRAGE COMERCIO DE COMBUSTIVEIS LTDA
2555,3b6dc4f53f49,AUTO POSTO NAVEGANTES LTDA
2556,3b6f968974a1,ITAPEMIRIM ORGANIZACAO DE PETROLEO LTDA
2557,3b6fc69bcc6f,AUTO POSTO RUBIMAR LTDA
2558,3b70f17003fe,POSTO DE COMBUSTIVEL NOVO ESTRELA LTDA
2559,3b78fab24bde,PELLEGRIN & CIA LTDA
2560,3b79b99723b0,POSTO SERVE BEM LIMITADA
2561,3b7cbf294869,CARRETEIRO DERIVADOS DE PETROLEO LTDA
2562,3b7dbdcf75a2,POSTO DIAMANTE MASTER LTDA
2563,3b856ab86e02,POSTO DE GASOLINA MARACANA LTDA
2564,3b89339e6090,AUTO POSTO CHIMARRAO LTDA
2565,3b9231d7bf93,L. P. COMBUSTIVEIS E PNEUS LTDA.
2566,3b9dd13635b1,CARREFOUR COMERCIO E INDUSTRIA LTDA
2567,3ba3f9930e45,B & P COMERCIO E SERVICOS DE DERIVADOS DE PETROLEO LTDA
2568,3ba77041c165,PLANALTO PETROLEO BOLA LTDA
2569,3ba8acbc38c9,AUTO POSTO FABIANA OESTE LTDA
2570,3ba8f6252d83,AUTO POSTO RELUMA LTDA
2571,3baac8d1adaa,AUTO POSTO STATUS DO MORUMBI LTDA
2572,3bb33fb3a678,SM COMERCIAL DE PETROLEO CIDADE ALTA LTDA
2573,3bb59dbfbdb6,'AUTO POSTO INGA LTDA''
2574,3bbc864ac6aa,COMERCIAL DE COMBUSTIVEIS LONDERO LTDA.
2575,3bcc5893d1f1,AUTO POSTO CENTER EIRELI - EPP
2576,3bd65830f150,CENTRO AUTOMOTIVO AJ & AR LTDA
2577,3bdd9c4a298f,AUTO POSTO BOI CAMPEAO LTDA
2578,3bee9ba3abb6,AUTO POSTO BIZUNGA LTDA
2579,3bef81ebca7b,ARGOS COMERCIAL DE COMBUSTIVEIS LTDA
2580,3bf79c8f1573,POSTO DE GASOLINA BARRAMAR LTDA
2581,3c02056bffaf,ALFA COMBUSTIVEIS LTDA
2582,3c067f9054d7,COMERCIO DE COMBUSTIVEIS CODORNA LTDA
2583,3c0f42b2df79,CACIQUE PETROLEO LTDA
2584,3c0fa017bcbb,AUTO POSTO PEROLA - RIO PRETO LTDA.
2585,3c1073d9f43d,AUTO POSTO RESIDENCIAL MEIRELLES LTDA.
2586,3c12afdc7b0e,POSTO CISNE BRANCO LTDA
2587,3c1beec347e8,POSTO IMPERIAL DE PETROPOLIS LTDA
2588,3c2432e39c02,AUTOMOTO - AUTOMOVEIS DO AMAPA LTDA
2589,3c27d8ef125f,POSTO VILA GUARANI LTDA
2590,3c295e5b0a27,AUTO POSTO AEROPORTO LTDA
2591,3c2bd3dafca9,POSTO DE SERVICO JARDIM LISA LTDA
2592,3c31a0d51601,COMERCIO DE COMBUSTIVEIS PANTANAL LTDA
2593,3c3c5f41d988,AUTO POSTO NOSSA SENHORA DA OLIVEIRA LTDA
2594,3c3debf00a7a,COMERCIAL BUFFON COMBUSTIVEIS E TRANSPORTES LIMITADA
2595,3c3f03396739,VERA LUCIA OLIVEIRA SILVA SANTIAGO EIRELI
2596,3c558677524c,AUTO POSTO RODOSALTO LTDA
2597,3c5fe55d7f5b,TRANSVALE CARUARU COMERCIO DE COMBUSTIVEIS LTDA
2598,3c6096555660,PIPEL-PICOS PETROLEO LTDA
2599,3c6c519ca64a,LUCHES E MORAES COMERCIO DE COMBUSTIVEIS BOTUCATU LTDA
2600,3c6f3b52dc31,AUTO POSTO PRATA DE OSASCO LTDA
2601,3c771d6da9b3,POSTO TITAN DE MACAE LTDA
2602,3c7df2191796,AUTO POSTO PARQUE DOS SABIAS LTDA
2603,3c813fb5d8cf,C. G. DE SOUSA LTDA
2604,3c85c6a28fc9,POSTO SAO JOAO COMB E LUBR LTDA
2605,3c91b055a011,UBA COMERCIO DE COMBUSTIVEIS LTDA
2606,3c92125cf573,AUTO POSTO NEKKO LTDA
2607,3c92bfd8aa04,AUTO POSTO R 2 LTDA
2608,3c9578ed1fdb,BARAO AUTO POSTO LTDA
2609,3ca6bb4af9c3,AUTO POSTO SAO BENTO DE ITANHAEM LTDA
2610,3ca7ba81e823,POSTO GARCIA DE CAMPINAS LTDA
2611,3cb62461e267,POSTO CANDANGO LTDA
2612,3cb6f91fa6f6,POSTO DE COMBUSTIVEIS VILA PIRATA LTDA
2613,3cb8913aeba1,ACP COMERCIO DE COMBUSTIVEIS E DERIVADOS DE PETROLEO LTDA
2614,3cc21aa92aff,TAMBORE SERVICOS AUTOMOTIVOS LTDA.
2615,3cc3eb70915c,JABER COMERCIO DE COMBUSTIVEIS LTDA
2616,3cc4f20c34ca,AUTO POSTO HAMES LTDA
2617,3cce6b2fbddc,W & L COMERCIO DE COMBUSTIVEL LTDA
2618,3cd423bd2e09,CINQUENTAO COMERCIO DE COMBUSTIVEIS LTDA
2619,3cdda2004792,COMERCIAL DE DERIVADOS DE PETROLEO TRES LAGOAS LTDA - ME
2620,3cf3726bab8c,COMERCIAL DE COMBUSTIVEIS COELHO LTDA
2621,3cf4b3bbee57,AUTO POSTO BRASIL LTDA
2622,3cf5f08edb5f,COMERCIO DE COMBUSTIVEIS DO IVAN LTDA
2623,3cf6ccdb71ca,HIDEO SAITO
2624,3cf9e7f8ddaa,PORTO 2000 AUTO POSTO LTDA
2625,3cfb672c4a67,AUTO POSTO ITALIA LTDA
2626,3d0033197dd7,DRESCH & WEILER LTDA
2627,3d04d444bd48,ORGANIZACAO GUAIBIM LTDA
2628,3d0830d82890,SOUZA COMERCIO DE COMBUSTIVEIS LTDA
2629,3d0d251e3590,ABRANTES COMBUSTIVEIS LTDA
2630,3d22e4152ff2,AUTO POSTO SILVARES LTDA
2631,3d26ced4a4cc,MARI MANOS AUTO POSTO LTDA.
2632,3d2b4c6ff330,AUTO POSTO NOVA AMIZADE DE PAULINIA LTDA
2633,3d30e58a8023,TRANSGANSO COMERCIO E TRANSPORTES LTDA.
2634,3d3449d2bae7,TRANSSERVICE PETROLEO LTDA
2635,3d3800d2ec10,POSTO VICA LTDA
2636,3d3cf9f2dcc3,COMERCIO VAREJISTA DE COMBUSTIVEIS VELOZ LTDA
2637,3d4023a9fd5f,COOPERATIVA MISTA SAO LUIZ LTDA
2638,3d43e47acc76,JOSE FERREIRA ROSA & CIA LTDA
2639,3d46a747f1c7,LOPES & MARINHO LTDA
2640,3d558eaca3ce,AUTO POSTO CANDEIAS COMBUSTIVEIS LTDA
2641,3d578566fe75,AQUARIUS COMERCIO VAREJISTA DE COMBUSTIVEIS LTDA
2642,3d5d0afec9da,AGUIAR PETROLEO E LOCACOES LTDA
2643,3d61e8c02ee4,AUTO POSTO PEGASO LTDA
2644,3d65a9014a9e,AUTO POSTO LINS LTDA
2645,3d67a3b93bc8,AUTO POSTO ELIEZER AGUAS CLARAS LTDA
2646,3d6da796ba19,POSTO ESTRELA DA LIBERDADE LTDA
2647,3d719d6cdc04,AUTO POSTO K 44 LTDA
2648,3d783f55d3d6,IANNI & LEPORE LTDA.
2649,3d80d93963c7,AUTO POSTO G10 LTDA
2650,3d8654461565,CUTRALE EMPREENDIMENTOS LTDA
2651,3d895f05d699,AUTO POSTO CAZZONATTO LTDA
2652,3d8e464a1426,DELTA COMERCIO DE DERIVADOS DE PETROLEO LTDA
2653,3d92561fe77c,AUTO POSTO ARARAJUBA LTDA
2654,3d95804ec3ad,COMERCIO DE COMBUSTIVEIS MERGULHAO LTDA
2655,3d96d1d7a434,AUTO POSTO DE COMBUSTIVEIS SERRA DO CARMO LTDA
2656,3d9c561b94f9,CENTRO AUTOMOTIVO RIVIERA TROPICAL LTDA
2657,3d9d2f922619,AUTO POSTO ARACATUBA LTDA
2658,3da0f5d5e507,ABASTECEDORA DE COMBUSTÍVEIS DOM JOAQUIM LTDA
2659,3da8374d546a,AUTOMOTO - AUTOMOVEIS DO AMAPA LTDA
2660,3db2b24d5e6d,POSTO DE COMBUSTIVEIS CASA PONTO LTDA
2661,3db333792274,POSTO CACADORES LTDA.
2662,3db5b5c17c57,AUTO POSTO BRAZIL EXPRESS LTDA
2663,3dbbaf299efe,VAQUINHA DA NEVADA LTDA
2664,3dd47c4a121e,MP POSTOS E LOGISTICA LTDA
2665,3dd4cffddfa5,REDE GUAPO DE POSTOS DE COMBUSTIVEL LTDA
2666,3ddbd89acfdd,HD PETROLEO CORUJA LTDA
2667,3ddf1a9bca62,L. V. COMERCIO DE COMBUSTIVEIS LTDA
2668,3de03bf6d60d,POSTO SANTO EXPEDITO LTDA
2669,3de851ca6afa,AUTO POSTO LAGOA LTDA
2670,3dfa1d63f0aa,AUTO POSTO JACARANDA LTDA.
2671,3dfc46c8e241,SANTA MARIA DERIVADOS DE PETROLEO LTDA
2672,3e0236a79aca,SUPER POSTO PALMEIRA LTDA
2673,3e09dbf5cb2f,AUTO POSTO MERIDIONAL LTDA
2674,3e0a00d85697,DIOGA REVENDEDORA DE OLEOS E GASOLINA LTDA
2675,3e0a8b081bd8,AUTO POSTAO I LTDA.
2676,3e10193b9d53,R C BARBI
2677,3e27b5cbe881,PETRO MIX LTDA
2678,3e2ed2b507dc,ADAO ALVES BONFIM & CIA LTDA
2679,3e32853a6d2f,AUTO POSTO A.L. LTDA
2680,3e36dbc0cc75,POSTO NEVES E VIANA LTDA
2681,3e39f56d6e1e,AUTO POSTO DA PRACA LTDA
2682,3e3c62f82423,E. A. R. PEREIRA COMBUSTIVEIS LTDA
2683,3e4272b02c23,POSTO 3 LTDA
2684,3e42f67e2892,LINHARES AUTO POSTO LTDA
2685,3e447a7668a3,POSTO ECO LTDA
2686,3e45683072b6,AUTO POSTO JARI LTDA
2687,3e4b59b61b71,AMAZON COMBUSTIVEIS PARA VEICULOS E CONSTRUCOES LTDA
2688,3e505ee57efb,FRANÇA COMBUSTÍVEIS LTDA.
2689,3e542208f402,CHILE COMERCIO DE COMBUSTIVEIS E CONVENIENCIAS LTDA
2690,3e5695d4b453,UIRAPURU COMÉRCIO DE COMBUSTIVEIS LTDA
2691,3e5b4368873f,SOUZA & AMARAL AUTO POSTO LTDA
2692,3e66998e65b6,AUTO POSTO CIDADE JARDIM LTDA
2693,3e68cc9b80e7,ZV POSTO DE SERVICO LTDA
2694,3e690447f052,BRAUNA COMERCIO DE COMBUSTIVEIS LTDA.
2695,3e6bf0e98806,AUTO POSTO FORCA AEREA LTDA
2696,3e7af5e6896b,PETROCAL PETROLEO CAVALCANTI LIMITADA
2697,3e7b7699d8a0,AUTO POSTO RIO CLARENSE II LTDA
2698,3e841b74cfba,VERAS & PRADO COMERCIO DE PETROLEO LTDA
2699,3e8e5fa0bbf3,AUTO POSTO AREIAS BRANCAS LTDA
2700,3e98aeb25716,TEREZINHA MOURA ANDRADE
2701,3ea004e27ca4,ABASTECEDORA PERIZZOLO LTDA
2702,3eaf5944d77b,AGUIAR PETROLEO E LOCACOES LTDA
2703,3eba9bc28127,AUTO POSTO REDE SOUZA LTDA
2704,3ebe3f7b1ef3,AUTO POSTO BAIXA GRANDE LTDA
2705,3ec3c9ef8102,PUROGAS-GNV AUTO POSTO LTDA
2706,3ec49ce85358,C.R.B. DEZAN E CIA LTDA
2707,3ecf34747fde,POSTO SHUKRAN LTDA
2708,3edbcba305a6,AUTO POSTO LAGOINHA LTDA
2709,3ede4d43dc92,POSTO BOM SUCESSO IGARASSU LTDA
2710,3ee8e3f1a780,NOBRE ABASTECEDORA DE COMBUSTIVEIS LTDA
2711,3eea2fdf2065,AUTO POSTO AGLE LTDA
2712,3eee18e9ba79,AUTO POSTO VICENTE MACHADO LTDA
2713,3ef164ef3e57,GUAICA AUTO POSTO LTDA
2714,3efbf3684769,POSTO DM CAICO LTDA
2715,3f061967a82d,GRAMA COMERCIO DE COMBUSTIVEIS LTDA
2716,3f07716a169e,AUTO POSTO MULTMAX LTDA.
2717,3f0a9e070d92,COOPERATIVA DE CONSUMO DOS CONDUTORES AUTONOMOS DE VEICULOS RODOVIARIOS DE CAXIAS DO SUL
2718,3f11297ea40c,SM COMERCIO DE DERIVADOS DE PETROLEO LTDA
2719,3f13340231bd,PETROVIN POSTOS DE SERVICOS LTDA.
2720,3f18bc5fa0d1,I S CAMPOS ATACADISTA E DISTRIBUIDORA LTDA
2721,3f1d687a681b,POSTO CAPITAL LTDA
2722,3f21cdba93ca,AUTO POSTO NOVENTA LTDA
2723,3f39299b7955,AUTO POSTO RIO DO OURO LTDA
2724,3f42a8394acc,MHS COMERCIO DE COMBUSTIVEIS LTDA
2725,3f49a558a252,REDE BONS AMIGOS GETULIO VARGAS COM DE PETROLEO LTDA
2726,3f4eb050d1f7,NITRO COMERCIO VAREJISTA DE DERIVADOS DO PETROLEO LTDA
2727,3f58545c7c69,ABASTECEDORA DE COMBUSTIVEIS ZONA SUL LTDA
2728,3f5f613c905e,POSTO MAIA LTDA
2729,3f78ac868416,POSTO SEM LIMITES LTDA
2730,3f7bb1af6ad9,AM COMBUSTIVEIS EIRELI
2731,3f81398d9017,POSTO ANACLETO JACARAIPE LTDA
2732,3f83a28fb7f3,CJCM PETROLEO LTDA.
2733,3f8c518262db,AUTO POSTO VERENKA 05 LTDA
2734,3f9006b6711d,AUTO POSTO DAKOTA DOURADOS LTDA
2735,3f969ed7cd18,POSTO DO BETO LTDA
2736,3f97ca73dab6,G.M. COMERCIO DE COMBUSTIVEIS LTDA
2737,3f989a3a95d7,COMERCIO DE COMBUSTIVEIS DUAS NACOES LTDA
2738,3f9ca4b3f269,COMERCIAL DE COMBUSTIVEIS CAMPO ALEGRE LTDA
2739,3fa6cd017812,NAVERIO NAVEGACAO DO RIO AMAZONAS LTDA
2740,3fb2eaf0dbab,META & AMERICANA POSTO DE PETROLEO LTDA.
2741,3fb335e2e58c,POSTO GUARDIAO DE PAULINIA LTDA.
2742,3fb7730c35f4,SETE ESTRELAS COMERCIO DE DERIVADOS DE PETROLEO LTDA
2743,3fba4b6a026b,AUTO POSTO PEDRO LESSA LTDA
2744,3fc14f3e93af,H M A COMERCIAL DE COMBUSTIVEIS LTDA
2745,3fc2f546450d,E. C. AGUIAR COMERCIO DE COMBUSTIVEIS LTDA
2746,3fc745502524,AUTO POSTO ALAMEDA MATAO LTDA
2747,3fe17fa7e6f8,COMERCIAL DE COMBUSTIVEIS PORTAL DE MINAS III LTDA
2748,3feb6fb5f877,REK COMERCIO DE COMBUSTIVEIS LTDA
2749,3fecf571a3f6,POSTO BRX LTDA
2750,3ff17781682b,REDE DE POSTOS CASTRO LTDA
2751,3ff5bc93f4e2,AUTO POSTO PHOENIX DE SAO CARLOS LTDA
2752,3ff6b92a54e2,COMERCIO DE COMBUSTIVEIS SAO FELIPE LTDA
2753,3ff72ecf48f1,HD PETROLEO BR 316 LTDA
2754,3ff9dfa0fec1,ROMA TRUCK CENTER LTDA
2755,3ffd115f4c1b,AUTO POSTO SAO FRANCISCO LTDA
2756,40113f49e3b4,POSTO AMERICA LTDA
2757,401232dbe757,AUTO POSTO MILLENIUM GOIATUBA LTDA
2758,40189e618ee3,AUTO POSTO MASP ARNE LTDA
2759,401bae150860,COMERCIO DE COMBUSTIVEIS E LUBRIFICANTES COQUEIRO LTDA
2760,401f7a160ab0,CASCOL COMBUSTIVEIS PARA VEICULOS LTDA
2761,403288c6857e,AUTO POSTO S. N. EIRELI
2762,4032b53d964f,SANDER COMERCIO DE COMBUSTIVEIS LTDA
2763,40334319c748,GRAN MOGI AUTO POSTO LTDA - ME
2764,4036083ff52d,MAGA-CENTRO COMERCIO DE COMBUSTIVEIS E LUBRIFICANTES LTDA - EPP
2765,4041253294d2,SUDESTE  COMERCIO DE COMBUSTIVEIS LTDA
2766,4042cd8eedfb,ITAMARATY AUTO POSTO LTDA
2767,40504c184262,AUTO SERVICOS PIT STOP LTDA
2768,4057cc67ca6d,RP AUTO POSTO VOTUPORANGA LTDA
2769,405ad1769a9f,POSTO ECOLOGICO DO HORTO LTDA
2770,405f81878c0e,POSTO AMRX COMERCIO DE COMBUSTIVEIS LTDA
2771,4061d0037328,NOSSO POSTO COMERCIO E REPRESENTACAO LTDA
2772,4065bc862a2f,RENATO KOTAIT JÚNIOR - ME.
2773,406989e7b684,MBP - COMERCIO DE COMBUSTIVEIS LTDA
2774,406bfc9c73f8,AUTO POSTO BELO VALE LTDA
2775,407466e8a36b,ENTERPRISE AUTO POSTO LTDA
2776,4074b269efe4,AUTO POSTO DUBAI LTDA
2777,40759f4fc013,POSTO TRANSICAO LTDA
2778,4080b6558660,PORTAL ESTRELA DE BARUERI CENTRO AUTOMOTIVO LTDA
2779,4086557c949a,AUTO POSTO PETRO TRIANGULO LTDA
2780,4088296307c4,POSTO DO JEFE LTDA
2781,408d454bab97,POSTO DE COMBUSTIVEL ALTOS DA XV COM A SAO PAULO LTDA - EPP
2782,408febfa7698,COMERCIAL DE PETROLEO SAO FRANCISCO LTDA
2783,4098fb9aa41e,LEONISIA N. N. BARROSO LTDA
2784,409afdf8d97c,POSTO DE COMBUSTIVEIS ALICAR LTDA
2785,409daf876495,CERAPELES DERIVADOS DE PETROLEO LTDA
2786,40a2e4553f31,QUIRINO E SOUZA COMERCIO DE PETROLEO E SERVICOS LTDA
2787,40ac9afa0abc,CASCOL COMBUSTIVEIS PARA VEICULOS LTDA
2788,40b4c3b28f71,2 A COMERCIO DE COMBUSTIVEIS GNV E LUBRIFICANTES LTDA
2789,40b9e3289e0d,JAMES MARLON MONTEIRO BARROS LTDA
2790,40c5a1b693ec,AUTO POSTO TOP GLORIA LTDA
2791,40c845d7ad48,RENASCER COMERCIO DE DERIVADOS DE PETROLEO LTDA. - EPP
2792,40ce4e9b6cd4,POSTO JB MOURA LTDA
2793,40d0ffe82e51,AUTO POSTO VIVA LTDA.
2794,40dae542f7b6,AUTO POSTO NOVA VENEZA LTDA.
2795,40db8e0350b4,M D DERIVADOS DE PETROLEO LTDA
2796,40dbc6cf83c2,TORRES COMERCIO E DERIVADOS DE PETROLEO LTDA
2797,40ddfa09b651,JEQUIEZINHO COMERCIO VAREJISTA DE COMBUSTIVEIS LTDA
2798,40df354433b1,POSTO CAPIM BRANCO LTDA
2799,40e21877af44,CENTRO AUTOMOTIVO BAP RUDGE RAMOS LTDA
2800,40e3970f9cec,BEATRIZ TEIXEIRA LACERDA CAMPOS
2801,40f23667665f,SANTA ROSA COMERCIO DE COMBUSTIVEIS E LUBRIFICANTES EIRELI
2802,40f356b6d3b0,COMERCIAL DE COMBUSTIVEIS TK LTDA
2803,40f530b89bbe,ANUBIS SERVICOS AUTOMOTIVOS LTDA .
2804,40f7f98a1a85,POSTO DE GASOLINA JB CAXIAS LTDA
2805,40f8ad453f2e,AUTO POSTO SAO PAULO LIMITADA
2806,40fb5748201d,POSTO SANTO SOL LTDA
2807,4100438dfdff,QUALITY COMERCIO DE COMBUSTIVEIS LTDA
2808,410310cc24dd,GAROTINHO COMERCIO DE COMBUSTIVEIS LTDA
2809,411100bc4316,AUTO POSTO SEGREDINHO LTDA
2810,4112df699a3b,COMERCIAL DE PETROLEO VEREDAS LTDA
2811,4117e9be4aa5,AUTO POSTO DOM VITAL II LTDA
2812,41188a4aa9ca,RIO NOVA PARADA SRC - POSTO DE GASOLINA LTDA.
2813,411b39654a3c,ARAUJO HIPERMERCADOS S/A
2814,411b547cf22f,COMERCIAL AMAZONIA DE PETROLEO LTDA
2815,4121696fb765,M E A - COMERCIO DE COMBUSTIVEIS LTDA
2816,412b0578603d,PITU COMERCIO DE DERIVADOS DE PETROLEO LTDA
2817,412b0f8857da,AUTO POSTO JANAUBA LTDA
2818,41329b7b5048,R W K COMERCIO DE COMBUSTIVEIS LTDA
2819,41354b69993d,AUTO POSTO FILA DUPLA LTDA
2820,4137d874e307,POSTO LAGOA LTDA
2821,4137f6c138e9,POSTO MOSCHEM LTDA
2822,414c6b90edc8,AUTO POSTO NEW POWER DERIV. DE PETROLEO LTDA.
2823,41543d276889,DOIS PINHEIROS AUTO POSTO LTDA
2824,4155f1a69ee2,POSTO 3M ARAGUAIA LTDA
2825,415afa588ab3,R2 AUTO POSTO E SERVICO LTDA
2826,416256a1921f,GALAPAGOS CENTRO AUTOMOTIVO LTDA
2827,4163ad3b8a72,AUTO POSTO CINCO ESTRELAS DE VALINHOS LTDA
2828,4163b0a30c66,ROTA SUL AUTO POSTO LTDA
2829,416574924ac6,L C F COMBUSTIVEIS LTDA
2830,417314bebc74,CENCOSUD BRASIL COMERCIAL LTDA.
2831,417629e5dd97,AUTO POSTO MANAH DE MOGI MIRIM LTDA.
2832,41790f5ab981,AUTO POSTO LARGO DE PINHEIROS LTDA
2833,417c316b0906,POSTO FREI DAMIAO LTDA.
2834,418076998389,POSTO ROTA DO GESSO LTDA
2835,4191f1dc9398,AUTO POSTO GENE LTDA
2836,41938f57a8ca,AUTO POSTO MANAH DE MOGI MIRIM LTDA.
2837,41a0791d9c26,HERIBERTO HULSE COMERCIO DE COMBUSTIVEIS LTDA - ME
2838,41aa02017806,AUTO POSTO ALVORADA PAULISTA LTDA
2839,41b63333a793,POSTO 4 COMERCIO DE COMBUSTIVEIS LTDA
2840,41b713e4d729,POSTO NOGUEIRINHA LTDA
2841,41b7e93e0582,SIMBOLO COMBUSTIVEIS LTDA.
2842,41bd66f3a089,POSTO DE GASOLINA REAL BRAS LTDA
2843,41bfed5def2e,L S COMERCIO E SERVICOS LTDA
2844,41d0e521ea91,L S COMERCIO E SERVICOS LTDA
2845,41d1659b2344,POSTO DE COMBUSTIVEL X EIRELI
2846,41d86b1a5edd,TASCA MARTE COMERCIO DE COMBUSTIVEL LTDA
2847,41dd18287dcc,AUTO POSTO CASTROLANDA LTDA.
2848,41df507d39e5,FLOR E OLIVEIRA LTDA
2849,41e67c06413f,CENTRO AUTOMOTIVO FINLANDIA LTDA
2850,41e9e00cbf60,POSTO DE COMBUSTIVEIS JARDINS LTDA
2851,41ec6c8a0f2e,POSTO POLEZEL LTDA
2852,41eff9dac428,AUTO POSTO CEIBA SPECIOSA LTDA
2853,41f394371eef,AUTO POSTO MONALISA LIMITADA
2854,41f41b2423f9,AP CAVALCANTE - COMERCIO DE COMBUSTIVEIS EIRELI
2855,41f6027f0ee0,PAULO BERENGUEL & CIA. LTDA
2856,41f6c17e1fbf,BRASAL COMBUSTIVEIS LTDA
2857,41f9e93e7f41,ARINELLA BANDEIRANTES COMERCIO VAREJISTA DE COMBUSTIVEIS LTDA
2858,41fc1d8e8d79,POSTO NATUREZA CENTRO LTDA
2859,42004ff03fa3,AUTO POSTO SANTA MARIA DE OURINHOS LTDA.
2860,4200ebf14c79,DALFORNO & DALFORNO LTDA
2861,4207a4697a56,FAST COMERCIO DE COMBUSTIVEIS LTDA
2862,4207a7fcf3a8,POSTO SAO JUDAS DERIVADOS DE PETROLEO LTDA
2863,4207d98d8b69,AUTO POSTO IRMAOS SARAIVA DOIS COMERCIO DE COMBUSTIVEIS LTDA
2864,420dbd53f3a8,AUTO POSTO CATUAI LTDA
2865,420f8adc10b1,AUTO POSTO NACOES UNIDAS LTDA
2866,420fa9a16d8f,POSTO VITORIA PANTERA LTDA
2867,42105ff861fc,POSTO RAMAR - COMERCIO DE COMBUSTIVEIS LTDA.
2868,4215b6ec507a,AUTO POSTO RADIAL III LTDA
2869,421e22013f7a,AUTO POSTO BRASIL PETRO RIO VERDE LTDA
2870,422151e8134c,POSTO DE SERVICO CAXIAS LTDA
2871,422b156917cd,AUTO POSTO BR BOQUEIRAO LTDA
2872,422b1ac57759,AUTO POSTO ANCARA LTDA.
2873,422cccac8621,VIPA EMPREENDIMENTOS LTDA
2874,423013da1f99,CAMPOS GAROUPA LTDA.
2875,4233aeb79545,BRASAO SUPERMERCADOS S/A
2876,423670e330e4,M TACITO CORREIA & CIA LTDA
2877,425352d6d177,POSTO MARATONI LTDA
2878,4255c1848f04,REDE LK DE POSTOS LTDA
2879,425d5004ddbc,JR COMERCIO DE COMBUSTIVEIS E CONVENIENCIA LTDA
2880,4266339f7b9f,POSTO FIGUEIRA VELHA LTDA
2881,42671ce17991,CENTRO AUTOMOTIVO FENIX LTDA
2882,427801ca5dc1,LUNA COMERCIO DE COMBUSTIVEIS E DERIVADOS LTDA
2883,427a847f202d,J. R. RIBEIRO MENDES
2884,427aa148315f,REDE ECONOMIC COMERCIO DE COMBUSTIVEIS LTDA
2885,428371e908e1,AUTO POSTO MIQUIRA II LTDA
2886,428b9a6cf813,AUTO POSTO JARDIM REBOUÇAS LTDA.
2887,42904a0fff2b,AUTO POSTO DE SERVICOS RIVAL DE GUADALUPE LTDA
2888,429cd0d845a0,AUTO POSTO TIGRAO MURIAE LTDA
2889,42a0823d9886,POSTO GAVEA DERMINIO LTDA
2890,42a094047f7c,AUTO POSTO PANORAMA BOTUCATU LTDA
2891,42a52fe7ad7d,POSTO BOM DESPACHO LTDA
2892,42b2e545d854,CEREJEIRAS- COMERCIO VAREJISTA DE COMBUSTIVEIS LTDA
2893,42b487b75928,PS COMBUSTIVEIS LTDA
2894,42b81289cccb,CENTRO AUTOMOTIVO BANDEIRANTE LTDA
2895,42bb69af14df,AUTO POSTO BARATEIRO LTDA
2896,42c0146f9478,AUTO POSTO CHOPOTRES LTDA
2897,42c1e1ddeb05,SETE ESTRELAS COMERCIO DE DERIVADOS DE PETROLEO LTDA
2898,42c3b2312c59,POSTO SHOPPING CAR COMBUSTIVEIS LTDA.
2899,42c5ef64715b,COMERCIAL CURI PANDINI LTDA - EPP
2900,42c9be170571,POSTO ICCAR LTDA
2901,42ca92dfcacc,CASCOL COMBUSTIVEIS PARA VEICULOS LTDA
2902,42cd7b6bad1d,AUTO POSTO LAGOA CARIOCA LTDA
2903,42d1fb3dc263,TERIOS AUTO POSTO LTDA
2904,42ebb76b1b98,POSTO XV DE NOVEMBRO LTDA
2905,43049af15581,SAO BERNARDO SERVICOS AUTOMOTIVOS LTDA
2906,43058ff27693,AUTO POSTO AGORA LTDA
2907,4311c685861b,AUTO POSTO SCHUENG LTDA
2908,431755a1c63b,AUTO POSTO ALAMEDA LTDA
2909,431a4391b66b,SIM REDE DE POSTOS LTDA
2910,431d7f678906,AUTO POSTO PORTUGAL RIBEIRAO LTDA
2911,431e7e86899d,POSTO DE GASOLINA TURF-CLUB LTDA
2912,432bc4a5ec88,COMERCIO DE COMBUSTIVEIS E DERIVADOS DE PETROLEO PERIZZOLO LTDA
2913,4343a5f197cb,POSTO DE COMBUSTIVEIS DAL RI LTDA.
2914,43595424161c,POSTO ESTACIO LTDA
2915,435d255b6c96,HIROTA AUTO POSTO & SERVICOS LTDA.
2916,436b38c2f858,LEOBAS E BARREIRA LTDA
2917,4374e4385374,AUTO POSTO CAPRI LTDA
2918,43796183290d,JOSÉ TELES DE ANDRADE JÚNIOR - EPP
2919,437a45c1ea19,AUTO POSTO ALVORADA LTDA
2920,437b2f0f2ea0,AUTO POSTO NOVA GERACAO LTDA
2921,437cc8f01e37,FORMULA 1 COMERCIO DE COMBUSTIVEIS LTDA
2922,437ef7f69bf0,NSA II POSTO DE ABASTECIMENTO E SERVICOS AUTOMOTIVOS LTDA
2923,438940551709,COMERCIAL DE COMBUSTIVEL COHAB III LTDA
2924,438a68c1b843,BRASILAR AUTO POSTO LTDA
2925,438abc15884c,POSTO CRUZEIRO DO SUL LTDA
2926,438b368c30a5,CENTRO AUTOMOTIVO NAZARE LTDA
2927,4393541e8c74,AUTO POSTO AERO RANCHO LTDA
2928,43a15a1d6614,DAMPETRO COMERCIO DE DERIVADOS DE PETROLEO LTDA
2929,43a5accfe8d9,TDA COMERCIO DE COMBUSTIVEIS LTDA
2930,43ac3861045c,JOVITA COMERCIO DE PETROLEO LTDA
2931,43afced08c36,POSTO DE ABASTECIMENTO C. A - 1 MERCEDES LTDA
2932,43b0faa566a4,AUTO POSTO TUBARÃO LTDA
2933,43b42ed814c2,AUTO POSTO ALTAMIRA LTDA
2934,43bf4222cfb5,MC BR COMERCIO DE COMBUSTIVEIS LTDA
2935,43c4e61f617f,POSTO CATARINENSE LTDA
2936,43c5b545f9cd,GARCIA LUCIO & CIA LTDA
2937,43c6517d253e,AUTO POSTO PRAIA DE CAMBURI LTDA
2938,43c7a490b114,POSTO JARDIM BOTANICO LTDA
2939,43cdd9372b54,POSTO ITAIPAVA LTDA
2940,43cf60e194fd,POSTO KATIA LOCATELLI LTDA
2941,43d89a8cf706,AUTO POSTO JOIA DE DIADEMA LTDA
2942,43d9e79d7bcf,AUTO POSTO DISOESTE LTDA
2943,43e8d7851fc9,DISTRIBUIDORA DE COMBUSTIVEIS SAVAR LTDA
2944,43ea21872e52,SANTANA PETROLEO E PECAS LTDA
2945,43ea220fefd4,GASMETANO DO BRASIL LIMITADA
2946,43ef4a422e0c,POSTO ALDO MARINGA LTDA
2947,43ef91eb48a4,REAL TIME COMÉRCIO DE LUBRIFICANTES LTDA
2948,44019f354476,P LIMA COMBUSTIVEIS LTDA
2949,440fad6da8e0,AUTO POSTO NINO LTDA
2950,44337df0f115,ALBUQUERQUE PNEUS LTDA
2951,443387b972f7,PSJ CAFE COMERCIO DE COMBUSTIVEIS LTDA
2952,4435b31910ce,COMERCIAL HUSSEL VALENCA III LTDA
2953,44467093f510,POSTO ILHA BONITA LTDA
2954,444b07d65b31,CONDOR AUTO POSTO CASTRO LTDA
2955,4450a5cfbe7f,AUTO POSTO MENDONCA LTDA
2956,445b75082851,TERRA FIRME SERVICOS AUTOMOTIVOS EIRELI
2957,445dc2910c13,REDE HG COMBUSTIVEIS LTDA.
2958,4464d4b13cc7,M. H. T. MORAIS
2959,44699ae6f647,AUTO POSTO FUNDAÇAO LTDA
2960,4475bf221c80,COMERCIO DE DERIVADO DE PETROLEO LUNARA LTDA
2961,447684dcb8af,AUTO POSTO DO TRABALHO S/A
2962,447e3b51d40e,M P MONTEIRO - ME
2963,4480b572359d,COMERCIO DE COMBUSTIVEIS BURITI LTDA
2964,448332610f2b,MOURA COMERCIO DE COMBUSTIVEIS LTDA
2965,4483d5f3f39a,ARMANDO DE PAULA LOPES NETO
2966,44896ebd279c,POSTO E OFICINA NUNES LTDA
2967,448d812b34fa,AUTO POSTO RIVIERA LTDA
2968,4490906ef619,CENTRO AUTOMOTIVO LYON LTDA
2969,4495387668b4,AUTO POSTO NOVA GERACAO DE OURINHOS LTDA
2970,4497600fb7d3,FRANCISCO BEZERRA DE MELO
2971,449ead3659f7,AUTO POSTO LOGUS I LTDA.
2972,44ad8e379a2a,AUTO POSTO ARENA 2 LTDA
2973,44ba4181c9b2,M & L COMERCIO DE COMBUSTIVEIS LTDA
2974,44bdd423fcf2,POSTO CARRAO LTDA
2975,44c64f07a481,IGUATEMI AUTO SERVICE R2 LTDA
2976,44d359147bf2,COOPERCITRUS COOPERATIVA DE PRODUTORES RURAIS
2977,44ec48786be1,AUTO POSTO DE COMBUSTIVEIS COLIBRIS LTDA - ME
2978,44edd6b15516,POSTO ICCAR LTDA
2979,44ef85063679,A P F DE LIMA SIQUEIRA & CIA LTDA
2980,44f2ee5f1bee,POSTO DE SERVICOS AUTOMOTIVOS SAO RAFAEL LTDA
2981,44f42b5f3eef,POSTO BR 31 AUTO SERVICOS LTDA
2982,44f5f0454e9a,POSTO SANTANA LTDA
2983,44f96b1fbf2f,TOPAZIO COMERCIO DE PETROLEO EIRELI
2984,45059991063f,BERGAMASCO & BERGAMASCO LTDA
2985,4507f10f9076,POSTO DE SERVICO PEIXOTO III LTDA
2986,450a0672c28b,POSTO MARECHAL RONDON LTDA
2987,450ce6ed5450,POSTO JOIA LTDA
2988,450f82e34e02,AUTO POSTO MORITA LTDA
2989,45152ea453d0,POSTO ANDRADAS LTDA
2990,451784250e62,COMERCIO DE COMBUSTIVEIS MAMORE LTDA
2991,451af862ca9a,MEGA FLORA AUTO POSTO LTDA
2992,45232ff36f39,ADECAR COMERCIO E SERVICOS AUTOMOTIVOS LTDA
2993,45283f490c7b,POSTO DE SERVICOS SAO SALVADOR LTDA
2994,452e427f1e6a,AUTO POSTO NOVO MILLENIUM LTDA
2995,453080d7467c,EFE ELE COMERCIO DE COMBUSTIVEIS LTDA
2996,4536b2d1c7a5,AUTO POSTO PRINCIPAL LTDA
2997,453a5cf7f8e4,NICK AUTO POSTO E SERVICOS LTDA.
2998,4540c9ba08d0,JOAFRA - AUTO POSTO LTDA
2999,4543e209b280,SUPER POSTO IRMAOS ZORZETTO LTDA
3000,454e7f95cedc,AUTO POSTO GARIJO LTDA
3001,455c95d7f7f6,AUTO POSTO CARVALHO GOMES LTDA
3002,455f1bfd29c0,CACULINHA COMBUSTIVEIS LTDA
3003,45645dfb30f1,POSTO SAO JOAO DE MACAE LTDA
3004,4569ccad77f1,BC COMERCIO DE COMBUSTIVEIS LTDA
3005,456f17d30dcb,POSTO DE COMBUSTIVEIS AUTO SERTAO LTDA
3006,4571d5590ae3,CARVALHO ENGENHARIA LTDA
3007,457cd4a11cad,POSTO CALED LTDA.
3008,458d3dec9c68,FERNANDO SILVINO DE LIMA COMERCIO VAREJISTA DE COMBUSTIVEIS LTDA
3009,458d7f102c69,AUTO POSTO CARDON LTDA
3010,4593b93ea426,CASCOL COMBUSTIVEIS PARA VEICULOS LTDA
3011,459719f37ef7,J LOPES GONCALVES POSTO LTDA
3012,459a8be1f1f9,CENTRO AUTOMOTIVO E ALIMENTICIO COMPANHEIRO LTDA
3013,45ab35434d70,SUPER COMERCIO DE COMBUSTIVEIS LTDA
3014,45b7735f1e16,AUTO POSTO MATRIZ LTDA
3015,45c10cc4477b,PRATA PURA SERVICOS AUTOMOTIVOS LTDA
3016,45ca3edb49ca,REDE ECONOMIC COMERCIO DE COMBUSTIVEIS LTDA
3017,45da9e68ad1a,AUTO POSTO QUINHONE E YAMAKI LTDA
3018,45e2c15d921f,POSTO DE GASOLINA DR MARCH LTDA
3019,45ea839c440b,PETRO RONDONIA DISTRIBUIDORA DE COM. E TRANSPORTE LTDA
3020,45ec5b416083,MAXDIESEL VEICULOS E PECAS - EIRELI
3021,45f450b4707d,CASCOL COMBUSTIVEIS PARA VEICULOS LTDA
3022,45f51a4f0680,POSTO VARANDA LTDA
3023,45fc9da6676a,AUTO POSTO MAIA EIRELI
3024,45fe46c45f82,AUTO POSTO EXCALIBUR LTDA.
3025,4604c5f87b49,POSTO SETE LORENA LTDA
3026,461cb569a583,AUTO POSTO KAPRI LTDA
3027,4626eb251ab1,PARADAO AUTO POSTO LTDA
3028,4633eb4004d5,AUTOMOTO COMBUSTIVEIS DO AMAPA LTDA
3029,4634449cfcc7,PORTAL DA ALVORADA AUTO POSTO LTDA
3030,463dc6070ade,A. A. VASCONCELOS COMBUSTIVEIS - EIRELI
3031,46410f4a6daf,AVENIDA POSTO DE COMBUSTIVEIS LTDA
3032,464284b72ae1,AUTO POSTO SOBERANO LTDA
3033,46450920fd19,POSTO KM 13 DA DUTRA LTDA
3034,4645db854837,POSTO DE COMBUSTIVEL GASPARI LTDA
3035,4649d07910bb,POSTO J A LTDA
3036,465091a2c120,PIRES COMERCIO DE COMBUSTIVEIS LTDA
3037,465eb56439a5,COMERCIAL DE COMBUSTIVEIS STAEVIE LTDA.
3038,46660fe22a6a,AUTO POSTO CROCETTA LTDA.
3039,46674945e5d5,POSTO AVENIDA ALTA FLORESTA LTDA
3040,466d4ffde99d,POSTO CONTINENTAL DE SERVICOS LTDA
3041,466e0b68c116,AUTO POSTO RAVELLO LTDA
3042,469266cba94b,AUTO POSTO MASTER MARACANA
3043,46943bb67bd7,DMA DISTRIBUIDORA S/A
3044,4696b00cd3db,BABY AUTO POSTO LTDA
3045,469a77764cdf,ESKINAO III AUTO POSTO DE SERVICOS LTDA
3046,469a78df3a8d,POSTO NIKKEY LTDA
3047,469c3b059051,POSTO MINI PRACA LTDA
3048,46a8e699bcfe,PH AUTO POSTO EIRELI - EPP
3049,46ab524aa434,POSTO DE SERVICOS JARDIM DAS ROSAS LTDA
3050,46ae2e2a4c10,AUTO POSTO CERGAL LTDA
3051,46b6d39d9e60,POSTO GUANAMBI LTDA
3052,46bb136753e5,A O LESSA LTDA
3053,46c0f95c8df3,AUTO POSTO SOL DO BOTANICO LTDA
3054,46ca3c5825c2,AUTO POSTO K 62 EIRELI
3055,46d74eb898d5,AUTO POSTO LG LTDA
3056,46d8da0ce62b,POSTO DE SERVICOS NOVA JERUSALEM LTDA.
3057,46daa926478f,POSTO KALILANDIA LTDA
3058,46dfede5e5e2,AUTO POSTO VILA OLIVEIRA LTDA
3059,46e00c4eb385,AUTO POSTO COMBOIO LTDA
3060,46e65dd4d9b6,AUTO POSTO DE SERVIÇO PISSIL LTDA
3061,46e756df9e67,POSTO PORTAL DE MINAS II LTDA
3062,46eeb7dbdd40,C4 COMERCIAL DE DERIVADOS DE PETROLEO LTDA
3063,46eff63a964c,AUTO POSTO CLASSE MAX LTDA.
3064,46fbe494a1e6,POSTO VIP BARRETO LTDA
3065,470639d50447,AUTO POSTO CHAO DOCE LTDA - EPP
3066,47097d192a9d,MAGGIORE COMERCIO A VAREJO DE COMBUSTIVEIS LTDA
3067,471714696c7b,ACUCENA COMERCIO DE COMBUSTIVEIS LTDA
3068,4723333d4372,AUTO POSTO S.F.CENTRO LTDA
3069,47250df09506,AUTO POSTO FUTURO GNV DE BONSUCESSO LTDA
3070,472839d559eb,POSTO ALELUIA LTDA
3071,472d1fac0e05,REDE LK DE POSTOS LTDA
3072,47322b897a31,O. V. J. DERIVADOS DE PETRÓLEO LTDA.
3073,473589a0aa04,AUTO POSTO ALVORADA DE JUNDIAI LTDA
3074,4737199b2364,AUTO POSTO AGUIA SX LTDA
3075,473e625fa6fb,AUTO POSTO AVENIDA LTDA
3076,473f93cfbaa0,AUTO POSTO DISBRAVA LTDA
3077,473fceaa30f4,SB COMBUSTIVEIS AEROPORTO LTDA
3078,4741ca1e02db,AUTO POSTO MONTEMOR LTDA
3079,474b499fb66d,AVALON AUTO POSTO LTDA
3080,47533b4fcb47,DISTRIBUIDORA DE COMBUSTIVEIS SAVAR LTDA
3081,475738b05b79,POSTO DE SERVICOS BETEL LTDA
3082,47577feaf5a5,AUTO POSTO DORADAO RIO PRETO LTDA
3083,47664198a573,POSTO ALDEIAO COMERCIO DE COMBUSTIVEIS LTDA
3084,47674f3338d3,AUTO POSTO BRAZ LTDA
3085,476ca2654790,SAO MIGUEL PETROLEO LTDA.
3086,476ced8a5c7c,POSTO DE GASOLINA SANTA LUZIA LTDA
3087,4770f0393fa4,COMERCIAL RAMOS RANGEL ITABUNA I LTDA
3088,477d17d1a707,CEIÇA AUGUSTO EMPREENDIMENTOS LTDA.
3089,4784748f828b,POSTO ACESSO LIVRE LTDA - ME
3090,4784ecdd3d9f,COMERCIAL MIGUEIS DE DERIVADOS DE PETROLEO LTDA
3091,478d7dcc0777,AUTO POSTO ESTRELA LTDA
3092,47901f45aa76,POSTO PATRICIA - EIRELI - ME
3093,4790b2a58598,AUTO POSTO COMBUSTIVEIS VERAS SANTANA LTDA
3094,4798e609abaf,AUTO POSTO MIX LTDA.
3095,479f2cf356fe,POSTO VALE DO URAIM LTDA
3096,47a2e9c2e577,POSTO SAO JOAO COMERCIO E DERIVADOS DE PETROLEO LTDA
3097,47a468e3cb16,SIM REDE DE POSTOS LTDA
3098,47a84dfa4bef,J.P.X COMBUSTIVEIS E CONVENIENCIAS - BARRA LTDA
3099,47b291cacb52,POSTO POETA LTDA
3100,47c017d01a0e,AUTO POSTO PRIME LTDA
3101,47c5a74462b9,DUNAPETROL COMERCIO DE DERIVADOS DE PETROLEO LTDA
3102,47ce4edb2c17,POSTO NOSSA SENHORA DA PENHA LTDA
3103,47d38f4b234f,AUTO POSTO PAIS GALEGO LTDA
3104,47d8286893a3,CENTRO AUTOMOTIVO TANNAT LTDA
3105,47da4b30844c,AUTO POSTO 3S FLORIDIANA LTDA
3106,47dfb7da55ad,AUTO POSTO BANDEIRA 1 LTDA.
3107,47e24785d9a3,AUTO POSTO CAMINHO DAS ESTANCIAS LTDA
3108,47f038ed5e4f,AUTO POSTO SUL PARANA LTDA
3109,47f543f19257,AMAZON COMBUSTIVEIS PARA VEICULOS E CONSTRUCOES LTDA
3110,47f61686b006,ALTO POSTO PASSA E FICA LTDA
3111,47f675839973,POSTO ARAUJO COMERCIO E DISTRIBUICAO DE COMBUSTIVEIS E LUBRIFICANTES LTDA.
3112,47f9ee63d84c,LIVIA AUTO POSTO LTDA
3113,4800794d3053,AUTO POSTO DE SERVICOS EPEMEK LTDA
3114,48138e7d3c90,AUTO POSTO ESPLANADA LTDA
3115,4818240a28a7,AUTO POSTO TERRA BRASILIS LTDA
3116,4819050b30ea,AUTO POSTO SUPER ANHANGUERA LTDA.
3117,48296f38a117,AUTO POSTO NELINHO LTDA
3118,482b523d61da,LIDER DERIVADOS DE PETROLEO LTDA
3119,48351930ab85,AUTO POSTO CONSTRUMAQ LTDA
3120,4835e4383d0e,F1 COMERCIO DE COMBUSTIVEIS E LUBRIFICANTES LTDA
3121,483e4f06fa37,CASCOL COMBUSTIVEIS PARA VEICULOS LTDA
3122,483e9b50bd59,F C OLIVEIRA COMBUSTIVEIS LTDA
3123,4843d917199c,JUSTINIANO & JUSTINIANO LTDA
3124,484518bf4a3d,AUTO POSTO COMENDADOR - MERCADO LTDA
3125,484620c73d6e,GABIATTI & GABIATTI LTDA
3126,4846eb326766,POSTO OCTANE LTDA
3127,485316f470b0,TAO SET AUTO POSTO LTDA.
3128,485c9d504d6b,RIMABRAX COMERCIO DE COMBUSTIVEIS LTDA
3129,485f33e61708,COMERCIO DE COMBUSTIVEIS ARAUCARIA LTDA
3130,486564364530,GONCALVES TORRES & COSTA LTDA
3131,486745ba1118,SMAFF COMBUSTIVEIS LTDA
3132,486eb6c856f4,AUTO POSTO CASTELINHO LTDA
3133,4873f2cb4dce,POSTO MONTE CARLO PARQUE DA LIBERDADE LTDA
3134,4876787b7b9d,COMERCIO DE COMBUSTIVEIS PORTO SEGURO LTDA
3135,487d16c33da0,PARANA DO MEIO COMERCIO DE COMBUSTIVEIS E LUBRIFICANTES LTDA
3136,4888634ad00a,PEAUT COMERCIO VAREJISTA DE COMBUSTIVEIS LTDA
3137,488fd6cb0bfa,POSTO R&R SANTA RITA COMERCIO DE COMBUSTIVEIS LTDA
3138,48ac6775ec17,AUTO POSTO GIOVANNA LTDA - ME
3139,48add74243ba,VEGAS COMERCIO DE COMBUSTIVEIS LTDA
3140,48b1931d78b2,AUTO CENTER VALE DO PAN 2007 LTDA. - ME
3141,48c1b0f94349,AUTO POSTO BASTOS LTDA
3142,48d062085f1b,POSTO SANTA INES MINAS LTDA
3143,48d59fc6debb,AUTO POSTO AYRTON SENNA LTDA.
3144,48de1ce80464,AUTO POSTO AVENIDA DE AVARE LTDA
3145,48f55874c2ae,POSTO GALO LTDA
3146,490c67892974,POSTO E CONVENIENCIA CAFE DO CERRADO LTDA
3147,490dc10253d8,AUTO POSTO DUQUE CENTRO LTDA
3148,491485918221,NICOLAU DERIVADOS DE PETROLEO LTDA
3149,4916c29a99cd,PORTAL IMPERATRIZ AUTO POSTO LTDA. - EPP
3150,492d70680856,AUTO POSTO AVENIDA ESMERALDA LTDA
3151,493056d4ca44,POSTO PETROSHOP LTDA
3152,4931e8235ecf,IRMAOS TEIXEIRA LTDA
3153,49350c2b24f0,POSTOS MAHLE BRASIL COMERCIO DE COMBUSTIVEIS LTDA
3154,49448c43b367,POSTO UNIAO PADUA LTDA
3155,494672f0ee53,AUTO POSTO IDEAL LTDA
3156,494f1b789b63,ANJOS COMERCIO DE DERIVADOS DE PETROLEO LTDA
3157,495b52aacbe6,GONCALVES & DIAS LTDA
3158,495e504dc54f,AUTO POSTO ENCRUZO DA ENSEADA LTDA
3159,495ef38a1c6a,AUTO POSTO ARTUR DE QUEIROS LTDA
3160,496c38430abe,POSTO CAMINHOS DO PARQUE LTDA.
3161,496ffa3b257a,AUTO POSTO DO LAGO DE PIRASSUNUNGA LTDA
3162,4970446c2e47,AUTO POSTO CAMARADA LTDA
3163,497a02f7a674,MARTINEZ & MOLINA COMERCIO DE COMBUSTIVEIS LTDA
3164,498a0404a971,AUTO POSTO TORTUGAS LTDA
3165,498d6df6de50,ORGANIZACAO HELIO MEIRELES PETROLEO LTDA
3166,499133c0cc39,AUTO POSTO AVAREZINHO LTDA
3167,49997adc85b7,POSTO CASAGRANDE LTDA
3168,499ab9a35286,AUTO POSTO PARANÁ LTDA
3169,499f2c424713,POSTO MOTORHOME LTDA
3170,49a701be6ad9,PETROFLEX COMERCIO E SERVICOS LTDA
3171,49a9a86ceb43,AUTO POSTO BENEDETTI DE MARILIA LTDA
3172,49b67bcfb663,F.J. COMERCIO DE COMBUSTIVEIS LTDA
3173,49ba67dbc215,PORTAL DO CAMPO BELO AUTO POSTO LTDA
3174,49bec474cfb4,POSTO DE COMBUSTIVEL E SERVICOS UNAMAR LTDA
3175,49c02b3ed291,POSTO MIRAMAR LTDA - EPP
3176,49c0e7acd6ac,ABASTECEDORA DE COMBUSTIVEIS T W LTDA
3177,49d1cc71c57f,AUTO POSTO BCA LUIZIANA LTDA
3178,49db9f1c89bc,COMPANHIA BRASILEIRA DE DISTRIBUICAO
3179,49e0d2d4f870,SERV POSTO PLAZA LTDA
3180,49e4f7adeded,AUTO POSTO EMILIO BOSCO LTDA
3181,49e91848f357,POSTO BAHIA COMBUSTIVEIS LTDA
3182,49e9be2ff4af,POSTO NORTAO LTDA
3183,49eb53902179,AUTO POSTO AVANT RODOVIA DO ACUCAR LTDA
3184,49ef79c40376,N.F.A. COMERCIO DE COMBUSTIVEIS LTDA
3185,49f1aab2d5f0,AUTOMOTO COMBUSTIVEIS DO AMAPA LTDA
3186,49f2efd3238b,FLORIDA CONSTRUCOES E EMPREENDIMENTOS IMOBILIARIOS LTDA
3187,49f45e6a0da6,POSTO JOCA LTDA
3188,49fb4a4fcd6b,IRODAMA COMERCIO DE COMBUSTIVEIS LTDA
3189,49fc9f055796,AUTO SHOPPING DERIVADOS DE PETROLEO LTDA
3190,4a0bda5656d8,FECHINE & FECHINE LTDA
3191,4a0ec3f1de45,POSTO INDEPENDENCIA LTDA
3192,4a0fd51339b8,POSTO ESTORIL LTDA
3193,4a116d45619a,G E L PETROLEO LTDA
3194,4a12cc8f06e9,AUTO POSTO TREVAO JUNINHO DE VOTUPORANGA LTDA
3195,4a192042489a,AUTO POSTO JR LTDA
3196,4a24cddcdafb,AUTO POSTO KIKA LTDA
3197,4a32b2eb79dd,REDE MEIRA COMERCIO DE COMBUSTIVEIS LTDA
3198,4a36a5227066,COMERCIAL ALTO SANTO LTDA
3199,4a40f5a4ba91,POSTO DE SERVICOS NOVA CARIOBA LTDA
3200,4a4176491599,AUTO POSTO MARIA ESTELA LTDA
3201,4a4c2d2a47fc,LUCAS ROSSO & CIA LTDA
3202,4a4e12725663,AUTO POSTO BANDEIRA 5 LTDA
3203,4a7529739f81,AUTO POSTO PORTAL DE MINAS LTDA
3204,4a759282a3c9,AUTO POSTO JF COMERCIO DE DERIVADOS DE PETROLEO LTDA
3205,4a7cd57771de,AUTO POSTO NITEROI II LTDA.
3206,4a7f047a65e8,J. R. PINTO DA COSTA
3207,4a82291a66a9,AUTO POSTO PRESIDENTE WILSON  LTDA
3208,4a94c59e3b7e,POSTO DE COMBUSTIVEIS JARDIM SULACAP LTDA
3209,4a98c56c1d64,AUTO POSTO ALTAMIRA LTDA
3210,4ac1801a588c,AUTO POSTO BOA VISTA DE CATANDUVA LTDA
3211,4ac1afca1d5d,CASCOL COMBUSTIVEIS PARA VEICULOS LTDA
3212,4acdbc45f5ad,POSTO DE GASOLINA ANDARAI LTDA
3213,4acf075f37d7,POSTO CUNHA IV COMERCIO DE COMBUSTIVEL E DERIVADOS LTDA
3214,4ad3f973c290,POSTO FLEX EIRELI
3215,4ad70480a8da,POSTO CANCUN LTDA
3216,4ae00a282367,AUTO POSTO MANGUEIRA CAJURU LTDA
3217,4ae43039d127,JVC COMERCIAL LTDA
3218,4ae4728632ad,MARTE PETROLEO LTDA.
3219,4ae4f9db76d3,POSTO ALDO SAO JOSE DOS PINHAIS LTDA
3220,4aeaa8f7c735,DALLAS COMBUSTIVEIS PEDRO DE TOLEDO LTDA
3221,4aee149daee4,POSTO ILHA GRANDE EIRELI
3222,4af0915fa431,B. R. A COMÉRCIO DE COMBUSTÍVEIS LTDA.
3223,4af827563fc1,W DA R CIRQUEIRA LTDA
3224,4af83a0bacbc,COMERCIAL BUFFON COMBUSTIVEIS E TRANSPORTES LIMITADA
3225,4affc50cc6fe,AUTO POSTO ITALIA LTDA
3226,4b045b56dda7,MOTA COMERCIO DE COMBUSTIVEL LTDA
3227,4b06ff0eabe0,TROPICAL COMBUSTIVEIS E LUBRIFICANTES LTDA
3228,4b086fa31844,AUTO POSTO FM LTDA
3229,4b0b5f8547ee,POSTO DE COMBUSTIVEIS AVENIDA IPIRANGA EIRELI
3230,4b0c06b7fc53,AUTO POSTO RODMAIS LTDA
3231,4b10bd0322aa,AUTO POSTO NOSSA SENHORA DE LOURDES LTDA
3232,4b14f70496b2,POSTOS PELANDA COMBUSTIVEIS LTDA
3233,4b1708f27c4b,AUTO POSTO VILA SAO PAULO EIRELI
3234,4b1ab81fcf90,POSTO LDP LTDA
3235,4b1d06f38b85,DAL COL COMERCIO DE COMBUSTIVEIS LTDA
3236,4b1edb9d19b4,AUTO POSTO ARUANA EIRELI
3237,4b23d37e610a,MULTI POSTO CENTRO AUTOMOTIVO LTDA.
3238,4b2850153fac,POSTO MOREIRA FAZENDINHA LTDA
3239,4b2f806a1a3d,RIBEIRO E SOUZA COMÉRCIO DE COMBUSTÍVEIS LTDA.
3240,4b41d5c14783,RODOPOSTO COMERCIO DE COMBUSTIVEIS LTDA
3241,4b452b011844,METRO COMERCIO DE DERIVADOS DE PETROLEO LTDA
3242,4b4b6d719d47,AUTO POSTO BARCELONA LTDA
3243,4b4e028da60d,POSTO MARU S.A.
3244,4b5485eedea6,AUTO POSTO PERFORMANCE LTDA.
3245,4b5639e31f9a,H I COMERCIO DE PETROLEO LTDA
3246,4b5656d38a1c,CENTRO AUTOMOTIVO AGUIA AZUL LTDA
3247,4b590c43efed,AUTO POSTO DONA ISABEL LTDA
3248,4b6bcf64ad25,AUTO POSTO HK LTDA
3249,4b72cd6f0d1e,E & E COMERCIO DE DERIVADOS DE PETROLEO LTDA
3250,4b820631c885,BEIRA RIO PIRACICABA COMBUSTIVEIS E SERVICOS LTDA
3251,4b826d6cc224,YOSHIURA & MEIRA LTDA
3252,4b828fdfa0ff,VERTICE DE SAQUAREMA AUTO POSTO LTDA
3253,4b8adb3bf0ed,AUTO POSTO PARQUE GLORIA LTDA
3254,4b8bf726b9af,CAUIPE REVENDEDORA DE PETROLEO LTDA
3255,4b91a66d174e,AUTO POSTO BOM RODAR LTDA
3256,4ba04a10c493,AUTO POSTO PORTAL DELFIM VERDE LTDA
3257,4ba6fdb5fec6,CACIQUE PETROLEO LTDA
3258,4ba76ca727d4,AUTO POSTO LINCE DO VALE LTDA
3259,4bab889c35fe,POSTO IMPERIAL LTDA
3260,4bb3c1cb75d1,POSTO CARESTIATO DE FRIBURGO LTDA
3261,4bbecb489645,POSTO SBT 7 BARBACENA LTDA
3262,4bc03eaaed55,C. L. DERIVADOS DO PETROLEO COMERCIO LTDA
3263,4bc441d55343,COMERCIAL ARAGUAIA AUTO POSTO LTDA.
3264,4bc61f5c48a5,AUTO POSTO CARAVAN LTDA
3265,4bd47ef0edea,J. FERRO COMBUSTIVEIS E LUBRIFICANTES LTDA
3266,4bde7211ab92,AUTO POSTO NOVA RADIAL LTDA
3267,4bded204ef27,REDE JG JACOBINA COMERCIO DE COMBUSTIVEIS E LUBRIFICANTES LTDA
3268,4be26eff4771,POSTO GIGANTE DA DUTRA LTDA
3269,4be6aabf4bd9,PUPIM COMBUSTIVEIS E LUBRIFICANTES LTDA.
3270,4bea0c21d8c3,AUTO SERVICOS ROCAR LTDA
3271,4c040fcfe79f,S. S. Z. COMERCIO DE COMBUSTIVEIS LTDA
3272,4c10a63ef127,MD COMERCIAL DE COMBUSTIVEIS LTDA
3273,4c10c77c9f03,POSTO DE COMBUSTIVEL TEREZA CRISTINA LTDA
3274,4c21cb1a0940,POSTO BIQUINHA GASOLINA E LUBRIFICANTES LTDA
3275,4c2c7b67dbd7,AUTO POSTO CABORNA LTDA
3276,4c312934a3ab,POSTO AGN LTDA
3277,4c3352e10666,BEZERRA BEZERRA LTDA
3278,4c411e76ab6c,PETROX COMERCIAL LTDA
3279,4c50aef4ae48,AUTO POSTO GIGANTE LTDA
3280,4c52af717305,AUTO POSTO BATISTA E BATISTA LTDA
3281,4c58536882fa,REAL AUTO POSTO LTDA
3282,4c591fea6784,SUPER POSTO ESTRELA LTDA.
3283,4c694fcb2d09,POSTO SAO JOAQUIM EIRELI
3284,4c6c27475f8b,AUTO POSTO PARQUE IRACEMA DE CATANDUVA LTDA
3285,4c709ec57e89,AUTO POSTO VIA VERDE LTDA
3286,4c70f6afad1b,POSTO ITAPOA LTDA
3287,4c7459c9df64,AUTO POSTO SANTORINI LTDA
3288,4c7c2d5412a4,COMÉRCIO RODRIGUES E FARIA LTDA
3289,4c83cb443424,AVENIDA POSTO DE COMBUSTIVEIS LTDA
3290,4c865cb998d7,AUTO POSTO VIA LAGO LTDA.
3291,4c884cb9bb17,POSTO PRUDEN-CENTER LTDA
3292,4c8b6dd0968a,AUTO POSTO OLARIA LTDA
3293,4c91014fe74a,AUTO POSTO NOGUEIRA LTDA
3294,4c921cbf98ea,KONSTRU COMERCIO DE DERIVADOS DE PETROLEO LTDA
3295,4cb3c087bd19,AUTO POSTO SAO PEDRO DE JAU LTDA
3296,4cc6ebf6f8b4,POSTO CENTRO OESTE LTDA
3297,4cc8ad859537,POSTO BARRA MANSA LTDA
3298,4cd5175e5d02,AUTO POSTO SKALLA DERIVADOS DE PETROLEO EIRELI
3299,4cd7ea797532,POSTO DE COMBUSTÍVEIS BERNARDINHO E SILVA LTDA.
3300,4cdaa66ee3bf,A S SALES JUNIOR LTDA
3301,4cdc5b65b3a2,RIZZOTTO & CIA LTDA
3302,4ce74bf087f9,MARTINS & RAGONEZI LTDA
3303,4cefd384fa56,POSTO MONTEIRO LTDA
3304,4cf07caf313c,AUTO POSTO PARQUE ASSUNCAO LTDA .
3305,4cf341930f69,PORTAL DO RIO PEQUENO AUTO POSTO LTDA
3306,4cf7b3b076bd,LG AUTO POSTO LTDA
3307,4cfc735b0b3e,PETROCAL PETROLEO CAVALCANTI LIMITADA
3308,4d011726a4e2,POSTO SAMAMBAIA LTDA
3309,4d0893aa5c1e,AUTO POSTO FIRENZE DE RIBEIRAO PRETO LTDA
3310,4d0a64ddda1a,POSTO DE COMBUSTIVEIS BINE SOARES LTDA
3311,4d0f8c6fe97a,AUTO POSTO AMÉRICA LTDA.
3312,4d21af975e24,AUTO POSTO FLOR DA LUZ LTDA
3313,4d2e29a8eb5b,SIM REDE DE POSTOS LTDA
3314,4d302bda6f63,M5 COMERCIO VAREJISTA DE COMBUSTIVEIS PARA VEICULOS AUTOMOTORES LTDA
3315,4d487f6c8a10,BRAZIL COMBUSTIVEIS LTDA
3316,4d494dd50430,AUTO POSTO C T AMERICANA LTDA.
3317,4d54da72473f,AUTO POSTO EMF LTDA
3318,4d58f1dc3ac8,AUTO POSTO SP 400 LTDA
3319,4d5a63a715ad,AUTO POSTO RUDA LTDA
3320,4d5c2afa2dee,AUTO POSTO PENTA 2002 LTDA
3321,4d5c65b0a7c7,GASTECH - TECNOLOGIA EM GAS NATURAL LTDA
3322,4d60e70904ae,POSTO BURNIER LTDA
3323,4d6261b5d8fa,COMERCIO DE COMBUSTIVEIS E DERIVADOS DO PETROLEO LTDA
3324,4d6f3ccb24e0,POSTO DE PONTA LTDA
3325,4d7e42d457af,COMERCIO DE COMBUSTIVEIS PETROSOJA LTDA
3326,4d7fe9b68692,EDSON ISAAC FERREIRA AUTO POSTO LTDA
3327,4d838c53ffcf,AUTO POSTO POINT LTDA
3328,4d84dff0046d,AUTO POSTO POLO SUL LTDA
3329,4d8991cacc47,COMERCIAL AMAZONIA DE PETROLEO LTDA
3330,4d939c0cb42f,CENTRO AUTOMOTIVO ALPHA ZERO LTDA
3331,4d93c9d4d8a2,AUTO POSTO REDE SOUZA LTDA
3332,4d944a37f92e,APARECIDA POSTOS E SERVICOS LTDA
3333,4d9c5b2797a1,POSTO DE COMBUSTIVEL TORRE LTDA
3334,4d9d4ff2ca81,AUTOPOSTO DE COMBUSTIVEIS MASP CORREA LTDA
3335,4daa38e8bfc3,POSTO ARCENAL LTDA
3336,4db3018eb83d,MATRIX POSTOS DE COMBUSTIVEIS LTDA
3337,4dbbc596fef0,POSTO COELHO LTDA
3338,4dbd85b32618,AUTO POSTO LIDERANCA DE NOVA IGUACU LTDA.
3339,4dc5e5cdf60b,COMERCIAL RECIFE - COMERCIO DE DERIVADOS DE PETROLEO LTDA
3340,4dc6c4ab0826,CACIQUE PETROLEO LTDA
3341,4dd0e87cff42,AUTO POSTO THERMAS LTDA.
3342,4dd37c569ca6,POSTO QUICK LTDA
3343,4ddc9bc2bad3,COMERCIO DE COMBUSTIVEL PERIZZOLO EIRELI
3344,4de6895caea4,BARBARA NUNES BARBOSA SANTOS LTDA
3345,4de69812fa82,POSTO DE COMBUSTIVEIS PLUS LTDA
3346,4de7c623edca,AUTO POSTO ESTRELA LTDA
3347,4dec5af858e6,ESTAÇÃO DE SERVIÇOS BOA VIAGEM LTDA
3348,4df1b879bb31,RIZZOTTO & CIA LTDA
3349,4df506d2e46f,BRAZ PETRO COMBUSTÍVEIS LTDA
3350,4df806320cfe,POSTO SÃO CRISTÓVÃO DE PARANAVAÍ LTDA.
3351,4dfb160cabab,VIP ITAMARAJU COMBUSTIVEIS LTDA
3352,4dfc9447b959,E C DE OLIVEIRA & CIA LTDA
3353,4dfde477fad7,COMERCIAL AMAZONIA DE PETROLEO LTDA
3354,4e02c31ce321,POSTO ALTO SION LTDA
3355,4e0867fae9f5,AUTO POSTO ML SATURNINO DE BRITO LTDA
3356,4e0894e1636d,BERGAO COMERCIO DE COMBUSTIVEIS LTDA
3357,4e0a4e8437a5,F P COMBUSTIVEIS LTDA
3358,4e19f34c4686,IRMÃOS MATURANA LTDA
3359,4e1faca85f72,SERV POSTO VIA NORTE LTDA
3360,4e2e7322f381,AUTO POSTO MIXAM LTDA
3361,4e327a53cd0b,POSTO AVENIDA DE GARCA LTDA
3362,4e337e2f7138,AUTO POSTO JATOBA DE SUMARE LTDA
3363,4e3b30a00930,AUTO POSTO SANTA CATARINA DE OURINHOS - EIRELI
3364,4e3de804b55e,AUTO POSTO NATU LTDA
3365,4e417dabaaec,ON COMERCIO DE COMBUSTIVEIS LTDA
3366,4e45616578cc,GOLDEN GREEN AUTO POSTO LTDA
3367,4e4d31b14ee1,POSTO LUC DE PÁDUA LTDA.
3368,4e541a619dd3,FIGUEIRA DA FOZ AUTO POSTO LTDA
3369,4e5e6973f227,AUTO PECAS TRES CORACOES LTDA
3370,4e632a03f9bc,AUTO POSTO AVENIDA CASTELO LTDA
3371,4e6333aa0645,AUTO POSTO DF 180 LTDA
3372,4e64c62e100f,POSTO ICCAR LTDA
3373,4e65a8152f72,POSTO PUMA EIRELI
3374,4e6d4dcff6cb,NONEMACHER POSTOS DE COMBUSTIVEIS LTDA
3375,4e6d8ad55a67,MOTOGAS INDUSTRIA DE COMPRESSAO E COMERCIO DE GAS NATURAL LTDA
3376,4e6f304b2955,AUTO POSTO PANTANAL LTDA
3377,4e7b51fafb03,POSTO DE SERVICOS SANTA RITA DO MONTE AZUL LTDA
3378,4e7e677c4cf1,POSTO TIROL LTDA
3379,4e806b2bc2d8,POSTO PETROTURBO LTDA
3380,4e80f1c00154,S S COMERCIO DE COMBUSTIVEIS SA
3381,4e8b6a04db47,AUTO POSTO IMPERIO COMBUSTIVEIS LTDA
3382,4e94d5a05fb4,CAPIXABA COMERCIO DE PRODUTOS AUTOMOTIVOS LTDA
3383,4e950f0c1619,POSTO SIGMA LTDA
3384,4e9671aa7004,AUTO POSTO PETRO DEROSSO LTDA
3385,4eaaa812ce88,FORTSUL POSTO DE SERVICOS E CONVENIENCIAS LTDA
3386,4eb0977f22a7,AUTO POSTO MIRANTE DE OURINHOS LTDA
3387,4eb5412e4330,W A BARRETO E CIA LTDA
3388,4eb6aee5f2fb,AUTO POSTO JARDIM DAS FLORES LTDA
3389,4ebe9f84b3db,POSTO SATURNO FRIBURGO LTDA
3390,4ec91c2b474d,AUTO SERVICO FLORESTA LTDA
3391,4ecbd5e47c6c,AUTO POSTO BIGATAO EIRELI
3392,4eccab33bc1a,GAMA TRICHES & CIA. LTDA.
3393,4ed26935161f,POSTO DE SERVICOS NOVA ITAQUERA LTDA
3394,4ed796148a89,GHR COMERCIO DE COMBUSTIVEIS E LUBRIFICANTES LTDA
3395,4ee3799a03df,AUTO POSTO FENNER LTDA
3396,4ee655b5b999,DE SOUZA STAEVIE & CIA. LTDA.
3397,4ee68afef20e,POSSEBON CENTRO AUTOMOTIVO LTDA
3398,4eeb2dceba48,POSTO DO LAGO BEBEDOURO LTDA.
3399,4ef8e3c3e880,REDE LK DE POSTOS LTDA
3400,4efc330c69c1,POSTO DE SERVICOS AUTOMOTIVOS E COMERCIO DE COMBUSTIVEIS CABERNET LTDA.
3401,4f03116a7bba,H. D. PORTELLA & CIA LTDA
3402,4f072b74e6c5,PAPITO AUTO POSTO VARZEA GRANDE LTDA
3403,4f16723992a6,POSTO DE COMBUSTIVEIS SANTANA LTDA
3404,4f194ab70834,VIDA NOVA POSTO DE SERVICOS LTDA
3405,4f206346c67e,COMBUSTIVEIS SCARIOT III LTDA.
3406,4f21dca3547b,POSTO DE COMBUSTIVEIS R B LTDA
3407,4f26c3528fad,SS COMERCIO DERIVADOS DE PETROLEO LTDA
3408,4f3050876dac,DON PEDRO AUTO POSTO LTDA
3409,4f3097acd68e,POSTO PEDRO NECA LTDA
3410,4f32cb707c2d,POSTO ALTERNATIVA DE COMBUSTIVEL E SERVICO LTDA
3411,4f34912d8800,REVEN-DERIVADOS DE PETROLEO LTDA.
3412,4f363a709752,AUTO POSTO CAVALO BRANCO LTDA
3413,4f36e5659da0,SUPER POSTO IMPERADOR LTDA
3414,4f3d777347e0,SANTARE COMERCIO DE COMBUSTIVEIS LTDA
3415,4f556614f3e0,AUTO POSTO JFA CORDEIRO LTDA
3416,4f55bba4623e,POSTO DE SERVICOS PETRO MARTINS LTDA
3417,4f5a2a5ed0a2,POSTO V8 LTDA
3418,4f5b5c1857da,POSTO JABES E FILHO LTDA
3419,4f5ede27b47c,POSTO BRODER LTDA
3420,4f6b1bf4425e,AUTO POSTO DA CUESTA LTDA
3421,4f6bef2b9060,AUTO POSTO CRICIUMA LTDA
3422,4f725a1495b5,AVENIDA SERV CAR DE ITAPEVA LTDA
3423,4f826566c1b2,POSTO SHOPPING VALE JCN LTDA
3424,4f83abf49ee8,PIRAQUARA AUTO POSTO LTDA
3425,4fa57c8dfc6c,POSTO ZHERO GRAU LTDA
3426,4fa908a1c464,HORN COMERCIO DE COMBUSTIVEIS LTDA
3427,4fb37fa46dc2,POSTO DE COMBUSTIVEL VILA CRUZEIRO LIMITADA
3428,4fb7e882bffe,AUTO POSTO HP LTDA
3429,4fcb329cc53e,POSTO DE COMBUSTIVEL CONFORTACO LTDA
3430,4fdad7d5d888,AUTO POSTO CHIMINAZZO LTDA
3431,4fdbee89d509,AUTO POSTO A.F LTDA
3432,4fdecef59b4e,POSTO S.R. LTDA
3433,4fecc49cabb9,BRIXNER & BRIXNER LTDA.
3434,4fed7ce73564,D.E. COMERCIO DE COMBUSTIVEIS LTDA
3435,4ff4ef0ed0b8,MARINHO & CIA LTDA
3436,4ff975ff6255,AUTO POSTO NOVO HORIZONTE JAU LTDA
3437,4ffcfef2e21f,MASTER AUTO POSTO LTDA.
3438,5001032f349e,MACK VII COMERCIO DE DERIVADOS DE PETROLEO LTDA
3439,5005cb29e0b4,V M REVENDEDORA DE PETROLEO LTDA
3440,50083e56d8d1,POSTO AGUIAR LTDA
3441,500c261b40e9,AUTO POSTO SQ CURITIBA LTDA
3442,5015701df82a,REDE PETROCALDAS LTDA
3443,5018a2843ad9,AUTO POSTO BANGKOK LTDA.
3444,501c6f3373b8,L P LOGISTICA DE COMERCIO DE COMBUSTIVEIS - EIRELI
3445,501e6cec5498,COMANDANTE COSTA II STOCK COMBUSTIVEIS LTDA
3446,502450898853,MEDEIROS & VIEIRA LTDA
3447,502f25894ef0,LUBRINESSA XVI COMERCIO DE PETROLEO LTDA
3448,503aad4af2d4,IRCEL IRMAOS CESAR LTDA
3449,503c3151880f,FA COMERCIO DE COMBUSTIVEIS LTDA.
3450,5040ae2e0802,POSTO TUPY LTDA
3451,5041fbbf9994,AUTO POSTO SANTOUR LTDA
3452,50424cd7b4a8,POSTO DE GASOLINA CASTOR LTDA
3453,50456c05a822,POSTO CRISTAL COMERCIO DE COMBUSTIVEIS E LUBRIFICANTES LTDA
3454,504874a4eb66,SLD COMERCIO DE COMBUSTIVEIS LTDA
3455,505409ebbea8,COMERCIAL MIGUEIS DE DERIVADOS DE PETROLEO LTDA
3456,5054a14b354d,POSTO DE COMBUSTIVEIS PARADA DOS AMIGOS 5 LTDA
3457,50550ce04817,FROSINONE POSTO DE GNV LTDA
3458,50560e407219,SANTOS DUMONT - COMERCIO DE DERIVADOS DE PETROLEO LTDA
3459,50587636129b,POSTO DE COMBUSTIVEL DAVI LTDA
3460,505aed1d04c3,AUTO POSTO VIADUTO DO MIRANTE LTDA
3461,505cd253f2da,GUSTAVO CEZAR HENRIQUE DA SILVA & CIA LTDA
3462,5067b5015da9,COMERCIO DE COMBUSTIVEIS FLORESTAL LTDA
3463,5068afb8454d,MAXI POSTO IV LTDA
3464,506ecf43349b,AUTO POSTO BITTENCOURT LTDA
3465,5070442dca1e,TANIOS & IANNI LTDA
3466,50791778d5b8,TIKO & TEKA COMERCIO DE DERIVADOS DO PETROLEO LTDA
3467,508992de4c67,MS COMERCIO DE COMBUSTIVEIS LTDA
3468,5094f6f7c129,DOMINGOS & LIRA COMERCIO DE COMBUSTIVEIS LTDA
3469,509913d77834,POSTO NOVA FREE LTDA
3470,509b44cc2e8c,SIM REDE DE POSTOS LTDA
3471,509e9e13fe02,POSTO PRESIDENTE LTDA
3472,50aac6bb57e4,PEDRAS PRODUTOS DE PETROLEO LTDA
3473,50bbe9abc1ff,AUTO POSTO ALMIRANTE LTDA
3474,50bcaeecfdf5,AUTO POSTO MR LTDA
3475,50c130ab48d6,AUTO POSTO CHAVES LTDA
3476,50c5faa120f4,POSTO CAMILA COMERCIO VAREJISTA DE COMBUSTIVEIS LTDA
3477,50c9ca26c6dd,AUTO POSTO TRAPICHAO LTDA
3478,50cb97a3056f,POSTO DE COMBUSTIVEL AZUL LTDA
3479,50e11e2fb77f,AUTO POSTO REDE SENNA LTDA
3480,50e34f33d01b,CIDADE NOVA COMERCIO DE DERIVADOS DE PETROLEO LTDA
3481,50f335d9e6f5,AUTO POSTO REZENDE E FERREIRA LTDA
3482,50f4ed164309,RODANTE & RODANTE LIMITADA
3483,50fb4a149d7d,BRASAL COMBUSTIVEIS LTDA
3484,50fd83c51d8d,AUTO POSTO RAVENNA LTDA
3485,5102f318afc4,AUTO POSTO VILA RESENDE LTDA
3486,51036656f4f6,AUTO POSTO CRISTAL LEME LTDA
3487,5106f90a37ba,POSTO JARDIM VALINHOS LTDA
3488,5117077215da,J.P. DE SOUSA DERIVADOS DE PETROLEO EIRELI
3489,511921b65861,CENTRO AUTOMOTIVO DEL-REY LTDA
3490,511b9ea38a29,JURITI AUTO POSTO LTDA
3491,51226e1c4688,REIS AUTO CENTER LTDA
3492,512e73eb1ffc,POSTO BENTO VELHO LTDA
3493,513213c74043,AUTO POSTO PLANALTO I LTDA
3494,5137eb5bd498,DEL REY COMBUSTIVEIS LTDA
3495,514019b1de37,AUTO POSTO MARIA VITORIA LIMITADA
3496,514afcf9d237,POSTO NICHELI LTDA
3497,51543bd964f2,COMERCIAL DE COMBUSTIVEIS ANTONIO CARVALHO BR 3 LTDA
3498,516a6ba18b5b,VITTORIO PACCHIAROTTI & CIA LTDA
3499,5172d09ad170,POSTO CONTORNO SUL LTDA
3500,5174b59ad2af,AUTO POSTO RAMALHAO LTDA
3501,5175a04032bc,URSA MAIOR DERIVADOS DE PETROLEO LTDA
3502,517ab905ecce,CASCOL COMBUSTIVEIS PARA VEICULOS LTDA
3503,5184748d49da,SETE ESTRELAS COMERCIO DE DERIVADOS DE PETROLEO LTDA
3504,51865769ddce,D & D COMERCIO DE COMBUSTIVEIS LTDA
3505,51886b9d2c27,AUTO POSTO AVENIDA DE PIRASSUNUNGA LTDA
3506,518e36f1fcd6,AUTO POSTO VERDE COM DE COMBUSTIVEIS E LUBRIF LTDA
3507,519f9ac493eb,ROTA POA COMERCIO DE COMBUSTIVEIS LTDA
3508,51a03b0aa0b0,SANTA FE COMERCIO VAREJISTA DE COMBUSTIVEIS LTDA
3509,51a04eb2edc2,AUTO POSTO PORTAL DE INTERLAGOS LTDA.
3510,51a464fc55e1,AUTO POSTO GUARAPARI LTDA
3511,51a51c528472,R.B. COMBUSTIVEIS LTDA
3512,51a6251e353b,PLANALTO PETROLEO BOLA LTDA
3513,51ba4609fb22,AUTO POSTO SANTA FE LTDA
3514,51bee2fcb923,SCUDERIA V AUTO POSTO LTDA
3515,51c62f9a71f5,R.M. MACEDO PETROLEO LTDA
3516,51ca9d3fcb06,AUTO POSTO PETRODIAS LTDA
3517,51d5e95ffb1d,POSTO L. V. DE MACAE LTDA
3518,51d8360a64e5,CHAPADI - AUTO POSTO LTDA
3519,51efe6982faf,BIG BROTHER AUTO POSTO LTDA
3520,51f5a241fe77,AUTO POSTO ESTÂNCIA HIDROMINERAL DE POÁ LTDA.
3521,51f8cdcc1737,POSTO IPIRANGAO LTDA
3522,51fe59b8e7f4,AUTO CENTER SAO JANUARIO DE UBA LTDA
3523,520930079ee8,POSTO DE COMBUSTIVEIS AGUAS CLARAS LTDA
3524,520d29a97cbc,AUTO POSTO PONCE LTDA.
3525,5217d4234024,MPS COMERCIO DE COMBUSTIVEIS LTDA
3526,521985a81fef,AUTO POSTO TEXAS FUEL LTDA
3527,5223bde792f8,AUTO POSTO BS PREMIUM LTDA
3528,522b12802ac8,BATISTA COMERCIO DE COMBUSTIVEIS E LUBRIFICANTES LTDA
3529,522b7f156ec4,POSTO MERITI LTDA
3530,52304ec7f9cb,PETROLIM LTDA
3531,523fd4a99ad8,POSTO DE GASOLINA CAPINHA DA SERRA LTDA
3532,5242e3840764,AUTO POSTO SANTA CECILIA DE ASSIS LTDA
3533,52480705fc48,POSTO DE COMBUSTIVEIS FAROL DA ILHA LTDA
3534,52530a368e74,REDE HG COMBUSTIVEIS LTDA.
3535,5257ecdcc21b,AUTO POSTO HORAS LTDA. - EPP.
3536,526397a127a2,POSTO MOREIRA CABRAL LTDA
3537,5263e03b4e75,AUTO POSTO MUNDIAL DE SOROCABA LTDA
3538,526b17cd8ea6,AUTO POSTO GALLI LTDA
3539,526cda8bdc9a,AQUILAE DO JARDIM LTDA
3540,5270c0f998d4,VISA COMERCIO DE COMBUSTIVEIS LTDA
3541,52725d9671e9,ALBATROZ COMERCIAL DE PETROLEO LTDA
3542,52784d0db602,POSTO MENDES COMERCIAL DE COMBUSTIVEIS LTDA
3543,52786c86b885,TORQUE COMERCIO VAREJISTA DE COMBUSTIVEIS LTDA
3544,527a05eddfa9,AUTO POSTO PARIGOT LTDA
3545,527b1629a9ed,MIRAGE COMERCIO DE COMBUSTIVEIS LTDA
3546,527dafdb7046,QUARESMA & CIA LTDA
3547,5288976a948a,AUTO POSTO CENTER LTDA
3548,52894e243c42,POSTO 3 AVENIDAS LTDA
3549,5292db861c4d,C N M COMERCIO DE COMBUSTIVEIS LTDA
3550,529b8c6bc498,COMERCIO DE COMBUSTIVEIS NEVOEIRO LTDA
3551,52a39b3e0ede,ALBANO DE AZEVEDO E SOUZA
3552,52a7e59f4fcf,FELIPE BARTZ MACHADO LTDA
3553,52a8208c6de2,MG DERIVADOS DE PETROLEO LTDA
3554,52b40e6c074d,AUTO POSTO JURITY LTDA
3555,52c464aefbb4,CAMPECHE COMERCIO DE COMBUSTIVEIS LTDA
3556,52cb4aec3cc7,NATAL COMERCIO DE COMBUSTIVEIS LTDA
3557,52cc77799080,COMERCIO DE COMBUSTIVEL SCHAEFER LTDA
3558,52d6e04888f8,AUTO POSTO GEPEZEN LTDA
3559,52d9b82a2e72,F. A. FERNANDES POSTO DE GASOLINA E SERVICOS EIRELI
3560,52e398ed3443,POSTO DE SERVICOS SANTA MARIA LTDA
3561,52e49629c45a,AUTO POSTO MASUT XI LTDA
3562,52eb8ba56690,CGT COMERCIO DE COMBUSTIVEIS LTDA
3563,52f0cda31098,PECOBRAL COMÉRCIO DE DERIVADOS DE PETRÓLEO BRASÍLIA LTD
3564,52f1de44a57f,METRO COMERCIAL DE COMBUSTIVEIS LTDA
3565,52f34bf94773,MONTE & FILHOS LTDA
3566,52f673dc3a31,ELEFANTINHO VISTA ALEGRE AUTO POSTO LTDA
3567,530688786594,AUTO POSTO JARDIM IPIRANGA LTDA
3568,5310f75c353f,AUTO POSTO AVENIDA DE LEOPOLDINA LTDA
3569,531d1f0d8058,POSTO AUTO GIRO 3 TIMOTEO LTDA.
3570,531ebbeb6253,POSTO DE COMBUSTIVEL PANORAMA EIRELI
3571,53210802ef96,SIM REDE DE POSTOS LTDA
3572,53214c39c89e,POSTO DE COMBUSTIVEIS BUDA LTDA
3573,5328ee5e9a3f,COMERCIO DE PETROLEO P&F LTDA
3574,5329659426ef,S.E. AUTO POSTO LTDA
3575,533a7dfc8fef,MAXGAS AUTO POSTO LTDA
3576,533bfbaef384,COMERCIAL BUFFON COMBUSTIVEIS E TRANSPORTES LIMITADA
3577,5344ca570aee,AUTO POSTO FLASHPOINT LTDA
3578,534c55338e4d,J. C. BARCELLOS & CIA. LTDA.
3579,534d8d156feb,S S COMERCIO DE COMBUSTIVEIS SA
3580,53510426cfa7,AUTO POSTO BEIRA RIO PAULINIA LTDA
3581,5355d0fb7380,AUTO POSTO FLOREZ LTDA
3582,535eaf5d8c06,AUTO POSTO BOSQUE BRASIL LTDA
3583,5366607cf309,AUTO POSTO PAMPA LTDA.
3584,536aca3568cf,M.C.C.M & PINHO COMERCIO DE DERIVADOS DE PETROLEO LTDA
3585,536cd4d792a2,DIGOS CORCOVADO COMERCIO DE COMBUSTIVEIS LTDA
3586,537236cc3631,AUTO POSTO CENTRAL DE MURIAE LTDA
3587,5380882adde6,RODO CENTER AUTO POSTO LTDA
3588,53842da3161b,ABASTECEDORA DE COMBUSTIVEIS CLARA LTDA
3589,53917cb685a1,POSTO MILLENA LTDA
3590,5393bac4bdb6,AUTO POSTO AZALEIA LTDA
3591,539b33c208ee,SUPER POSTO PORTAL DE PALMAS - EIRELI
3592,53aac6aab49a,AUTO POSTO MARIMPA LTDA
3593,53b4ce5b56a9,AUTO POSTO DANIELA LTDA
3594,53c11fde502b,POSTO ESTRELA GUIA DA TAQUARA LTDA
3595,53c706d7bc27,A C TRANCOZO M B COMBUSTIVEIS LTDA
3596,53ca2373f903,POSTO ANTONIO MARTINEZ LTDA
3597,53cf747bc23c,SJ COMBUSTIVEIS LTDA
3598,53d090f50749,AUTO POSTO 101 LTDA
3599,53d453a0d1ec,ANCELMO & PAULINO LTDA
3600,53d81c635d10,DRUMMER GAS 29 LTDA
3601,53d9bf0eb151,AUTO POSTO VALE DAS VIRTUDES LTDA
3602,53dff8ecdf53,MANTOVANI & MANTOVANI JOAO PINHEIRO 2 LTDA
3603,53e72b56565b,POSTO SHOPPING CAR COMBUSTIVEIS LTDA.
3604,53eba90fd4d1,AUTO POSTO NORMANDIA LTDA
3605,53ec574cc8f4,REDE DE POSTOS 3R LTDA - ME
3606,53f3f9538f51,POSTO URSA MENOR LTDA
3607,53f4c83fadef,PETROCAR LTDA
3608,53f7625fa721,AUTO POSTO SANTA LUZIA ATIBAIA LTDA
3609,53f7edd188f2,CAMPEAO 80 POSTO DE SERVICOS LTDA
3610,53f8d668dfba,AUTO POSTO SAO BENTO DE RIO CLARO LTDA
3611,53faa97171ec,AUTO POSTO NOVA SÃO JOÃO IV LTDA.
3612,5409eb147a3c,AUTO POSTO ALTERNATIVO LTDA
3613,54160fe811ee,LUSAN COMERCIO DE COMBUSTIVEIS LTDA
3614,5416a56270e1,POSTO PONTO NOBRE LTDA
3615,5422a2e2d0e4,POSTO DE COMBUSTIVEIS XIMENES LTDA
3616,5423aca0cbfb,AUTO POSTO BUDIÃO LTDA.
3617,5428a65fb53f,POSTO DE SERVICOS VISTA ALEGRE LTDA
3618,5429ef31fd93,REDE HG COMBUSTIVEIS LTDA.
3619,5433b2722ce5,GONCALVES & DIAS LTDA
3620,54348238bb35,AUTO POSTO LUZ DO SOL LTDA
3621,5437a8bb5e01,NICOLAU DERIVADOS DE PETROLEO LTDA
3622,543f801be1fd,POSTO SIM LTDA
3623,544504da29a7,AUTO POSTO PADUA LTDA
3624,5447caacc94f,AUTO POSTO FAZENDA GRANDE LTDA
3625,54482a0933e9,AUTO POSTO DISTRITO LTDA.
3626,544c6b8b5c5c,POSTO EXPRESSO SAO JOSE LTDA
3627,544cf5bbcf2e,POSTO BATOVI COMERCIAL - RS COMBUSTIVEIS E DERIVADOS LTDA
3628,545589181555,NOVA CAMPINAS COMERCIO DE COMBUSTIVEIS LTDA
3629,54563581e7df,AUTO POSTO ZAMPIROLO LTDA
3630,54566c25116d,BRESCANSIN & BRESCANSIN LTDA
3631,54572ce4daa6,AUTO POSTO ANJO DA FREGUESIA LTDA
3632,5459caa7df63,AUTO POSTO GASOL+ LTDA
3633,545f0fd7ca9a,POSTO SPRESSO COMBUSTIVEIS LTDA
3634,54737bb3d814,AC COMERCIO DE COMBUSTIVEIS LTDA
3635,547c53696368,NONATO & NONATO LTDA
3636,548a721c1865,AUTO POSTO DUZE LTDA
3637,5490903ca5ec,L S DE OLIVEIRA DISTRIBUIDORA DE COMBUSTIVEIS E DERIVADOS
3638,549a62c7b7eb,CENCOSUD BRASIL COMERCIAL S.A.
3639,549ab8ea265a,POSTO DE SERVIÇOS DAMO LTDA
3640,549abc83a6cd,PETROBRASIL LTDA
3641,54a3456da3fc,BRF TOLEDO COMERCIO DE COMBUSTIVEIS LTDA
3642,54a34956159f,AUTO POSTO NIVEA LTDA
3643,54b0ef024de8,PORTOS EMPREENDIMENTOS LTDA
3644,54c9716fb0b2,ALECRIM COMERCIO LTDA
3645,54cc72c4ad7d,AUTO POSTO DUQUE BARUERI LTDA.
3646,54cdd66f0e06,POSTO SAO PAULO ATLANTIDA LTDA
3647,54d3c8a3e291,HOLANDA COMERCIO COMBUSTIVEIS LTDA
3648,54d7df89bd48,COMERCIO VAREJISTA DE PETROLEO II PVEX LTDA
3649,54e0ddae034e,AUTO POSTO ITAOCA LTDA - ME
3650,54e2e3dc8bbd,AUTO POSTO PARQUE DA UVA DE JUNDIAI LTDA
3651,54ec977d662f,POSTO ICCAR LTDA
3652,54ef4848751f,AUTO POSTO MONTE ALEGRE LTDA
3653,54f053368994,SIM REDE DE POSTOS LTDA
3654,54f82b42f293,POSTO JARDIM VENEZA LTDA
3655,54f9129cbe46,"AUTO POSTO SANTOS DUMONT KM 48,5 LTDA"
3656,550004de9666,AUTO POSTO MARAGOGI LTDA
3657,55050846df20,POSTO UNIVERSAL COMÉRCIO DE COMBUSTÍVEIS LTDA
3658,5509f741249e,CENTRO AUTOMOTIVO GUARUJA 3 LTDA
3659,550fc63bfd05,POSTO AÇORES LTDA
3660,55103caac889,ORGANIZACAO DE PETROLEO SHOPPING LTDA
3661,551a2a327b24,AUTO POSTO DE SERVICOS ESKINAO LIMITADA
3662,552bbe6f9866,ROSENDO COMERCIO DE COMBUSTIVEIS LTDA
3663,553ffc1de60e,AUTO POSTO REDE PARCEIRO NILOPOLIS LTDA
3664,55407d8df9d9,AUTO POSTO PORTAL TUDE BASTOS LTDA
3665,55450c74698b,AUTO POSTO DAMA LTDA
3666,5545f7a9a43b,AUTO POSTO IRMÃOS LIMA LTDA
3667,554dd6cc49ba,PREMIUM PETROLEO LTDA - EPP
3668,554f3344cafe,AUTO POSTO MASTER LTDA
3669,55500133b6aa,POSTO PINHEIRO BORGES LTDA
3670,5550ca67f942,ST COMERCIO DE COMBUSTIVEIS E LUBRIFICANTES LTDA
3671,555a18ab8360,POSTO QUITANDINHA LTDA
3672,5567b4772526,AUTO POSTO VITORIA LTDA
3673,5569bd802aaf,AEROPOSTO COM. E TRANSP. DE COMBUSTIVEIS LTDA
3674,5573bfa16647,E D M - COMERCIO DE COMBUSTIVEIS E TRANSPORTES LTDA EM RECUPERACAO JUDICIAL
3675,5579aa242346,POSTO SALSEIROS LTDA
3676,557ee1e9461c,AUTO POSTO LIBORIO LTDA
3677,558934f6372b,AUTO POSTO MAX COMBUSTIVEIS E DERIVADOS LTDA
3678,558bce77bafa,RPA COMERCIO DE COMBUSTIVEIS ITU I LTDA
3679,558d3c4f0be6,POSTO DAVI LTDA - EPP
3680,558e85badcf2,POSTO MAIS PARNAIBA AEROPORTO LTDA
3681,55911c47ebbe,AUTO POSTO PRA FRENTE BRASIL LTDA
3682,55a0ebe52948,POSTO JARDIM AMERICA DO GAS LTDA
3683,55a16032f3df,POSTO GERAES LTDA
3684,55a1c4a4e240,GAS POSITIVO - AUTO POSTO DE GAS NATURAL LTDA
3685,55a70b5e8802,AUTO POSTO IBIRAPUERA ARACATUBA LTDA
3686,55a960864bb6,AUTO POSTO BURIOL LTDA
3687,55af174c9325,AUTO POSTO JULJOR LTDA
3688,55b3548f5197,AUTO POSTO AGUIA DE OURO LTDA
3689,55bdc536d119,POSTO AEROPORTO LTDA
3690,55c462e59847,POSTO JATOBA COMERCIO DE DERIVADOS DE PETROLEO LTDA
3691,55c7ec2623e2,VALENTIN & CIA COMERCIO DE COMBUSTIVEIS LTDA
3692,55cae4b58243,AUTO POSTO IRMÃOS PORTILHO LTDA.
3693,55cbc32b9395,SRW COMBUSTIVEIS LTDA
3694,55cc716f68e7,FISCHER COMBUSTIVEL LTDA
3695,55cc7446ba06,STECCA AUTO POSTO LTDA
3696,55db7428c5a0,POSTO PARAIBUNA LTDA
3697,55e0c1df93c9,POSTO DE COMBUSTIVEL RETIRO EIRELI
3698,55e79b7fabed,COMERCIO DE DERIVADOS DE PETROLEO MRA LTDA
3699,55ea87a14bdb,POSTO DE SERVICOS BR BLU LTDA
3700,5604f7bd35ec,POSTO DE SERVICOS ALTO CAFEZAL LTDA
3701,5608fccb3a7b,AUTO POSTO GONCALVES ARARAS - EIRELI
3702,5611a473b7ff,M. N. DA SILVA TAVARES
3703,561726ab9f9c,AUTO POSTO BR 64 LTDA
3704,561822bf2699,B. B. PETROLEO EIRELI
3705,5619a1f8c7e8,GUARAVE GUARAPARI VEICULOS LTDA
3706,561a91aa0829,H. D. PORTELLA & CIA LTDA
3707,561cf9ef8463,AUTO POSTO CASTELO BRANCO LTDA
3708,561fd2f9904d,POSTO AVENIDA LTDA
3709,56254988507c,AUTO POSTO GONCALVES LTDA
3710,562c398e956d,LIRIOS SERVICOS AUTOMOTIVOS LTDA
3711,563212ee06da,J A COMERCIO COMBUSTIVEIS LTDA
3712,5632e1011228,PETROCAL PETROLEO CAVALCANTI LIMITADA
3713,5634cd691a5d,POSTO RAJA F R LTDA
3714,563e87cd671a,POSTO DE SERVICOS DOS ROMEIROS LTDA.
3715,563f7a667fa7,AUTO POSTO ITICAR LTDA
3716,564175a21291,AUTO POSTO MARRECO LTDA
3717,5641d319c701,JUNQUEIRA & SAMIA POSTO DE COMBUSTIVEIS LTDA
3718,5649147aa6a4,J.D.COMERCIO DE COMBUSTIVEIS LTDA
3719,56571a460a46,M. DA C. LIMA SOARES
3720,565fa3eedae3,AUTO POSTO BRISAS DE BIRIGUI LTDA
3721,5663aae0c84e,AUTO POSTO VITORELLI LTDA
3722,566f1df77d2d,SCHALCH COMERCIO E DERIVADOS DE PETROLEO EIRELI
3723,566fdc5fa48c,POSTO LUAR DO SERTAO VIII LTDA
3724,5670aa3acd42,AUTO POSTO ASA DELTA LTDA
3725,568636174e9f,JH COMBUSTIVEIS LTDA
3726,5686e5455e16,POSTO SUPER TIGRE LTDA
3727,5689e4aeebbf,AUTO POSTO DE SERVICOS RECAR LTDA
3728,568b7c797f27,AUTO POSTO CARVALHO LTDA
3729,568fd18011ce,JP SANTA LUCIA COMERCIO DE COMBUSTIVEIS LTDA
3730,5699f16aab94,SUPREMA COMBUSTIVEIS LTDA
3731,569ce2c6b8e5,AUTO POSTO ALAMEDA TRES LTDA
3732,56a7ef356ebe,POSTO DOS TROPEIROS SOROCABA LTDA
3733,56aaa884deee,CEZAR COMERCIO DE COMBUSTIVEIS LTDA
3734,56af3ed47004,VITORIA COMERCIO DE DERIVADOS DE PETROLEO LTDA.
3735,56af9810f8d6,M.L.L. COMERCIO DE COMBUSTIVEIS LTDA
3736,56cbb749c091,M W COMERCIO DE COMBUSTIVEIS SERVICOS E ALIMENTOS LTDA
3737,56ce1a85fe7a,POSTO DE COMBUSTIVEIS PODIUM LTDA
3738,56cf63bc94a4,RODOPOSTO OLIVEIRA LTDA
3739,56d0a163fd26,AUTO POSTO VIEIRA E MARTINS LTDA
3740,56d6ada1ca67,AUTO POSTO RODO SHOPPING EIRELI
3741,56d6c8940554,AUTO POSTO BIG SMALL LTDA
3742,56d72dd1e1b3,COMERCIAL DE COMBUSTIVEIS RAMADA LTDA
3743,56dce830bea0,MARQUINHO COMBUSTIVEIS E SERVICOS LTDA
3744,56e5840804c7,SIM REDE DE POSTOS LTDA
3745,56e8d1d8bbe0,POSTO AMANDA COMERCIO DE COMBUSTIVEIS LTDA
3746,56f860adfc5f,AUTO POSTO NOVO FX 35 LTDA
3747,56fd04467ca2,AUTO POSTO FERNAO KM 88 LTDA
3748,57003b8a34d8,AUTO POSTO PALADINO LTDA
3749,570e048e0c12,POSTO DE SERVICOS SAO JORGE SALVADOR LTDA.
3750,5715d0744b76,IRMAOS CESCHIN LTDA
3751,571fcfd4930d,POSTO DE COMBUSTIVEIS ACUCAREIRA LTDA
3752,5723fa8b5d3e,AUTO POSTO POLO PETROQUIMICO LTDA.
3753,572db93d40a1,LEBLON - COMERCIO E TRANSPORTE DE COMBUSTIVEIS LTDA
3754,572f7527452c,POSTO DA PEDRA LTDA
3755,572f7c7d0e52,POSTO MOSCOSO LTDA
3756,573d1f721afe,AUTO POSTO OLIVEIRA LTDA
3757,573ecfad30d6,AUTO POSTO RIVERSIDE LTDA
3758,57406f0b6859,COMERCIO DE COMBUSTIVEIS AVENIDA LTDA
3759,5741b0216560,AUTO POSTO KALEBE EQUITATIVA LTDA
3760,5743ecf493f9,AUTO POSTO SOLEMAR LTDA
3761,5747cbc5c518,COMERCIO DE COMBUSTIVEIS RUY RODRIGUES LTDA
3762,5749eac99d5d,FBBS PRODUTOS E DERIVADOS DE PETROLEO LTDA
3763,575d9350fc9d,POSTO CONFIANCA - EIRELI
3764,57749b773d73,POSTO DE COMBUSTIVEIS HOSHINA LTDA
3765,5776a69520c2,AUTO POSTO BLU LIMITADA
3766,577b847b2dda,CATEQUESE AUTO POSTO LTDA
3767,57851b85f67a,AUTO POSTO CEDRO LTDA
3768,578f40fba6a4,ABASTECEDORA DE COMBUSTÍVEIS D & S LTDA.
3769,5795f8394be7,COMERCIO DE COMBUSTIVEIS PRIMAVERA LTDA
3770,579774f3f80c,MINEIRO DE CABO FRIO COMERCIO DE COMBUSTIVEIS LTDA
3771,579881031c6c,DAGNONI & CIA. LTDA.
3772,579e979db259,POSTO CAMPOS SALLES DE VALINHOS LTDA
3773,57a174b49888,POSTO AMERICANO LTDA
3774,57acd05abb38,AUTO POSTO NGF LTDA
3775,57b2af5c2d74,AUTO POSTO ARINELLA BELEM LTDA
3776,57b2fa28a97d,AUTO POSTO JOAQUIN'S LTDA
3777,57b85ed0826b,AUTO POSTO NOVA PRINCESA LTDA
3778,57c095a0b1d7,AUTO POSTO LIDER SANTOS DUMONT LTDA
3779,57cb2ceef3c8,JM COMERCIO DE COMBUSTIVEIS LTDA
3780,57de27040dcf,PETROENGE COMERCIO DE COMBUSTIVEIS  E SERVICOS - EIRELI
3781,57e04d502edd,POSTO MUSTANG LTDA
3782,57e27146e664,ALBANO DE AZEVEDO E SOUZA & CIA LTDA
3783,57e3db73f03b,POSTO BONANZA LTDA
3784,57e5220000cf,POSTO JOTAKA COMERCIO DE COMBUSTIVEIS LTDA
3785,57e7a9545fde,CDA EMPREENDIMENTOS LTDA
3786,57f529739399,IGUATEMI DISTRIBUIDORA LTDA
3787,57f6f0b931fb,SIM REDE DE POSTOS LTDA
3788,580002d47b80,POSTO VILA BELA LTDA
3789,58002737f113,POSTO LIBANO DERIVADOS DE PETROLEO LTDA
3790,5802cdf692ba,BOMBA CAMPO GRANDE LTDA
3791,58037e673150,ARAUJO & BORGES LTDA
3792,5811c9fa17a2,REDE TIRADENTES POSTOS DE COMBUSTIVEIS LTDA
3793,5818d3b762a3,DRIVE CAR TRANSPORTES E COMBUSTIVEIS LTDA
3794,581c0c4e6f4c,APT COMERCIO DE COMBUSTIVEL LTDA
3795,5824ccde3388,AUTO POSTO IRMAOS RIBEIRO DE LIVRAMENTO LTDA.
3796,58280328315b,PETROVERA - POSTO DE PRODUTOS DE PETROLEO E TRANSPORTES LTDA - ME
3797,582a2d563385,COMERCIO DE COMBUSTIVEIS PETROAL LTDA
3798,582adea8ad84,POSTO GABI LTDA
3799,5834a6711a91,PEGASUS AUTO POSTO LTDA.
3800,5835294eb60f,BELA TERRA COMERCIO DE COMBUSTIVEIS ALENQUER LTDA
3801,583b41883992,VIA OESTE PRIME COMERCIO DE COMBUSTIVEIS E LUBRIFICANTES LTDA
3802,5840d76027b8,COMERCIAL DE PETROLEO NOVO HORIZONTE LTDA
3803,584a06c95023,AUTO POSTO POSITANO LTDA
3804,584a79adb01d,AUTO POSTO ZONA LESTE DE ARARAS LTDA
3805,586119bd2c38,AUTO POSTO HM 2 LTDA
3806,5863c93a9442,CPC SERVICOS AUTOMOTIVOS LTDA
3807,586ca61674ce,ZANIN & VIEIRA LTDA
3808,587a1bf5ff88,POSTO SAUASSU LTDA
3809,587edb351b71,M F B NOGUEIRA POSTO DE COMBUSTIVEL LTDA
3810,587eec7aa795,POSTO GRANDE OESTE LTDA
3811,58880e239a71,POSTO LIBERDADE LOCATELLI LTDA
3812,588b53444671,POSTO UNI BRASILIA LTDA
3813,588de020c2c8,VALLE PETRO COMERCIO DE PETROLEO LTDA.
3814,58931d3d6559,STANG & STANG LTDA
3815,589a99a8cd29,AUTO POSTO FRIOL LTDA
3816,58a99efbc0e7,O TORRES
3817,58aa919f4cbf,POSTO RIO CLARO CENTER SHOPPING LTDA
3818,58ad3cf37058,SOBRAL & FILHOS COMERCIO DE COMBUSTIVEIS LTDA
3819,58b39e6a127b,AUTO POSTO VALENCIA LTDA
3820,58c41bb17a27,AUTO POSTO COMENDADOR LTDA
3821,58c59c3931f2,POSTO 5.5. LIMITADA
3822,58c5bd71c33b,REDE LK DE POSTOS LTDA
3823,58c68b845b1b,AUTO POSTO TREVO RIO BRANCO LTDA
3824,58d21c47d1cb,AUTO POSTO MORADA LTDA
3825,58d4cfeebc28,REDE TIRADENTES POSTOS DE COMBUSTIVEIS LTDA
3826,58df1ce104b0,ABS COMERCIO E SERVICOS LTDA
3827,58f92b880d69,SANTA LUZIA COMBUSTIVEIS LTDA EM RECUPERACAO JUDICIAL
3828,58f9305b83a2,AUTO POSTO RIO BRANCO DERIVADOS DE PETROLEO LTDA
3829,59044afdc73f,POSTO VICOM LTDA.
3830,59186ce660ff,POSTO DE SERVICOS LOGAN BONS FLUIDOS LTDA
3831,5919309d3bef,COMERCIO VAREJISTA DE COMBUSTIVEIS VIA SUL LTDA
3832,5919361e47ef,POSTO AUTOMOTIVO VIA BR 116 LTDA
3833,591d98ac2227,AUTO POSTO BABADINCA LTDA
3834,59249027a2c9,BIG ONE ATIBAIA COMERCIO DE COMBUSTIVEIS LTDA
3835,59258fffcc11,POSTO AVENIDA PRESIDENTE PRUDENTE LTDA
3836,59263a22ea41,AUTO POSTO CHAPADAO BAURU LTDA
3837,59266efde52d,AUTO POSTO TATUIMAR LTDA
3838,592e18902744,AUTO POSTO MARANHENSE DERIVADOS DE PETROLEO LTDA.
3839,593c0d1aa277,MP POSTOS E LOGISTICA LTDA
3840,593c393fe016,AUTO POSTO MATRIZ LTDA
3841,594490e00347,AUTO POSTO TAKATA LTDA
3842,594506afa347,AUTO POSTO TIO ZICO 6 LTDA
3843,594566a8a942,POSTO GALO LTDA
3844,59456f62bf76,AUTO POSTO BOA VIAGEM LTDA
3845,594a84c202e8,ARCO VERDE COM. E SERV. DE COMB. E LUBRIFICANTES LTDA.
3846,594c1d758c8e,AUTO POSTO GRAN JK LTDA
3847,594df8474271,POSTO CAXUXA MGM LTDA
3848,595926f7fabc,AUTO POSTO RODABRASIL LTDA
3849,595a7c8b03b6,AUTO POSTO PESSEGO LTDA
3850,595f3c6648fa,FAN POSTO IGUANA LTDA
3851,596d57890c83,POSTO JARDIM AMERICA DE BAURU LTDA
3852,596eb998657d,POSTO PIO XII COM DE COMBUSTIVEIS LTDA
3853,59763f062889,JULIO LUIZ LONGHI LTDA
3854,59792fe7e829,AUTO POSTO SANTA MARTA LTDA
3855,59805a3025e5,TREVO POSTO DE SERVICOS LTDA.
3856,59858f6e0ab6,ACELERA AUTO POSTO LTDA
3857,598a62abc086,AUTO POSTO PELOTAS DO JARDIM GRAMACHO LTDA
3858,5993478b38b8,AUTO POSTO BARREIRO LTDA
3859,5998b630ad06,AUTO POSTO DA VOVO LTDA.
3860,599bbeec2f96,JARDIM DO SOL COMERCIO DE COMBUSTIVEIS EIRELI
3861,59a147f7f2d0,ITAIM FUEL AUTO POSTO LTDA
3862,59b0942e4a7d,POSTO SANTA MONICA LTDA
3863,59b96c75517f,POSTO CANA VERDE DE SERTAOZINHO LTDA
3864,59c2faf0ed53,AIRTON PALACIO DE SOUZA JUNIOR
3865,59c688274389,MD2 COMERCIO DE COMBUSTIVEIS E DERIVADOS DE PETROLEO LTDA
3866,59cbbca53729,POSTO JOIA DE MURIAE LTDA
3867,59d1959d1456,AUTO POSTO PROGRESSO LTDA
3868,59d4198a0807,D.R AUTO POSTO LTDA
3869,59d4d5f9560c,AUTO POSTO ILHA DE CUMBICA LTDA
3870,59d9de48f0f7,AUTO POSTO TIO ZICO VIII LTDA
3871,59dc073f1582,COMVEL COMBUSTIVEIS LTDA
3872,59dc106a088f,POSTO MARQUES LTDA
3873,59ddab1ad978,J&J COMERCIO DE PETROLEO LTDA - ME.
3874,59ea414a0d08,GENESIS COMERCIO DE COMBUSTIVEIS LTDA
3875,59eb820adf8c,YUDI PETROLEO LTDA
3876,59ec77f92ba0,AUTO POSTO C & J DE ITAJUBA LTDA
3877,59fec1295cfb,VELOSO COMERCIO DE COMBUSTIVEIS LTDA
3878,5a0025d0b325,ATALAIA COMBUSTIVEIS E LUBRIFICANTES LTDA
3879,5a014a2175b3,AUTO POSTO PILOTO MARCELLE LOCATELLI LTDA
3880,5a0f9360cf05,POSTO AMAZONAS LTDA
3881,5a17750ee787,POSTO SAO MATHEUS COMERCIO DE COMBUSTIVEIS LTDA
3882,5a189cd1f5ba,N C F FERREIRA CASTRO
3883,5a218d30ff3b,AUTO POSTO FORQUILHA LTDA
3884,5a3c70a956c3,ABASTECE POSTO DE COMBUSTIVEIS EIRELI
3885,5a3f8590dab2,DEXON AUTO POSTO LTDA
3886,5a4323cddddc,EXPRESSA COMERCIO DE DERIVADOS DE PETROLEO LTDA
3887,5a47a154079e,AUTO POSTO GUSMAO LTDA.
3888,5a4b9dcf9951,AUTO POSTO PONTEIO LTDA
3889,5a4f778104f1,FARO COMERCIO DE COMBUSTIVEIS LTDA
3890,5a50ab2fbc9e,AUTO POSTO GASPARZINHO DE MERITI LTDA
3891,5a5775dba20e,POSTO AUTOBLU LTDA
3892,5a57f73034fe,AUTO POSTO AVENIDA CENTRAL DE IRAJA LTDA
3893,5a5d29a5674c,MAVESA MATUOKA VEICULOS LTDA
3894,5a68b04cbd2f,CENTRO AUTOMOTIVO AKIRIKO LTDA
3895,5a71bfe4475d,CIRNE PNEUS COMERCIO E SERVICOS LTDA
3896,5a75bb4b45f5,POSTO LESTE LTDA
3897,5a7b04ad923f,AUTO POSTO CACHOEIRO LTDA
3898,5a93dd0a02c0,AUTO POSTO AMERICA DE HORTOLANDIA LTDA
3899,5a94a33bcbd2,HAVAN AUTO CENTER LTDA
3900,5a9a23f3572c,ESTACAO AUTO POSTO EIRELI
3901,5aa1985127fe,BOQUEIRAO COMERCIO DE DERIVADOS DE PETROLEO LTDA
3902,5aa7b91c9d61,AROEIRA COMERCIO DE COMBUSTIVEIS LTDA
3903,5aa92f217944,AUTO POSTO GRAN SANTANA LTDA
3904,5aab71b0bf83,AUTO POSTO N J BARRETO LTDA
3905,5ab5a0128385,P H COMERCIO DE DERIVADOS DE PETROLEO LTDA
3906,5ac1090b92ee,AUTO POSTO APT LTDA
3907,5ac4803a4806,POSTO DE SERVICOS KIM LTDA
3908,5ac8eb4fc0d2,PETROCAR COMERCIO DE PETROLEO LTDA
3909,5aceb36c164d,SAN REMO POSTO SERVICOS LTDA
3910,5ad05f262f21,L S COMERCIO E SERVICOS LTDA
3911,5adf85828367,POSTO MAIS TOTA LTDA
3912,5aef96e18199,AUTO POSTO SHOPPING ARICANDUVA LTDA
3913,5b01c347af9f,MAX BARREIRAS POSTO DE COMBUSTIVEIS LTDA
3914,5b03aa644e9b,POSTO BOA VIAGEM COMERCIO DE COMBUSTIVEIS E LUBRIFICANTES LTDA
3915,5b07ea7be7a0,COMERCIAL BUFFON COMBUSTIVEIS E TRANSPORTES LIMITADA
3916,5b090a9d9822,POSTO GP-GNV LTDA.
3917,5b16d51e1f10,POSTO DA REPUBLICA DISTRIB. DERIVADOS DE PETROLEO LTDA
3918,5b19c0cb45e3,AUTO POSTO IVI LTDA
3919,5b1a275bbcc1,POSTO ALDO MARINGA LTDA
3920,5b1dcd2ff030,AUTO POSTO TEXAS LTDA.
3921,5b1fa2051d14,COMERCIAL F. SANTOS DERIVADOS DE PETROLEO LTDA
3922,5b23cd656eea,POSTO NOSSA SENHORA DO PERPETUO SOCORRO LTDA
3923,5b2441cf66f9,L S COMERCIO E SERVICOS LTDA
3924,5b2eeef68bea,METROPOLITANO COMERCIO DE COMBUSTIVEIS LTDA
3925,5b30049faa6c,TREVAO LAFAIETE COMBUSTIVEIS LTDA
3926,5b33285f835f,POSTO DE GASOLINA PORTAL DO ITANHANGA LTDA
3927,5b3465f6775c,MM - COMERCIO DE DERIVADOS DE PETROLEO LTDA
3928,5b34eb2a7ed1,AUTO POSTO TREVINHO LTDA
3929,5b3ef3016a79,AUTO POSTO SURUBIM COMERCIO DE COMBUSTIVEIS LTDA
3930,5b42b31faf0e,POSTO CALED LTDA.
3931,5b5646a42247,POSTO AVENIDA 2000 LTDA
3932,5b5943fa08f8,AUTO POSTO 9 COMBUSTIVEIS E LUBRIFICANTES LTDA
3933,5b6936bb096a,AUTO POSTO GUAPEVA LTDA
3934,5b6f18618a9e,POSTO KALILANDIA LTDA
3935,5b782fd7ac0d,AUTO POSTO SAO MATHEUS BAURU LTDA
3936,5b7fce281c68,POSTO TREVO DE OGIVA LTDA.
3937,5b81a5a160e5,AUTO POSTO CINTA LARGA LTDA
3938,5b836fda23e3,AUTO POSTO BRUMAR LTDA
3939,5b8857aab38a,POSTO CENTRAL PARK DERIVADOS DE PETROLEO LTDA
3940,5b9f9dc1870a,AUTO POSTO PRIMAVERA DE VINHEDO LTDA
3941,5ba42308f810,AUTO POSTO BRASIL GRILL LTDA
3942,5bca85e7065e,ITA LUCAS LTDA
3943,5bd32169a342,AUTO POSTO BY BRASIL LTDA.
3944,5bd5dd1f7ae0,CHARBEL COMBUSTIVEIS E SERVICOS LTDA
3945,5be09edb98d6,POSTO DE COMBUSTIVEIS MLN LEME LTDA
3946,5be171a65ba4,POSTO ALMEIDA MELO LTDA
3947,5bec19a01af6,AUTO POSTO CAVALHEIRO LTDA
3948,5bec6531251c,POSTO DE COMBUSTIVEIS GOMES FIGUEIREDO LTDA
3949,5bed716adbcb,POSTO DOIS IRMAOS DERIVADOS DE PETROLEO LTDA
3950,5bf579249d4a,COMERCIAL DE COMBUSTIVEIS APOLLO RIO CLARO LTDA
3951,5bf63eefa183,POSTO JARDIM ALVORADA DE SUMARE LTDA
3952,5c02ea5b15bd,AUTO POSTO SUPER MOBIL II LTDA
3953,5c15741f38a7,COMBUSTIVEIS E LUBRIFICANTES MAGNATA V LTDA
3954,5c17b3a34eb5,AUTO POSTO NOVO TOCANTINS LTDA
3955,5c1e843df5e7,POSTO ABRIL DAS AMERICAS LTDA
3956,5c21f44acbe1,JP SANTA LUCIA COMERCIO DE COMBUSTIVEIS LTDA
3957,5c277bd1d78e,R & LEAL COMBUSTIVEIS LTDA
3958,5c2af99e00d2,AUTO POSTO SIRIUS LTDA
3959,5c36377c4635,POSTO MONACO DE RIBEIRAO PRETO LTDA
3960,5c3d6269a7af,PETRO POSTO LTDA
3961,5c4776a51878,POSTO ABOBRAO DOM MIGUEL LTDA
3962,5c48b6175a5a,AUTO POSTO CHACARAS DO COELHO LTDA
3963,5c49d66ee7dd,AUTO POSTO RIO PIEDADE LTDA
3964,5c4a52966745,MSKT COMERCIO DE COMBUSTIVEIS LTDA
3965,5c507a402765,AUTO POSTO 500 TINGUI LTDA
3966,5c54c068927a,J R EQUIPAMENTOS PARA COMUNICACAO EIRELI
3967,5c5f07118f1e,W C PINTO COMBUSTIVEIS E TRANSPORTES
3968,5c5f4bd9e4f8,CACIQUE PETROLEO LTDA
3969,5c5fcf8d5be8,PRIMEIRO SANTA ROSA COMERCIO DE COMBUSTIVEIS LTDA
3970,5c66720fe5ef,AUTO POSTO FALPEL CRATEUS LTDA
3971,5c753d3981d9,MP POSTOS E LOGISTICA LTDA
3972,5c819488358c,AUTO POSTO PAULISTANO DE SAO CARLOS LTDA
3973,5c8262612d80,POSTO AVENIDA LTDA
3974,5c8e9dd59de9,REDE LK DE POSTOS LTDA
3975,5c8f80b04b45,ITALIA DE JUNDIAI POSTO DE SERVICOS LTDA
3976,5c9611c906f1,AUTO POSTO DE COMBUSTÍVEIS COSTINHA LTDA.
3977,5c966dfe6287,POSTO SUL LTDA
3978,5c9a818b542f,REDE DE POSTOS PARATI LTDA
3979,5ca5f85ba0d7,POSTO CANTAO COMBUSTIVEIS LTDA
3980,5ca984c64379,CENTRO AUTOMOTIVO ITINGUCU LTDA
3981,5cae133e3944,ABASTECEDORA DE COMBUSTIVEIS AMERICA LTDA
3982,5cb00ee05b8e,W A BARRETO E CIA LTDA
3983,5cb9f3453a00,POSTO IGUANA LTDA
3984,5cbc2a7bb5b3,CASCOL COMBUSTIVEIS PARA VEICULOS LTDA
3985,5cbcee36fe29,CASA DO COMBUSTIVEL LTDA
3986,5cbd27792e67,POSTO SAO JOSE DE RIBAMAR LTDA
3987,5cbe0d3c2822,CASCOL COMBUSTIVEIS PARA VEICULOS LTDA
3988,5cbea1158155,AUTO POSTO MOSELE LTDA
3989,5cc60888a940,CEMOPEL CM PETROLEO LTDA
3990,5cc685cbcf17,UNIVERSO PETRÓLEO LTDA
3991,5cca94364ba9,C & R REVENDA DE PETRÓLEO LTDA.
3992,5cd5ad4b1102,CENTRO AUTOMOTIVO BARRACUDA LTDA
3993,5ce604e60d9d,POSTO SAO JUDAS TADEU LTDA
3994,5cf367a36ca0,AUTO POSTO LORENS EIRELI
3995,5cfa3b805905,AUTO POSTO MARCO TIMBOZAO LTDA
3996,5cfeadc5300a,AUTO POSTO M E A LTDA
3997,5d01feb35d08,FL PARTICIPACOES LTDA
3998,5d04a114841c,AUTO POSTO TROPICAL CANAA LTDA
3999,5d087113a408,POSTO MANTIQUEIRA LTDA
4000,5d0f97792ffa,AUTO POSTO UAI COMBUSTIVEIS - EIRELI
4001,5d15013f4ff0,AUTO POSTO JOSE MARANGONI LTDA
4002,5d1aab73b2a3,AUTO POSTO GENESIS LTDA
4003,5d232f8eebd6,COM DERIVADOS PETROLEO RUI BARBOSA INDAIATUBA LTDA
4004,5d2487e64d03,LUIZ ERMINDO TIMM LTDA
4005,5d25e1749207,POSTO DE GASOLINA SAO LUIZ GONZAGA LTDA
4006,5d27fffd7b4b,AUTO POSTO ANTENA 104 EIRELI
4007,5d3156dfaa22,POSTO AUTO GIRO 1 LTDA
4008,5d3299bb2ca5,CENTRO AUTOMOTIVO DANIRAFA LTDA.
4009,5d4de80ac953,GT COMBUSTIVEIS E SERVICOS LTDA
4010,5d539f9710fa,POSTO GRID FEB COMERCIO DE COMBUSTIVEIS EIRELI
4011,5d5aca4317c1,LAGV COMBUSTIVEIS LTDA
4012,5d5bb90fc71f,AMAZONIA COMERCIO DE DERIVADOS DE PETROLEO LTDA
4013,5d5cd7543bef,ALABAMMA COMERCIO VAREJISTA DE COMBUSTIVEIS LTDA
4014,5d6edf486c9e,POSTO SOL NASCENTE LTDA.
4015,5d70d1367946,ROCHA COMERCIO VAREJISTA DE DERIVADOS DE PETROLEO LTDA
4016,5d71ed18f602,TOP SET AUTO POSTO LTDA
4017,5d78c0ea39f1,3POSTO JULIO DE CASTILHO LIMITADA
4018,5d7de92d7abe,AUTO POSTO CITY TATUAPE LTDA
4019,5d84fbf48a68,COMERCIO DE COMBUSTIVEIS COQUEIRAL DE ITAPARICA LTDA
4020,5d88cc17533a,ABC DISTRIBUICAO DE PETROLEO LTDA
4021,5d8e2f27ce26,POSTO SURPRESA COMERCIO DE COMBUSTIVEIS LTDA
4022,5d93d5d23698,PETROSALLES AUTO POSTO LTDA
4023,5d93ffa7d41d,AUTO POSTO ANCHIETA DE JUNDIAI LTDA
4024,5d9493cc9c1b,ALMEIDA E LEITE COMERCIO DE PETROLEO LTDA - ME
4025,5d9812b39084,AUTO POSTO PRO QUALITY LTDA
4026,5da4a9156c1d,AUTO POSTO CARAVELAS LTDA
4027,5da567954842,C.P. COMERCIO DE COMBUSTIVEIS LTDA
4028,5dc1264ac48d,S. G. A. INTERLAGOS COMBUSTIVEIS LTDA
4029,5dc317b3ee23,HMAX COMBUSTIVEIS E LUBRIFICANTES LTDA
4030,5dc375195684,BARTNIK & RUGERI LTDA
4031,5dc9d5833e00,POSTO DE GASOLINA NUNES & COSTA LIMITADA
4032,5dcfa7cf25dd,POSTO PRIO COMERCIO DE COMBUSTIVEIS LTDA
4033,5dd724d38270,POSTO 1350 LTDA
4034,5dd9e958f5a3,AUTO POSTO IMIGRANTE LTDA
4035,5de0224817c2,DE SOUZA STAEVIE & CIA. LTDA.
4036,5de84425a36c,COMERCIAL DE COMBUSTIVEIS ROSSO LTDA
4037,5de84642cc7b,AUTO POSTO GUAIRA EIRELI
4038,5dfa862a403e,FONSECA ARRAES E FILHAS LTDA
4039,5dfb324b2a69,RR COMERCIO DE COMBUSTIVEIS LTDA
4040,5e115013245f,POSTO CAMARGO BELO JARDIM COMBUSTIVEIS LTDA
4041,5e2085744263,AUTO POSTO SHALON DA NOVE DE ABRIL LTDA
4042,5e249e6ac796,POSTO AMERICA LTDA
4043,5e31720648b7,AUTO POSTO AMIL LTDA
4044,5e327690f45d,S. MACHADO DOS SANTOS
4045,5e53d1847c68,AUTO POSTO VALE VERDE LTDA
4046,5e5ad4a969aa,AUTO POSTO BV EIRELI
4047,5e5cc9ba5b5e,POSTO PONTE NOVA LTDA
4048,5e6255216fbd,CASCOL COMBUSTIVEIS PARA VEICULOS LTDA
4049,5e630589b163,ALIANCA SERVE BEM COMERCIO DE COMBUSTIVEL LTDA
4050,5e6a53643f16,AUTO POSTO SANTA HELENA EIRELI
4051,5e6e5675ad06,POSTO MIRANDA LTDA
4052,5e6e6f75fa8a,AUTO POSTO QUINTA LTDA
4053,5e6eb736c7c0,POSTO EXEMPLO COMERCIO LTDA
4054,5e6fc2057f16,POSTO JOTA EME LTDA
4055,5e6fc5098490,AUTO POSTO RIBEIRO LTDA
4056,5e702977107f,POSTO DO OMAR LTDA
4057,5e72cf9d8d87,POSTO VERDAO COMBUSTIVEIS LTDA
4058,5e880b35e24c,CASCOL COMBUSTIVEIS PARA VEICULOS LTDA
4059,5e8a5de6f94c,ECO POSTO 27 LTDA
4060,5e8ba18aa489,POSTO DE COMBUSTIVEL DA FIGUEIRA EIRELI
4061,5e8bc0dca47e,POSTO FLORIDO LTDA
4062,5e9fcc4c0f85,AUTO POSTO GRIDE II LTDA
4063,5ea21384102e,POSTO DE GASOLINA ITAVANA LTDA
4064,5ea3fa075163,RODOPOSTO SAO CARLOS LTDA
4065,5ea916dc2b56,A.A.POSTO DE SERVICOS LTDA
4066,5eacb1bd0032,AUTO POSTO COPAC LTDA
4067,5eae801fd78b,POSTO DE GASOLINA MONTE CARLO LTDA
4068,5eafd5193b13,AUTO POSTO JARDIM ESTHER LTDA
4069,5eb0ae493138,JR DERIVADOS DE PETROLEO LTDA
4070,5eb1e077a455,FERED ARABE & CIA LTDA
4071,5eb231ffac92,AUTO POSTO D R M LTDA
4072,5ebaae60996d,AUTO POSTO ECONOMICO LTDA
4073,5ec3e76fe8bd,AUTO POSTO REX RIO PRETO LTDA
4074,5ecb5a8413aa,POSTO CAIXA D'AGUA LTDA
4075,5ecc7412e328,CAPTIVA AUTO POSTO E SERVICOS LTDA
4076,5eccbf724543,CENTRO AUTOMOTIVO DE COMBUSTIVEIS AMERICANA LTDA
4077,5ed03dda595e,POSTO ALBALONGA LTDA
4078,5ed7ef6c7525,POSTOS COLORADO LTDA
4079,5ee2381aabe8,AUTO POSTO ELMAZ LTDA
4080,5ee3cf5a84d3,AUTO POSTO UNIAO LTDA
4081,5eec1fef7731,AUTO POSTO PLASMA LTDA
4082,5ef3de5ce7ba,POSTO BATOVI COMERCIAL - RS COMBUSTIVEIS E DERIVADOS LTDA
4083,5ef4992a8ce5,JVCARAFINI COMBUSTIVEIS E DERIVADOS LTDA - EPP
4084,5ef70bdabf52,POSTO TITANIUM LTDA - EPP
4085,5ef76ac933e4,NICOLAU DERIVADOS DE PETROLEO LTDA
4086,5efdd74bd9b0,POSTO PARQUE TAQUARAL LTDA
4087,5effebb6a6e6,REVENDEDORA DE COMBUSTÍVEIS POTENGI LTDA
4088,5f06eefbae78,AUTO POSTO PINOCHIO LTDA
4089,5f0c5341a779,POSTO MONTE CARLO CACIQUE RIO PRETO LTDA
4090,5f0f951fd08b,CMA PETROLEO UNIPESSOAL LTDA
4091,5f0fbcf48b67,PONTO COM POSTO DE ABASTECIMENTO E SERVICOS LTDA
4092,5f198f57e355,AUTO POSTO RIO PARDO LTDA
4093,5f22ad98c1ae,POSTO ANEL VIARIO LTDA
4094,5f235e113b38,POSTO DO LAGO BEBEDOURO LTDA.
4095,5f24cb85dc75,POSTO FRANCA ARAXA LTDA
4096,5f2b651060c0,AUTO POSTO MASUT XIII LTDA
4097,5f3ae5c0fdd7,EDEPEL EQUIPAMENTOS E DERIVADOS DE PETROLEO LTDA
4098,5f47b646f12c,CENTRO AUTOMOTIVO FENIX DE ITATIBA EIRELI
4099,5f53002c6dbd,POSTO VILA NOVA FRIBURGO LTDA
4100,5f538326831b,POSTO MIME S.A.
4101,5f538b0ff8b3,POSTO DE COMBUSTIVEL SHOPPING LTDA
4102,5f584c500208,WF JUNDIAI - COMERCIO E SERVICOS AUTOMOTIVOS LTDA
4103,5f60d0996a02,COMERCIAL DE COMBUSTIVEIS TREZE DE MAIO LTDA
4104,5f6e0498fef8,AUTO POSTO VITORIA PIRACICABA LTDA
4105,5f7056e46f5b,AUTO POSTO IRMAOS MELGACO LTDA
4106,5f7fed4b72aa,RIZZOTTO & CIA LTDA
4107,5f7ff9903f21,GELSON ANTONIO MANGINELLI
4108,5f880991a8c9,POSTO FAROL DO PARQUE LTDA
4109,5f8a6c9d8415,SATYRO IVO NETO
4110,5f92304b7ad6,ITAQUAGAS AUTO POSTO LIMITADA
4111,5f923ddc2142,SUPER POSTO BRASIL V LTDA
4112,5f9b89b2421e,A I AZRAK & CIA LTDA
4113,5fa88c63dfcd,POSTO PORTO SEGURO LTDA
4114,5fac9e6f2ab6,C MITIKO SACUNO
4115,5fb4606ae598,AUTO POSTO EUCLIDES MIRAGAIA LTDA - EPP
4116,5fb640dd3dbb,WALBRAX AUTO CENTER LTDA
4117,5fb662a606dd,JOFEMAL ORGANIZACAO DE POSTOS DE SERVICOS LTDA
4118,5fb73bbf15b7,POSTO SAMUCA LTDA
4119,5fb76d4549e5,PHILADELPHIA DERIVADOS DE PETROLEO LTDA
4120,5fb97cd109d3,'CENTRO AUTOMOTIVO TREVO DE BONSUCESSO LTDA
4121,5fb9f304e769,R GIACHINI & CIA. LTDA.
4122,5fbbb14b56de,MARANATA AUTO POSTO DE BOTUCATU LTDA
4123,5fc6b1bd1e7c,AUTO POSTO PALAVRA DA VIDA LTDA
4124,5fe28a6a5d58,AUTO POSTO FLAMIR LTDA
4125,5fe8258c3e0b,POSTO DE SERVICO MANDA BRASA LTDA
4126,5fed6cf772de,EDSON SERAFIM DIAS
4127,5ff1a5238b30,WIP COMERCIO DE COMBUSTIVEIS LTDA
4128,5ffe574c050f,CAYMAN COM DE COMBUSTIVEIS LTDA
4129,5fff7da3ddc5,POSTO JACARANDA - RIO PRETO LTDA
4130,600dfe98b764,COMPANHIA BRASILEIRA DE DISTRIBUICAO
4131,60180478007d,POSTO JARDIM DAS COLINAS LTDA
4132,6021cc8040ed,AUTO POSTO CERRADAO J B LTDA
4133,6029ae906351,IGUEP INCORPORADORA GUEDES PEREIRA LTDA
4134,602e8a3cc3d8,MAXXI PHB PETROLEO LTDA
4135,60360463b0b2,ABASTECEDORA DE COMBUSTIVEIS DA 20 LTDA
4136,6039628c5ae1,COMERCIO DE COMBUSTIVEIS SJDR LTDA
4137,603aa9b58603,MA SERVICOS DE AUTO POSTO LTDA.
4138,603c7b98aedd,POSTO CS LTDA
4139,603d487c7f20,AUTO POSTO JAVE LTDA
4140,6040bac95c41,JUNCO COMERCIAL LTDA
4141,6041f0897973,TORRES COMERCIO E DERIVADOS DE PETROLEO LTDA
4142,60522f88de98,POSTO PONTE NOVA II LTDA
4143,6054be9d7814,POSTO DE COMBUSTIVEIS PADRE CLARET LTDA
4144,60596b28590e,ITAPERUNA AUTO SERVICE LTDA
4145,605d7e327734,AUTO POSTO PORTAL DO CAPUAVA LTDA
4146,605dfa63e965,AUTO POSTO VALENTINA LTDA
4147,605f8eaf0043,CENTER POSTO COMERCIAL LTDA
4148,606199560dd4,POSTO SAO DOMINGOS LTDA
4149,6061c7ea0197,AUTO POSTO ESTORIL DE UBERABA LTDA
4150,60675011f4d5,HUMAITA COMBUSTIVEL E LUBRIFICANTES LTDA
4151,606e16bcae03,POSTO SANTA RITA DA MEDALHA MILAGROSA LTDA
4152,6073b3fbd647,PORTAL DO CAMPO LIMPO AUTO POSTO LTDA
4153,6088bb0188e3,CIBEL - COMERCIO DE DERIVADOS DE PETROLEO LTDA
4154,608a54458b11,AUTO POSTO UNIVERSITARIO LTDA
4155,608e061cab4a,CASA AVENIDA COMERCIO DE COMBUSTIVEIS LTDA
4156,608f86176086,AUTO POSTO TREVO DE CARAGUA LTDA
4157,60935d7b1038,NATU - PETRO AUTO POSTO LTDA
4158,609807dee1e0,POSTO TUNEL LTDA
4159,60999bf09dc2,ABRANTES COMERCIO DE COMBUSTIVEIS LTDA
4160,60bba60703b0,AUTO POSTO TRES PODERES LTDA
4161,60c561e361ba,AUTO POSTO SARAMENHA LTDA
4162,60c76026cf7f,F.F.STAEVIE COMBUSTIVEIS LTDA
4163,60c9028e6d17,REDE DE POSTOS SANTA MARIA LTDA
4164,60c981ff6da4,POSTO AVENIDA BRASILIA LTDA.
4165,60cfd439defe,AUTO POSTO NELU LTDA
4166,60d2029f6fe9,POSTOS MATARIPE ABASTECIMENTOS E SERVICOS LTDA
4167,60d428575b8b,AUTO POSTO SAO JOSE LTDA
4168,60d42fe633d7,POSTO SIM LTDA
4169,60d5e4a95170,GUARAVE GUARAPARI VEICULOS LTDA
4170,60d7a0c1b905,CARONE COMBUSTIVEIS LTDA
4171,60e578e97c14,POSTO TEIXEIRA 3 COMBUSTIVEIS LTDA
4172,60ee90de6535,R 6 COMBUSTIVEIS LTDA
4173,60f37cb2384b,CJCM PETROLEO LTDA.
4174,60f5bde2244f,AUTO POSTO REMANSO LTDA
4175,60fc2210e2fd,COMERCIO DE COMBUSTIVEIS SABARA LTDA
4176,60fc92ad0f64,AUTO POSTO PETROVALE DE MOGI LTDA
4177,60fd3533a5c5,POSTO TOPGAS COMBUSTIVEIS LTDA
4178,60fe9c31892a,AUTO POSTO AROEIRA LTDA
4179,610244a475b6,AUTO POSTO PRUDENTE - PORTICO LTDA
4180,6102c2ed32d2,POSTO DE COMBUSTIVEIS PIEDRAS DEL MAR LTDA.
4181,6104b8a2d0c7,CARREFOUR COMERCIO E INDUSTRIA LTDA
4182,61097f29d6b1,AUTO POSTO AM NOBILE LTDA
4183,610b663b6fc6,COMERCIO DE COMBUSTIVEIS PADOIN LTDA
4184,6113d0845273,AUTO POSTO CABO DA COLINA LTDA.
4185,61169ca4bb4c,MEGA NOVA IGUACU POSTO DE ABASTECIMENTO LTDA
4186,61182a74ddf0,DISTRIBUIDORA DE PETROLEO NOTA DEZ LTDA
4187,611b978f3d48,AUTO POSTO MASTER LTDA
4188,6120e5ddadf1,TENDA ATACADO SA
4189,61221e4414a4,MEGA POSTO BERIMBAU LTDA
4190,6122e48abff0,ANDEBRAZ MEGA POSTOS LTDA
4191,612af03407df,CENTRO AUTOMOTIVO STATUS LTDA
4192,612cd0a4077a,SAO PAULO MINAS COMERCIO DERIVADOS DE PETROLEO LTDA.
4193,6135fdc3f6fd,POSTO DE SERVICOS NOVA TRABALHADORES LTDA
4194,613ccf8b1524,LOPES & LOPES SAO CARLOS LTDA
4195,6142d9dd1656,AUTO POSTO PARANAGUA LTDA
4196,614301d90a7d,POSTO GLORIA LIMITADA
4197,6144a7f794b7,POSTO PETROBRASIL LTDA
4198,614883ad5551,BOA ESPERANCA PETROLEO LTDA
4199,61492931bfb7,FAVERI AUTO POSTO LTDA
4200,614b6c1dd959,POSTO AUDAX LTDA.
4201,614d1042ddb3,AUTO POSTO EDUARDO LIMITADA
4202,614f6e96dbc4,AUTO POSTO NAMORADA II LTDA.
4203,61502121cd7c,AUTO POSTO ROSANGELA LTDA
4204,61513f513512,AUTO POSTO PANTERA EIRELI
4205,615b3e6bff93,AUTO POSTO LACASEMA LIMITADA
4206,615e5d747233,AUTO POSTO PRA FRENTE BRASIL LTDA
4207,615f066453fa,POSTO MAIS LTDA
4208,6160aa54013b,POSTO BALNEARIO LTDA
4209,616134b17a47,SIM REDE DE POSTOS LTDA
4210,6162a496a1d2,POSTO GUARARAPES E CIA LTDA
4211,6164124c43ee,COMERCIAL SAO FRANCISCO LTDA
4212,6168a815e8ff,MACHADO & MAXIMO LTDA
4213,616a79698bdb,COMERCIO VAREJISTA DE COMBUSTIVEIS LUMAR TAIPAS EIRELI
4214,616a89c7c963,AUTO POSTO SHALLON ADONAI LTDA.
4215,6174e0bda2ef,CENTRO AUTOMOTIVO AGUA FRIA LTDA
4216,617602c51598,DUCATI AUTO POSTO LTDA
4217,617a7cd2c11c,POSTO MIME S.A.
4218,617daefef9f3,AUTO POSTO NOSSO TETO ARARAS LTDA
4219,617e11839b0d,NEON AUTO POSTO LTDA
4220,6184a5cdee5b,AUTO POSTO BIRIBA LTDA
4221,6196b0af18c6,AUTO POSTO RIBEIRO LTDA
4222,61a5a03a0b36,SIM REDE DE POSTOS LTDA
4223,61a5d4aa9a0d,AUTO POSTO NOVA IGUACU LTDA
4224,61a97c3b54af,SUINA DERIVADOS DE PETROLEO LTDA
4225,61bc2b2e4641,COMERCIAL DE COMBUSTIVEIS VICTOR BARRETO LTDA EM RECUPERACAO JUDICIAL
4226,61c57025e5d3,AUTO POSTO CINQUENTENARIO DE LINS LTDA
4227,61c5c4dad1bb,AUTO POSTO CONFIANCA LTDA
4228,61c7c3b6d0da,POSTO CORREGO GRANDE LTDA
4229,61d16ff53262,POSTO NOSSO RANCHO LTDA.
4230,61d1fc9bd9da,POSTO FEDERAL DE SAO CARLOS LTDA
4231,61dd3a28d58a,AUTO POSTO QS 09 LTDA
4232,61e4f36d9356,POSTO ITOUPAVAZINHA LTDA
4233,61e6af186273,JOSE BENEDITO VIEIRA
4234,61e89560ab5d,POSTO FLEX COMBUSTIVEIS LTDA
4235,61f12b51524c,MELOCRA COMERCIO DE COMBUSTIVEIS LTDA - EPP
4236,61f7901004d1,POSTO DE COMBUSTIVEIS MALHEIROS EIRELI
4237,61fb3166e150,AUTO POSTO AG8 LTDA
4238,61fe64254a2d,COMERCIO VAREJISTA DE COMBUSTIVEIS E DERIVADOS DO PETROLEO LTDA
4239,620e4bce4973,PHENIX - COMERCIO VAREJISTA DE COMBUSTIVEIS LTDA
4240,621839080efd,OITENTA AUTO POSTO LTDA
4241,6223b35f0788,AUTO POSTO LIDER AGUA FRIA LTDA
4242,6227254cd92d,POSTO CAMPEAO COMERCIO DE COMBUSTIVEIS LTDA
4243,622c11026052,POSTO DE SERVICO COTE DAZUR LTDA
4244,622e8d75adaa,POSTO QUATRO RODAS LTDA
4245,6231d0e41dd5,PETROFULL POSTO DE COMBUSTIVEL LTDA
4246,62343b3398cf,FELIPE A F BRIGIDO
4247,6237008d4ec0,DARCY PEREIRA LISBOA & CIA. LTDA
4248,623780102be5,POSTO CARIBBEAN LTDA
4249,62530deed531,AUTO POSTO M FERNANDES LTDA
4250,6256c5b59a61,CENTRO AUTOMOTIVO COALAS LIMITADA
4251,625828b3d9c8,AUTO POSTO RANELI GARCA LTDA
4252,625bd862cd26,TOP CENTRO COMERCIO DE COMBUSTIVEIS LTDA
4253,6264c5e51a56,FERREIRA COMERCIO DE COMBUSTIVEIS LTDA
4254,6268de8348f8,POSTO DE COMBUSTIVEIS DEA LTDA
4255,626dfd067ebd,AUTO POSTO ROTATORIA GARCA LTDA.
4256,626ff11b0a54,AUTO POSTO GAROUPA LTDA
4257,6270dc8a8f38,COLIBRI AUTO POSTO LTDA
4258,627550acb522,CACIQUE PETROLEO LTDA
4259,6279d23af442,AUTO POSTO JARDIM CLIPPER II LTDA
4260,62864f6d92c8,POSTO ICCAR LTDA
4261,62864fd6e77b,I DE MEDEIROS SALES COMBUSTIVEIS LTDA
4262,628ab1b315cf,POSTO CEBOLAO LTDA
4263,629211185757,AUTO POSTO TREVO DE TATUI 2 LTDA
4264,62938a9c7427,AP MAGALHAES & CIA LTDA
4265,6293bdfc5770,SAO LUCAS COMBUSTIVEIS LTDA
4266,6294657d1739,AUTO POSTO DA LAGOA LTDA
4267,6299b6881b7a,ACS DERIVADOS DE PETROLEO LTDA
4268,62a999617a0b,SEMPRE COMERCIO DE COMBUSTIVEL LTDA.
4269,62b324791b61,AUTO POSTO AVENIDA DOS ESTADOS LTDA.
4270,62b39b57793c,POSTO DE GASOLINA METAGAS DE SANTA CRUZ LTDA
4271,62b6fc7a90e9,POSTO PARA LTDA
4272,62b9a5e1f620,A. ANGELONI & CIA. LTDA
4273,62bd7fe80520,CARBAT DIST E ASSES DO COM DE DERIV DE PET LTDA
4274,62c63d08873f,FUJICHIMA COMERCIO DE DERIVADOS DE PETROLEO LTDA
4275,62d01077b306,GIRO POSTO LTDA
4276,62d55874bc8e,MASTER VALE AUTO POSTO LTDA .
4277,62e24b6efd3a,POSTO SHOPPING PARK LTDA
4278,62e361f7f9ca,SERVICAR S/A
4279,62e510d842bb,MIMIPETRO - COMERCIO DE COMBUSTIVEIS LTDA
4280,62e681c292f2,COMERCIO VAREJISTA DE COMBUSTIVEIS MIRIZOLA LTDA
4281,62eb93fb7e13,AUTO POSTO 7 DE IBITINGA LTDA
4282,62f25aec551a,COMERCIO DE COMBUSTIVEIS SAO CRISTOVAO LTDA
4283,62f990ad15f6,POSTO CAMBURI I LTDA
4284,6307f02f5c5d,M D F COMERCIO VAREJISTA DE DERIVADOS DE PETROLEO LIMITADA
4285,6317630d1bfe,ABASTECEDORA DE COMBUSTIVEIS VITEO LTDA
4286,631caa3a1bc8,AUTO POSTO MARANHAO LTDA
4287,631dbaeab28d,AUTO POSTO ROTA DO SOL LTDA
4288,63226379cd9b,POSTO E CHURRASCARIA DE BORTOLI CUPIM LTDA
4289,63252bb66443,AUTO POSTO UNIVERSO 2000 LTDA
4290,6330b6dc1cd1,AUTO POSTO MATA VIRGEM LTDA
4291,6331b89c5963,AUTOPOSTO CONFIANCA V LTDA.
4292,6333ac5337c5,CARDONA & ALBRECHT COMERCIO DE DERIVADOS DE PETROLEO E SERVICOS LTDA
4293,6335d8adfdc9,AUTADDEI GASOLINA E SERVICOS LTDA
4294,6339450fd396,SAO MATHEUS CUIABA AUTO POSTO LTDA
4295,6344eb51523f,CM COMERCIO DE COMBUSTIVEIS SP LTDA
4296,63551baa6f63,JOSE GRASUENE DE ARAUJO LTDA
4297,6356b901e6a3,POSTO CIRCUITO DO OURO LTDA
4298,635e4479a938,AUTO POSTO DO TRABALHO PILAR LTDA
4299,635e77074244,AUTO POSTO TREVO 5 DO CAFE LTDA
4300,635f0186eb1f,AUTO POSTO ED LTDA
4301,6360d037be49,COTAM - COOPERATIVA DE CONSUMO DOS TAXISTAS AUTONOMOS DE MANAUS
4302,636aca7f5c1d,AUTO POSTO VILA SANTA ROSA LTDA
4303,636b65d2378f,AUTO POSTO NAVEGANTES LTDA
4304,6373c78f2766,POSTO NOSSA SENHORA APARECIDA LTDA
4305,6375a3964535,CENTRO AUTOMOTIVO NOTA 1000 EIRELI
4306,6380480339e1,AUTO POSTO SAO JOSE 2002 COMERCIO DE COMBUSTIVEIS E LUBRIFICANTES LTDA
4307,63909e4abf62,SIQUEIRA COMBUSTIVEIS LTDA
4308,63979473bf98,AUTOMOTIVO PORTAL DE ITATIBA LTDA
4309,639d6d3a09b5,AUTO POSTO BELO HORIZONTE LTDA
4310,63a6315c9d9c,AUTO POSTO COCAIA LTDA
4311,63aaf313e7a9,POSTO GRECIA DE SÃO CARLOS LTDA
4312,63b89412d3aa,AUTOMOTO - AUTOMOVEIS DO AMAPA LTDA
4313,63b8fbee96cf,POSTO SARZEDO V LTDA
4314,63c3f49ec94a,COMERCIAL DE COMBUSTIVEIS ANTARES LTDA
4315,63c7fe4a9125,AUTO POSTO SANTA ANTONIETA DE MARILIA LTDA
4316,63ccabb3d7c8,AMERICA COMERCIO DE COMBUSTIVEIS LTDA
4317,63cd57f4bdf2,SUPER POSTO CONSTITUICAO LTDA
4318,63e4f599b3fb,AUTO POSTO NOVA POA II LTDA
4319,63ee5fbebea4,MONTEMOS DISTRIBUIDORA DE COMBUSTIVEIS LTDA
4320,63eee04cbcf6,COMPANHIA BRASILEIRA DE DISTRIBUICAO
4321,63f5b6179ab9,POSTO VENDA DAS PEDRAS LTDA
4322,63f715c7e664,AUTO POSTO VALOR LTDA
4323,63f9fcc12be7,AUTO POSTO DM DE JUNDIAI LTDA
4324,63fa8e750f3d,MARMONTELLO & BASSO LTDA
4325,63fcb1de3bf5,AUTO POSTO DUQUE LTDA
4326,63fd3bd33546,POSTO PARAENSE LTDA
4327,6400fa759f2c,REDE GUAPO DE POSTOS DE COMBUSTIVEL LTDA
4328,6418c08148a5,SILVA E DIAS LTDA
4329,6419cab528e7,PROGRESSO PETROLEO LTDA
4330,6425273edba7,AGUIAR COMERCIAL DE PETROLEO LTDA
4331,642d979cd184,POSTO ART LTDA
4332,6433aeecc05c,AUTO POSTO MAP RECREIO LTDA.
4333,643a3a67b2d4,AUTO POSTO TOM & JERRY DE IGUACU - LTDA
4334,6452f7c11f97,MASSARO  AUTO  POSTO  EIRELI
4335,64546cdc014b,POSTO VITORIA SUZANO LTDA
4336,6454aae5d443,POSTO SANTA TEREZINHA LTDA
4337,64562b4cb5a4,AUTO POSTO CITY BARRETOS LTDA
4338,645f01ca9543,POSTO LONDRINA LTDA
4339,6464871273f3,SANCHEZ & SANCHEZ COMERCIO DE COMBUSTIVEIS LTDA
4340,6465a2d25692,POSTO BRASIL GRANDE LTDA
4341,64669d35e4cf,BG ARTERIAL COMERCIO DE COMBUSTIVEIS LTDA.
4342,6466f07e7961,POSTO VARANDA II LTDA
4343,646dc92eb0a5,AUTOMOTO - AUTOMOVEIS DO AMAPA LTDA
4344,647470586372,AUTO POSTO ARY FILHO LTDA.
4345,6474a736b420,AUTO POSTO MASUT VII LTDA
4346,64783b6b95b0,POSTO HUMAITA LTDA
4347,649066ab10c6,AUTO POSTO RUI BARBOSA LTDA - ME
4348,64947b1774f3,COMERCIAL DE COMBUSTIVEIS LIMOEIRO LTDA
4349,649ba4b3ddae,ABASTECEDORA DE COMBUSTIVEIS SANTA CLARA LTDA
4350,64a74af4f110,AUTO POSTO MATRINXA LTDA
4351,64b1814558af,AUTO POSTO JARDIM GUARANY LTDA
4352,64b4f362d953,D DE A MARTINS LTDA
4353,64b8a591e3fd,ARV AUTO POSTO LTDA.
4354,64b8cad3f697,POSTO DE SERVICOS PREMIUM LTDA
4355,64bfb93942b8,SIM REDE DE POSTOS LTDA
4356,64c0c5b2f70c,REDE ENERGIA LTDA
4357,64c3f005ecc0,AUTO POSTO FREEPETRO DE JAU LTDA.
4358,64c6c879ad92,POSTO Z + Z T-9 LTDA
4359,64cfdbec6d74,GMA AUTO POSTO E CONVENIENCIA LTDA
4360,64d9c771f669,CENTRO AUTOMOTIVO PUGLIA LTDA
4361,64dab0398e82,DERIVADOS DE PETROLEO E SERVICOS LTDA
4362,64dd0c7113b2,PRIMOS COMERCIO DE COMBUSTIVEIS E SERVICOS LTDA
4363,64defb56cd25,AUTO POSTO JORDAO LTDA.
4364,64f25f51fe18,COMERCIAL VILA OPERARIA DE COMBUSTIVEIS LTDA.
4365,64f39f509f2f,CELSO GARCIA BARRETOS
4366,64f695583e00,AUTO POSTO DUE FRATELLI LTDA
4367,65074fcd859a,AUTO POSTO CONDE LTDA
4368,6507fb058c11,AUTO POSTO CONECTA UBERABA LTDA
4369,650d64eb0cea,ARAGUAIA COMBUSTIVEIS LTDA
4370,651b77aa4554,PARANA COMERCIO DE COMBUSTIVEIS E LUBRIFICANTES LTDA
4371,65222de81de9,REDE DE POSTOS 3R LTDA - ME
4372,6523455f52fa,JOAQUIM ALVES FLOR & CIA LTDA
4373,6525906d6960,AUTO POSTO ITAQUA FUEL
4374,6528d0b0241d,3D COMERCIO DE COMBUSTIVEIS LTDA
4375,652ed4ac1dfe,POSTO NICOLLETTI LTDA
4376,65389ce7410f,POSTO HILARIO DE GOUVEIA LIMITADA
4377,6539e4c052cc,AUTO POSTO REDE K5 DE OLARIA LTDA
4378,653c912779c7,AUTO POSTO OZIVAL LTDA
4379,653d960cbc87,STANG & STANG LTDA
4380,653e3223e228,POSTO DE SERVICOS CAMPO VERDE LTDA
4381,654de399ec0a,PETROX COMERCIAL LTDA
4382,65585ab1aec7,COMERCIO DE COMBUSTIVEIS VEGINI LTDA
4383,655b3d310dce,AUTO POSTO SANTO ANTONIO LTDA
4384,655b5ba85102,CIGLA COMERCIO VAREJISTA DE DERIVADOS DE PETROLEO LTDA - ME
4385,655c3911e76c,POSTO DE SERVICOS VILA CARVALHO DE ARACATUBA II LTDA.
4386,655d2007f558,LEONARDO LIMA E CIA LTDA - EPP
4387,65626a8b1c03,AUTO POSTO JAM LTDA
4388,656293ced60c,SUPER POSTO TRIANGULO LTDA
4389,656ff0563ae3,SOL DOURADO AUTO SERVICE LTDA
4390,65708ea859d7,PETROVAN DERIVADOS DE PETROLEO LTDA
4391,65744e9ac8ae,POSTO TRIBOBO LTDA
4392,6578ff607209,M. D. N. COMBUSTIVEIS LTDA
4393,657a1521a462,AUTO POSTO DO TRABALHO SANTA CRUZ LTDA
4394,658385dd40fe,AUTO POSTO CAPITAO BRASIL II LTDA.
4395,6584dae92ad4,POSTO Z + Z T-63 LTDA
4396,6585654a0730,POSTO RIO DOCE LTDA.
4397,658801724173,VALDEIR NICOLODI LTDA
4398,65a3d93e5bb4,POSTO DE SERVICOS ORENSE LTDA
4399,65b3f8b877bc,POSTO CRUZEIRO LTDA
4400,65b8fff00fae,JVC COMERCIAL LTDA
4401,65be3d060303,POSTO NOBERTO LTDA
4402,65c0e00e3793,AUTO POSTO BRASIL PETRO FRUTAL LTDA
4403,65c52d760a48,PORTAL DA PRAIA AUTO POSTO LTDA
4404,65c9837b8968,MARLIN EMPREENDIMENTOS LTDA
4405,65ce5578cb56,M.LI COMERCIO DE COMBUSTIVEIS LTDA.
4406,65ce84c95e40,AUTO POSTO VIA NORTE LTDA
4407,65d2531df827,AUTO POSTO PIRAI LTDA.
4408,65d6a89ff07d,BC REVENDA DE COMBUSTIVEIS LTDA
4409,65d9501bec2d,AUTO POSTO CASTILLO LTDA
4410,65e149b97a23,COMERCIAL DE COMBUSTIVEIS SG LTDA
4411,65e46bfd4724,SAO FRANCISCO COMERCIO DE DERIVADOS DE PETROLEO LTDA
4412,65e51b7ac4bd,POSTO IMPERADOR D. PEDRO I LTDA.
4413,65eb4d18a8fe,YONAMINE & CIA LTDA
4414,65f0d9be776d,AUTO POSTO LIBERATO LTDA
4415,65f122d6e567,AUTO POSTO M LTDA
4416,65fac83f9d76,AUTO POSTO PETROBRAPE LTDA
4417,660785f22285,POSTO DE GASOLINA KOHARA LTDA
4418,661873dbc784,GM COMERCIO DE DERIVADOS DE PETROLEO LTDA
4419,661fedeead25,POSTO DE COMBUSTIVEIS JARDINS LTDA
4420,6622dc178eae,ABASTECEDORA DE COMBUSTIVEIS BECKER LTDA
4421,662f80e90098,AUTO POSTO MB LTDA
4422,66337921a041,LOYOLA & ABREU LTDA.
4423,6639703c8c70,AUTO POSTO SAO LUIZ - MATRIZ
4424,663be5952788,AUTO POSTO AMAZON LTDA.
4425,663c29f7a2be,SUPERMERCADO JACOMAR LTDA
4426,664009e37503,POSTO RODOVIA DO ACO LTDA
4427,6641331f45af,CAETANO & PINHEIRO LTDA
4428,664c0ab5eda4,POSTO PETROGAL LTDA
4429,6653e10e8baf,AUTO POSTO TOCANTINS LTDA
4430,6654d20be56c,COMERCIO DE COMBUSTIVEIS NV LTDA
4431,666cf1d35d24,LUNA & GAIA LTDA
4432,6679580d8ca7,POSTO 7 SAO CARLOS LTDA
4433,667a9ca63160,SEVERINO S. LOPES & CIA. LTDA
4434,667a9ed78a6e,"REDE FARROUPILHA GESTAO, VAREJO E INOVACAO LTDA"
4435,667abf272b5d,MIRIAN VARZEA GRANDE AUTO POSTO LTDA
4436,66803b7f1558,COMERCIAL BUFFON COMBUSTIVEIS E TRANSPORTES LIMITADA
4437,66884a33dd57,AUTO POSTO FONTOURA LTDA.
4438,66899756f28b,AUTO POSTO TRANSCAP LTDA
4439,6693a9c1fd3a,CAIAQUE COMERCIO DE COMBUSTIVEIS E TRANSPORTE LTDA
4440,6696484bd733,CARREFOUR COMERCIO E INDUSTRIA LTDA
4441,6698d9eda489,AUTO POSTO MBR LTDA
4442,669b5b92a7ac,POSTO CAJUEIRO LTDA
4443,669e3da238da,AUTO POSTO SHOPPING CIDADE LTDA
4444,66a194ada9ef,COMERCIAL TAVARES DE COMBUSTIVEIS E LUBRIFICANTES LTDA
4445,66b6541253c1,POSTO PALOMA MARINGA LTDA
4446,66c35245099a,AUTO POSTO ITAIPU BASSITT LTDA
4447,66cc463d5f88,POSTO DE GASOLINA TOCANTINS LTDA
4448,66d3cfb75093,POSTO FREE CENTER ALVORADA LTDA
4449,66d4fd7547c9,REDE DE POSTOS SETE ESTRELAS LTDA
4450,66e2c1e70052,COMERCIAL BUFFON COMBUSTIVEIS E TRANSPORTES LIMITADA
4451,66f992016a0e,POSTO DE COMBUSTIVEIS XIMENES LTDA
4452,66fa3dc2f04d,GABINAL COMERCIO DE COMBUSTIVEIS LTDA.
4453,66fdc7148404,AUTO POSTO CUBATAO LTDA
4454,670090b32318,POSTO PREMIER FORMOSA LTDA
4455,67020dd8d54d,JOSEFA VANIA MEIRA DE FREITAS
4456,67032d516f94,RODOPOSTO TOPAZIO LTDA
4457,67079ae717b1,POSTO BEIRA RIO COM. DE DERIVADOS DE PETROLEO LTDA
4458,670f1c7b9bac,MS COMERCIO DE DERIVADOS DE PETROLEO LTDA
4459,670fa3c3cb57,AUTO POSTO RECANTO DA VITORIA COM E S DE COMB LUB LTDA
4460,671375105b13,AUTO POSTO ELKO LTDA
4461,6715188a3e11,CARRETAO COMERCIO DE COMBUSTIVEIS LTDA
4462,67243d1f87d9,AUTO POSTO M PENNA LTDA
4463,672cbab41214,REDE MV COMBUSTIVEL LTDA
4464,672e9fbc35b1,AUTO POSTO CRISTAIS DO TATUAPE LTDA
4465,673e413217e5,AUTO POSTO VIADUTO LTDA
4466,67477ac843c9,POSTO NOVO HORIZONTE LTDA
4467,67652c03cee2,PALMAS COMERCIO DE COMBUSTIVEIS LTDA
4468,676964e70cfa,ITAPETRO COMERCIO DE COMBUSTIVEIS E LUBRIFICANTES LTDA
4469,6774e1a49e15,AUTO POSTO VISCONDE DE SAM MARTIN LTDA.
4470,677de217bcdf,POSTO KRILL DE MONTE CARMELO LTDA
4471,67849586c2fb,POSTO JARAGUA LTDA
4472,6784d10466d5,AUTO SERVICO OURO NEGRO LTDA
4473,6787ad65d69f,AUTO POSTO SANTA ODILA LTDA
4474,67896e121942,SAO LUIZ COMERCIO DE COMBUSTIVEL E LUBRIFICANTES LTDA
4475,6795cf941790,AUTO POSTO AVIACAO DE TATUI LTDA
4476,679f7c3c7659,POSTO ESTRELA DA 101 LTDA
4477,679ff84aaa12,AUTO POSTO ALGARVE LTDA
4478,67a0e04cf2d2,AUTO POSTO CAVALO MARINHO DE CARAGUA LTDA
4479,67a289635b0b,AUTO POSTO GERANIUS LTDA
4480,67ad1f5122b3,"JF - COMERCIO, REPRESENTACAO E SERVICOS LTDA"
4481,67b1c9cf3899,POSTO MIME S.A.
4482,67b251917e7b,POSTO CANDIAL LTDA
4483,67bd18362c81,VINHOTE & ALBARADO LTDA
4484,67bed465df69,ORGANIZACAO CANTAGALO LTDA
4485,67c58aaeff32,CONDOR AUTO POSTO TARUMA LTDA
4486,67c6c030929d,COMERCIO DE DERIVADOS DE PETROLEO DOIS DE JULHO EIRELI
4487,67ca566269d2,AUTO POSTO MUFFATO LTDA
4488,67ccb4dd815c,POSTO RADAR DE MURIAE LTDA
4489,67d0581c6c9b,POSTO PAINEIRAS DE BAURU LTDA
4490,67d1907c1df3,CENTRO DE SERVICOS FRANGO ASSADO -NORTE LTDA
4491,67d9d799f7f9,BRISTOL AUTO POSTO E SERVICOS LTDA.
4492,67dfae89e6a3,VILELA E VILELA COMBUSTIVEIS LTDA
4493,67e89eef2378,FE COMERCIO DE COMBUSTIVEIS E DERIVADOS DE PETROLEO LTDA
4494,67f2fcac5c8a,VIOLATO E CIA LTDA
4495,67faa5b6a2e4,E LOPES DE AGUIAR DERIVADOS DE PETROLEO LTDA
4496,680754ea6b25,POSTO SUPREMO LTDA
4497,6808f6fa2abf,AUTO POSTO ZAIRAO LTDA
4498,68129d936a7d,MARANELLO - COMERCIO VAREJISTA DE COMBUSTIVEIS LTDA
4499,6816161474ce,ACTIVE AUTO POSTO LTDA
4500,6816a40d26d3,COMERCIAL BUFFON COMBUSTIVEIS E TRANSPORTES LIMITADA
4501,681b6906d022,POSTO ALICATE LTDA
4502,6822835440b3,AUTO POSTO RAQUEL LTDA
4503,682ca6834b97,LEOBAS & CIA LTDA
4504,68360afdcc3a,MACHADO R. P. COMERCIO DE COMBUSTIVEIS LTDA
4505,6838f7270da2,DAT COMERCIO DE DERIVADOS DE PETROLEO LTDA
4506,683ac894e515,AUTO POSTO ITAIM DE TAUBATE II LTDA.
4507,683ec1b5cd80,AUTO POSTO SAO PAULO RP LTDA
4508,683ff45fe7bb,POSTO DE SERVICOS J. M. LTDA.
4509,684aef64423a,GENTIL COMERCIO DE COMBUSTIVEIS LAVRAS LTDA
4510,685de80e4016,J MENDES DE AQUINO & CIA. LTDA
4511,685deac8f6aa,AUTO POSTO SAMPAIO LTDA
4512,68669412383f,AUTO POSTO PRISCILA LTDA
4513,68748e5386b6,AUTO POSTO ALVORADA LTDA
4514,687496ceed10,POSTOS DE COMBUSTIVEIS REDESINOS LTDA
4515,68831168a715,COMERCIAL DE COMBUSTÍVEIS WALPETRO LTDA.
4516,688f9c6a1b65,POSTO SIM LTDA
4517,68902a0af95d,AUTO POSTO PAZ BARRETOS LTDA
4518,689e935b0b9d,BORRACHEIRO E POSTO DE ABASTECIMENTO ITAIPAVA LTDA
4519,689fa444a7bc,MADRI AUTO POSTO EIRELI
4520,68a068126e7a,BOX 1000 POSTO DE SERVICOS LTDA
4521,68a2b75e997d,PNEUMAX LTDA
4522,68b15fb14366,FORMOSA COMERCIO DE COMBUSTIVEIS LTDA
4523,68b1a7ca94aa,POSTO DE GASOLINA SECULO FUTURO LTDA - EPP
4524,68b5969728bd,PONTES & LADIM COMBUSTIVEIS LTDA - EPP.
4525,68b72af961c6,COMERCIAL DE PETROLEO PARAIBANO LTDA
4526,68b78c7d1a64,PLANALTO PETROLEO KM 7 LTDA
4527,68bf9f77a985,POSTO PONTEIO LTDA
4528,68c26742a04d,POSTO DE SERVICOS WEST SHOPPING LTDA
4529,68c271305cd6,POSTO PAIZAO LTDA
4530,68c2c39ed4f2,A. ANGELONI & CIA. LTDA
4531,68c640a2e97e,POSTO CENTRAL COMERCIO DE COMBUSTIVEIS LTDA
4532,68cc7d0de230,POSTO ALDO PARANAGUA I LTDA
4533,68cfe1655c29,POSTO ELDORADO DE PRESIDENTE PRUDENTE LTDA
4534,68d194285a34,GNV SETE BELO LTDA
4535,68d58f9ecae7,AUTO POSTO CONFIANTE LTDA
4536,68d5c166cdf5,POSTO GRID LTDA
4537,68d89af7ec33,DANTAS E SOUZA COMERCIO E DERIVADOS DE PETROLEO LTDA
4538,68dd432b8ec2,ALBACORA COMBUSTIVEIS LTDA - ME
4539,68e16fef7a8e,AUTO POSTO CLASSE A LTDA
4540,68e33d952d84,POSTO RESERVA DO VALE LTDA
4541,68e5c550337b,R E MENGUE ME
4542,68ee88dd7d1c,AUTO POSTO MARECHAL MALLET LTDA
4543,68f5e50bf141,COMERCIO DE DERIVADOS DE PETROLEO MRA LTDA
4544,68fa83b1a3f9,POSTO DE COMBUSTIVEIS E LUBRIFICANTES SILVEIRAO II EIRELI
4545,68fb267b66fb,AUTO SHOPPING DERIVADOS DE PETROLEO LTDA
4546,68ffa2a82bf4,COMPANHIA BRASILEIRA DE DISTRIBUICAO
4547,69017804bd86,POSTO JARDIM BOTANICO LTDA
4548,690639bd53f1,ATLANTICO AUTO POSTO LTDA
4549,69069e0f4a1d,ORIGINAL MAX AUTO POSTO LTDA
4550,6908d005bab2,AUTO POSTO UNIAO SUMARE LTDA
4551,690f01853e95,POSTO DE COMBUSTIVEIS PRIMAVERA LTDA
4552,6910078b2530,M & M COMERCIO E DERIVADOS DE PETROLEO LTDA
4553,69192d24fc88,POSTO DIAMANTINA LTDA
4554,691ac048c2ed,AUTO POSTO CENTRAL J.B.LTDA
4555,691e9b45bba7,DERIVADOS PETROLEO SANTA INES LTDA
4556,692206138508,AVN COMERCIO DE COMBUSTIVEIS LTDA
4557,69327715de10,AUTO POSTO PREMIER LTDA
4558,69328fb9e16f,M.A. COMERCIAL DE PETROLEO LTDA
4559,694b9fb423d0,AUTO POSTO D'ONOFRIO LTDA
4560,6959d4656968,POSTO SALVE JORGE LTDA
4561,695ab0d1e159,POSTO THOME PARANAGUA LTDA
4562,695bcf992f9f,ALFA AUTO POSTO LTDA.
4563,69626797cfcd,AUTO POSTO DUQUE SALIM MALUF LTDA.
4564,6963cc3ae071,AUTO POSTO MACHADO LTDA
4565,6968a47be7a1,OLIVEIRA BAPTISTA AUTO POSTO LTDA
4566,696a9c4a27e2,CCL - CAMPOS COMBUSTIVEIS LTDA.
4567,696c86c89363,LVM COMERCIO VAREJISTA DE DERIVADOS DE PETROLEO LTDA
4568,6973a016cbee,BONFIM COMBUSTIVEIS LTDA
4569,6975a425e8b4,ALMEIDA E MARCHI COMERCIO DE COMBUSTIVEL E LUBRIFICANTES LTDA
4570,697673b2cdc5,POSTO BARBOSA LTDA
4571,697d27544e0d,REDE DOM PEDRO DE POSTOS LTDA.
4572,697e474266cf,POSTO BOA ESPERANCA LTDA.
4573,6983de11b928,AUTO CENTER BOM JESUS LTDA
4574,6988c526107c,RISSATO E NARCISO AUTO POSTO LTDA
4575,699015cf3948,M.TEIXEIRA PIANOWSKI & CIA LTDA
4576,69934ad07720,EMPREENDIMENTOS MIRANDA & DIAS LTDA
4577,69a251b25e90,AUTO POSTO MENDONCA DE MOURA LTDA
4578,69a286e50a2e,AUTO POSTO ESPACO REAL LTDA
4579,69a63b317545,LEAL COMERCIO DE PETROLEO LTDA
4580,69ad3b0ddefb,POSTO BOM BOM LTDA
4581,69add08941ce,ARIZONA PETROLEO LTDA
4582,69b674833c35,POSTO CAMPO GRANDE LTDA
4583,69bdbccd905c,POSTO TITAN LTDA
4584,69c50f4b6926,AUTO POSTO OLINDA LTDA
4585,69c73fe3473d,REYAUTO COMERCIO DE COMBUSTIVEIS LTDA
4586,69c9145c4fa9,COOPERATIVA AGROINDUSTRIAL ALFA
4587,69ca02ba45ff,COMBUSTIVEIS VALENCA LTDA
4588,69cc5d905632,POSTO AUTOMOTIVO SANTA TEREZINHA LTDA
4589,69cdc2b1ee6f,POSTO DE SERVIÇOS FALKE LTDA.
4590,69d9425b2ea7,POSTO DE GASOLINA PARQUE PEREQUE LTDA
4591,69e1ea04ed3a,POSTO ANA TERRA 04 LTDA
4592,69e742da5b41,MARECHAL FUEL POSTO DE SERVICOS LTDA
4593,69e7fdcf6daa,AUTO POSTO SAO PEDRO LTDA
4594,69ebceea4b20,BELASQUE & SABIAO LTDA
4595,69ec1761d46a,JANDAIA COMERCIO DE COMBUSTIVEIS LTDA
4596,69f1baa57c2b,GARRA COMBUSTIVEIS LTDA
4597,69f5335d98f7,AUTO POSTO LONDON LTDA
4598,6a02e47f855b,MONTREAL COMERCIO DE COMBUSTIVEIS E LUBRIFICANTES LTDA
4599,6a037a379337,RAMOS E RAMOS COMERCIO VAREJISTA DE COMBUSTIVEIS LTDA
4600,6a0a2f0baac6,CEMOPEL CM PETROLEO LTDA
4601,6a0c4ff6f948,AUTO POSTO ISAURAO LTDA
4602,6a0de1cbe46d,COMERCIAL GRAO DE OURO LTDA
4603,6a16e8d9071f,GF RIBEIRO & CIA - COMBUSTIVEIS LTDA
4604,6a2d74cac811,POSTO 13 LTDA
4605,6a2f9ac0ad4b,PETROTRANS TRANSPORTES QUIMICOS E PETROQUIMICOS LTDA ME.
4606,6a3fe337fed6,POSTO CIDADE ALTA LTDA
4607,6a455dac7ab6,AUTO POSTO BOIADEIRO EIRELI
4608,6a4e529b2f15,POSTO PORTAL DA PONTE EIRELI
4609,6a5342f9e751,COMERCIO DE LUBRIFICANTES VALESSO LTDA
4610,6a566d6a71b4,AUTO POSTO DAVI LTDA
4611,6a5e2aa4884d,POSTO DE COMBUSTÍVEL R E LTDA.
4612,6a5ef03d1fae,AUTO POSTO LAGOA LTDA
4613,6a616104ffb0,MARQUES E HOFFMANN COMBUSTIVEIS LTDA.
4614,6a656288744a,AUTO POSTO GUAJARÁ LTDA.
4615,6a65a1292f03,AUTO POSTO CONCORDIA LTDA
4616,6a946a22f032,NOVO ECOPOSTO LIMEIRA EIRELI
4617,6aa665d7ea5b,AUTO POSTO CENTRAL DE CATANDUVA LTDA
4618,6aaceaaf0637,COMERCIAL BUFFON COMBUSTIVEIS E TRANSPORTES LIMITADA
4619,6aafb7a73333,S & A COMERCIO E SERVICOS LTDA
4620,6aafcc720059,R G DE BARROS VASCONCELOS BEZERRA POSTO JACUTINGA
4621,6ab79845f28d,GOLDEN POSTO CAMPINAS LTDA
4622,6abab99d6ad3,VIEIRA & OMENA LTDA
4623,6abcdaf1fe05,PRESIDENTE 6 AUTO POSTO LTDA
4624,6ace535a6d79,AUTO POSTO VALE DO SAO FRANCISCO LTDA
4625,6ad693e3ea43,POSTO ORION LTDA.
4626,6adf81885070,BUSS CEZAR COMERCIO DE COMBUSTIVEL LTDA
4627,6aeb12ec5ce6,COMERCIAL IGUACU S.A.
4628,6aeeb514d025,AUTO POSTO SANTOS MONTEIRO EIRELI
4629,6afc48d74677,COMERCIAL BUFFON COMBUSTIVEIS E TRANSPORTES LIMITADA
4630,6aff9ae909f7,AUTO POSTO APARECIDA DE ITAPETININGA LTDA
4631,6b0a16e91952,STANG & STANG LTDA
4632,6b0b367f52c8,POSTO DE COMBUSTIVEIS ANDINO LTDA
4633,6b0e8ec16526,AUTO POSTO DE COMBUSTIVEIS LAGO SUL LTDA
4634,6b0e9b191df6,AUTO POSTO DORNELAS LTDA
4635,6b12c14e764c,CACULINHA COMBUSTIVEIS LTDA
4636,6b1b29e57995,JUVENAL ANGELO & CIA LTDA
4637,6b27c88b52da,COMERCIAL BUFFON COMBUSTIVEIS E TRANSPORTES LIMITADA
4638,6b2b54443c91,AUTO POSTO AFONSO ARINOS LTDA
4639,6b2ee8b95856,POSTO PRINCE EIRELI
4640,6b359d1722e0,AUTO POSTO RANCHO LTDA
4641,6b486e35a630,AUTO POSTO CASTANHAL I COMERCIO DE DERIVADOS DE PETROLEO LTDA
4642,6b4e376bcc6f,SIM REDE DE POSTOS LTDA
4643,6b506d520860,AUTO POSTO TRACY LTDA
4644,6b51bf4e5e8d,POSTO 5.5. LIMITADA
4645,6b534d97346d,TAPAJOS POSTO DE COMBUSTIVEL LTDA
4646,6b5524a9d457,ECOFLEX COMERCIO DE COMBUSTIVEL LTDA
4647,6b558ae709c4,FAST AUTO POSTO LTDA
4648,6b5ec1839b86,POSTO ALDI LTDA.
4649,6b66b0645c40,J C RODRIGUES NETO E FILHOS LTDA
4650,6b679c79d923,POSTO BANDEIRA BRANCA COMERCIO DE COMBUSTIVEIS LTDA
4651,6b67ca4306c5,RODA COMERCIO DE COMBUSTIVEIS LTDA.
4652,6b6c16708476,CENTRO AUTOMOTIVO DUMONT LTDA
4653,6b6cc9a7034b,TOCA DA ONCA COMBUSTIVEIS
4654,6b82034f2ba6,BERNARDO & ROSSINI COMERCIO DE COMBUSTIVEIS LTDA
4655,6b9894c7efa6,AUTO POSTO GUARDIAO LTDA
4656,6b9d98432d3b,AUTO POSTO SANTA BARBARA LTDA
4657,6ba5d37f3671,AUTO POSTO REGIONAL LTDA
4658,6bac271f16f6,WGAS RB AUTO POSTO LTDA
4659,6bad1b4d514b,AUTO POSTO VIA BRESSER LTDA
4660,6badbcde9578,IRMAOS MENDES COMBUSTIVEIS LTDA
4661,6bb7b70b8026,POSTO DE GNV SERVAUTO II LTDA
4662,6bbaac5f1fc0,AUTO POSTO PRINCESA D'OESTE LTDA.
4663,6bbdf01e2f28,AUTO POSTO TRES IRMAOS MUCELIN LTDA.
4664,6bc0cc511b13,H DE OLIVEIRA COM. DE COMBUSTIVEL EIRELI
4665,6bc522bcf3fb,CASA AVENIDA COMERCIO DE COMBUSTIVEIS LTDA
4666,6bc55b28d579,AUTO POSTO IMPERADOR DE CAMPO LARGO LTDA
4667,6bc68ba5bff1,AUTO POSTO SOUZA CUNHA LTDA
4668,6bd484758fcc,CENTRO DE SERVICOS FRANGO ASSADO -NORTE LTDA
4669,6be73e53b808,AUTO POSTO PARQUE NOVO MUNDO I LTDA
4670,6be8b0824f1b,AUTO POSTO TEREZA LTDA.
4671,6be922a8bcbf,RPB AUTO POSTO LTDA
4672,6bf747f04abe,AUTO POSTO STELLA MARIS II LTDA EPP
4673,6bfc3deb6609,PRIMAVERA DERIVADOS DE PETROLEO LTDA
4674,6bfff9482e7a,POSTO VOVO FELICIA LTDA.
4675,6c062351caa9,AUTO POSTO SUCESSO LTDA
4676,6c06abd35cf6,COMERCIO DE COMBUSTIVEIS RUBI LTDA
4677,6c18826a4b63,POSTO ICCAR LTDA
4678,6c1898c43000,POSTO DE COMBUSTIVEIS PA LTDA
4679,6c19c4376774,BARRA 3 POSTO DE GASOLINA LTDA
4680,6c28b79e00a6,ROTA DO SOL COMERCIO DE COMBUSTIVEIS LTDA
4681,6c2a1bc97d74,FT COMERCIO DE PETROLEO LTDA
4682,6c355b2b9b06,AUTO POSTO R5 LTDA - ME
4683,6c369cbdeb65,J. M. COMERCIO DE COMBUSTIVEIS LTDA
4684,6c3b1917100f,POSTO DE COMBUSTIVEIS TURMALINA LTDA - ME
4685,6c3cfb91243c,AEROPORTO X AUTO POSTO LTDA
4686,6c3d8d2a23fb,AUTO POSTO EXPEDICIONÁRIO LTDA.
4687,6c3f94174187,ABASTECEDORA DE COMBUSTIVEIS BARAO DO AMAZONAS LTDA
4688,6c46b184f3d5,S. M. COMBUSTIVEIS LTDA.
4689,6c51c73d52be,AUTO POSTO SUPREMO LTDA
4690,6c5582ed93ac,SIM REDE DE POSTOS LTDA
4691,6c5c5dfdd4a8,CENTRO AUTOMOTIVO BP LTDA.
4692,6c6448357077,POSTO PARATI LTDA
4693,6c646e6607a2,PETROGAS COMERCIO DE COMBUSTIVEIS LTDA
4694,6c6a706fa6ba,POSTOS EMAUS COMERCIO E SERVICOS LTDA
4695,6c6fc70da947,SIM REDE DE POSTOS LTDA
4696,6c8ed5d21324,AUTO POSTO SAO BARTOLOMEU COTIA EIRELI
4697,6c8ee3e4f484,AUTO POSTO BRASIL DE TATUI LTDA
4698,6c8f0dea1a23,POSTO SANTA INES MINAS LTDA
4699,6c957458e2b3,AGUIAR PETROLEO E LOCACOES LTDA
4700,6c9975016fb1,AUTO POSTO JARAGUA DE PIRACICABA LTDA
4701,6c9bfe3be8c9,AUTO POSTO DE COMBUSTIVEIS MANGUEIRA LTDA  - ME
4702,6c9f3740c284,ROMEIROS 1 COMERCIO DE  PETROLEO LTDA
4703,6ca3f00ceac0,AUTO POSTO GENE LTDA
4704,6ca7cad133ee,IRMAOS SARAIVA DERIVADOS DE COMBUSTIVEL LTDA
4705,6cab3f1a5a1d,POSTO VIA 10 LTDA.
4706,6caf6c550bb9,NOVA COMERCIO DE COMBUSTIVEIS  LTDA
4707,6cafb70144c2,URBANO COMERCIO DE LUBRIFICANTES LIMITADA
4708,6cb3435d9b3f,GOLD COMERCIO DE COMBUSTIVEIS LTDA
4709,6ccbe1dab615,POSTO LUNASA NOVO MUNDO LTDA
4710,6ccd21070b9a,AUTO POSTO ESTRELA DE AVARE LTDA
4711,6ccd57d2502e,AUTO POSTO PADRE EUSTAQUIO LTDA
4712,6cd691f9b029,AUTO POSTO PREMIUM LTDA.
4713,6cd7cac8d96b,SABRINA GODOIS GABERT EIRELI
4714,6cd7e08f5b3c,AUTO POSTO MAVERICK LTDA
4715,6cdd026c1afc,AUTO POSTO PHENIX LTDA
4716,6ce2e35983eb,AUTO POSTO CANINDE LTDA
4717,6ce527c3914a,AUTO POSTO DIAMANTE DE PIRACICABA LTDA
4718,6ce9b0a728e3,AUTO POSTO CENTRAL UNIAO LTDA
4719,6cf23b2b6468,BRENT PETROLEO LTDA
4720,6cfad54a81ed,AUTO POSTO PORTO LTDA
4721,6cfe4a0c9824,R. T. DE LIMA
4722,6d1768b32070,POSTO DE GASOLINA PEQUENA CRUZADA LTDA
4723,6d185c8f07fd,GUILHERME RIBAS GONCALVES & CIA LTDA
4724,6d1be663a53d,AUTO POSTO TRIBESS LTDA
4725,6d3304250dc6,AUTO POSTO EVOLUTION LTDA
4726,6d3646a7b75a,AUTO POSTO POTENCIA LTDA
4727,6d4a32f443a1,AUTO POSTO ARENA DE ITAPIRA LTDA
4728,6d4f04f2d418,SUDOESTE COMÉRCIO DE COMBUSTÍVEIS & SERVIÇOS LTDA.
4729,6d5655b8372c,AUTO POSTO JARDINS LTDA
4730,6d663e8ee7d0,POSTO ILHA DA MAGIA LTDA
4731,6d690449afe3,POSTO DE GASOLINA DAVI LTDA
4732,6d7776c8e9ba,AUTO POSTO TOLEDO LTDA
4733,6d781208283d,AUTO POSTO VILA MARIANA LTDA
4734,6d896bc33b50,POSTO JASMIM DE FRANCA LTDA
4735,6d8a36015425,POSTO ACACIA LTDA
4736,6d8b031d0fb7,M R R CECILIO MACHADO EIRELI
4737,6d8b5c06308c,AUTO POSTO NOSSA SENHORA APARECIDA LTDA
4738,6d9390222a7c,PARIS AUTO POSTO LTDA
4739,6d96fc9e531e,AUTO POSTO SHANKAR LTDA
4740,6d9b80a62131,AUTO POSTO JARDIM LTDA
4741,6d9bb1fff7f0,AUTO POSTO CALAMA LTDA
4742,6d9bef45f808,SAO VICENTE COMERCIO DE COMBUSTIVEIS LTDA
4743,6da22d8e11dc,AUTO POSTO NOVOS TEMPOS LTDA
4744,6dab99324fec,AUTO POSTO BOA VISTA SAO JOAO LTDA
4745,6db3218a785e,POSTO SANTA CRUZ DA SERRA LTDA - EPP
4746,6db6b13454a9,AVIP - COMERCIO DE PRODUTOS DE PETROLEO LTDA
4747,6dbcd925f7e5,AUTO POSTO 2000 LTDA
4748,6dbe7490db79,POSTO DE GASOLINA STOP SHOP LTDA
4749,6dc0f29fefc5,CARILLI DIAS COMERCIO DE COMBUSTIVEIS LTDA
4750,6dc55d188a09,AUTO POSTO PRINCIPE DE GALES LTDA
4751,6dc61f4d1340,AUTO POSTO ALEXKAR LTDA
4752,6dc762dc60cb,POSTO GRA DUQUESA LTDA
4753,6dc9498ca32d,POSTO DE SERVICOS 2500 LTDA.
4754,6dd0251a465c,AUTO POSTO CHAPADAO BR 153 LTDA
4755,6dd883b0e051,POSTO GT LTDA
4756,6de82c761ff4,POSTO WASHINGTON LUIZ LTDA
4757,6def783fc10c,GONCALES COMERCIO DE COMBUSTIVEIS LTDA.
4758,6df18943b3ca,POSTO DE COMBUSTIVEIS VILA HORIZONTE LTDA
4759,6df9b1a15bc8,RFL JET AUTO POSTO LTDA - EM RECUPERACAO JUDICIAL
4760,6e087d992fc2,AUTO POSTO DE COMBUSTIVEIS ATACADAO LTDA
4761,6e1686728716,CAMPO VERDE COMERCIO DE COMBUSTIVEIS LTDA
4762,6e1811511761,JANETE N. C. ALVES
4763,6e1b7205136b,PIMENTEL & FREIRE COMERCIO DE COMBUSTIVEIS LTDA
4764,6e24461bd170,POSTO DETROIT LTDA
4765,6e3090be2474,CAETANO & PINHEIRO LTDA
4766,6e33c64b4d0c,CS COMERCIO DE DERIVADOS DE PETROLEO LTDA
4767,6e382f178290,D X COMERCIO DE COMBUSTIVEIS E DERIVADOS LTDA
4768,6e408d97437a,CARREFOUR COMERCIO E INDUSTRIA LTDA
4769,6e47609b6133,POSTO VYDIA LTDA
4770,6e551af7e589,AUTO POSTO MACHADO LTDA
4771,6e562a2b8ef3,SIM REDE DE POSTOS LTDA
4772,6e5a1d4b9514,CENTRO AUTOMOTIVO TATUI LTDA
4773,6e5d2ff12d9b,POSTO XODO LTDA
4774,6e676d700012,AUTO POSTO AZZOLINI NETO LTDA
4775,6e69d26a78b9,AUTO POSTO IRMAOS LTDA
4776,6e6a518649b0,V. MACHADO & CIA LTDA
4777,6e6b8c651c9f,POSTO TREVO DE SAO JOSE LTDA
4778,6e6e7991bd0f,AUTO POSTO J. K. PRESIDENTE PRUDENTE LTDA.
4779,6e7a6193bec3,GALDINO COMERCIO DE COMBUSTIVEIS E LUBRIFICANTES LTDA
4780,6e7a97eb9873,IPE ECO POSTO LTDA
4781,6e7ac813e311,COMERCIO DE COMBUSTIVEIS NEVOEIRO LTDA
4782,6e7b7724ea82,AUTO POSTO SANTA RITA LEME LTDA
4783,6e80009bcd74,GEMA AUTO POSTO LTDA
4784,6e805cb16a59,AUTO POSTO SOUZA & OLIVEIRA LTDA
4785,6e89bea51572,AUTO POSTO ESPLANADA DE INDAIA LTDA
4786,6e9842d562bc,POSTO DE SERVICOS RIO BRANCO ITAPETININGA LTDA
4787,6e9b9a59c370,POSTO BRASIL LTDA
4788,6eab2ad7319e,POSTO DE ABASTECIMENTO TRERIENSE LTDA
4789,6eb013cc2219,POSTO DE COMBUSTIVEIS CONQUISTA LTDA
4790,6eb207b62a65,COMERCIAL COMBUSTIVEIS JCS LTDA
4791,6ec566af83bf,MP POSTOS E LOGISTICA LTDA
4792,6ecbfe614317,POSTO MEDITERRÂNEO LTDA.
4793,6ecdb2f65809,AUTO POSTO HANNAH EXPRESS LTDA
4794,6ed1547455d9,COMERCIO DE PETROLEO SAO LUCAS LTDA
4795,6ed41966c704,AUTO POSTO MAR VIRADO LTDA
4796,6edb08b1eddb,POSTO DE COMBUSTIVEL 3 IRMAOS LTDA
4797,6ee23e7127ed,COMERCIO DE COMBUSTIVEIS FLAMBOYANT EIRELI
4798,6ee8b9a117d5,AUTO POSTO PISCA PISCA LTDA
4799,6eed67fba263,POSTO DE GASOLINA 6 DE MAIO LTDA
4800,6ef419d7ed42,POSTO EVEREST DE RIBEIRAO PRETO LTDA
4801,6ef6374758b4,ROTA PROTASIO COMBUSTIVEIS LTDA
4802,6efe81fa22c2,POSTO DE COMBUSTIVEL EL SHADAI LTDA - EPP
4803,6f004dabac4a,POSTO CALIFORNIA HK LTDA
4804,6f090882002f,POSTO PRACA MARABA COMERCIO DE COMBUSTIVEIS LTDA
4805,6f0a82c44915,POSTO DE SERVICOS 2Z LTDA.
4806,6f1d60194cde,POSTO RODA BRANCA LTDA
4807,6f1ecc60c95f,SUDOESTE COMÉRCIO DE COMBUSTÍVEIS & SERVIÇOS LTDA.
4808,6f233ff25725,POSTO ALTERNATIVA DE COMBUSTIVEL E SERVICO LTDA
4809,6f379af30435,RECANTO DA GLORIA - COMERCIO VAREJISTA DE COMBUSTIVEIS LTDA
4810,6f3b8b540ccc,CENTRO AUTOMOTIVO CHACARA FLORA LTDA
4811,6f4a2334ae79,POSTO MAIS SAO LUIS LTDA
4812,6f4b51e238c0,AUTO POSTO J N DE ITAPIRA LTDA - ME
4813,6f4f2d2c4f34,AUTO POSTO ZETA LTDA.
4814,6f58eb81054f,AUTO POSTO DIAMANTE SOROCABA LTDA
4815,6f5a93e72cf8,A. P. FACCIO & CIA LTDA
4816,6f6158b58fae,EGIO NERI LIBERATO EIRELI - EPP
4817,6f6279e2fa0e,AUTO POSTO VIVA SANTANA LTDA
4818,6f685a9d46a4,NKC COMERCIO DE COMBUSTIVEIS LTDA
4819,6f68d37e7a42,AUTO POSTO GOIANAO LTDA
4820,6f69c6303dc5,COMERCIAL RALORI LTDA
4821,6f6a2d383ee7,AVILA E MASSUDA PRODUTOS DE PETROLEO LTDA
4822,6f723ac2ddb3,C. BARROS CASTRO & CIA LTDA.
4823,6f7db021e7c0,AUTO POSTO BENVENUTO LTDA
4824,6f88398486a5,AUTO POSTO MERCADO LTDA
4825,6f8b61c9b61d,ORGANIZACAO COMERCIAL GUIMARAES LTDA
4826,6f9d1b3dd949,AUTO POSTO PRESIDENTE LTDA
4827,6f9e5c26bbe3,PFLUG COMERCIO DE COMBUSTIVEIS EIRELI
4828,6fa6ffbbb865,AUTO POSTO M S M LTDA
4829,6fa7fc98a15e,AUTO POSTO CINCO ESTRELAS LTDA
4830,6fac9da43239,AUTO POSTO VILA RICA - SAO CRISTOVAO LTDA
4831,6fae918e7cf0,EDSON MAURO OSTER
4832,6faf6e95e3f6,QUALITY COMERCIO DE COMBUSTIVEIS LTDA
4833,6fb0a6fd9b10,PAPAGAIO COMERCIO DE DERIVADOS DE PETROLEO LTDA
4834,6fc9341a6d1a,IMPERIAL - COMERCIO VAREJISTA DE COMBUSTIVEIS LTDA
4835,6fd15add8603,POSTO DE SERVICOS NOVO CHAPADAO LTDA
4836,6fd1b065f0c1,ABASTECEDORA DE COMBUSTIVEIS RIOXEL LTDA
4837,6fdd4dfecea3,POSTO Z24 LTDA
4838,6fe4c13a95e8,AUTO POSTO K S LTDA
4839,6fe53e90d8d3,AUTO POSTO STAR LTDA
4840,6fe95306ccd3,POSTO DECK FIUSA LTDA
4841,6fea41d3d42e,FENNER & CIA LTDA
4842,6fec0cb8536b,COMERCIO DE COMBUSTIVEIS E LUBRIFICANTES SANTA MONICA LTDA.
4843,6fee45773ac3,AUTO POSTO SANTA HELENA DE SUZANO LTDA
4844,6ff05af06ca9,COMERCIAL BUFFON COMBUSTIVEIS E TRANSPORTES LIMITADA
4845,6ff9ffb9cfcf,MAXI POSTO IX LTDA
4846,6ffd8daa06be,POSTO SUMMER DERIVADOS DE PETROLEO LTDA
4847,6fff61be2ef8,BELLAS & BARCELOS LTDA
4848,7004dab594b1,GONTIJO COMERCIO DE COMBUSTIVEIS LTDA
4849,700572ed6c42,MAIRINK E RAMOS COMBUSTIVEIS LTDA
4850,700a8ef15698,ABASTECEDORA DE COMBUSTIVEIS RIOXEL LTDA
4851,701d601ebd18,ALTERNATO COMERCIO DE COMBUSTIVEIS LTDA
4852,701e198e273c,POSTO JARDIM EUROPA DE PAULINIA LTDA
4853,701f5df17f09,AUTO POSTO TALISMA VILA JAGUARA LTDA.
4854,70234de24d59,"LAMONATO, POZZA & CIA LTDA"
4855,7024c2491399,MENESES & MANGIOLARDO AUTO POSTO LTDA
4856,702509e3e554,POSTO CAPRI COMERCIO DE PETROLEO LTDA
4857,702b5d917523,LAGUNA AUTO POSTO LTDA
4858,7030d62456c5,C S M COMERCIO DERIVADOS DE PETROLEO LTDA
4859,70314f7ebe66,POSTO DE COMBUSTIVEIS RODOVIARIA LTDA.
4860,7034dbd87010,VIDOTTO & MOLINA LTDA
4861,703f0464580f,AUTO POSTO E CONVENIENCIA SP 12 LTDA
4862,704186a67728,AUTO POSTO ESTACAO LTDA
4863,7041aa1d12a5,RODOPOSTO BANDEIRANTES 81 LTDA
4864,704397ffd36f,SAN-HELL AUTO POSTO LTDA.
4865,7043d2bc887a,CARREFOUR COMERCIO E INDUSTRIA LTDA
4866,7048b738d3e7,AUTO POSTO VIA MINAS LTDA
4867,704ab79f7158,SCHIAVON - CENTRO AUTOMOTIVO LTDA
4868,704acae652db,W. NUNES BISSOLI EIRELI
4869,70501a6c48d9,YUKI COMERCIO DE COMBUSTIVEIS LTDA
4870,7052c17e4951,AUTO POSTO SAPOPETRO LTDA
4871,7053a71d6c74,BRITTO E PENA LTDA
4872,70606338fe40,COMERCIO VAREJISTA DE COMBUSTIVEIS PARAISO DE BARUERI LTDA
4873,70610b7a3457,AP MAGALHAES & CIA LTDA
4874,706a4b252b61,POSTO DE SERVICOS EL AMAN LTDA
4875,706fea487315,POSTO AZEREDO ELGO LTDA
4876,7079b6c10926,POSTO XAMA LTDA
4877,707ec831737c,AMERICANO COMERCIO DE COMBUSTIVEIS LTDA
4878,7080e00109f6,NOSSO POSTO DE GASOLINA SUBURBANO LTDA
4879,70834b2fcac6,JANETE N. C. ALVES
4880,70844e420a6d,AUTO POSTO TAMOIOS LTDA
4881,708a5aca1103,POSTO DE GASOLINA EVORA DE SAO MATEUS EIRELI
4882,708e15f3b7ea,HAVAN AUTO CENTER LTDA
4883,709f34bf908d,AUTO POSTO CASTELINHO LTDA
4884,70a199cec1fc,Z N COMÉRCIO LTDA
4885,70a2170dcadc,POSTO DE GASOLINA BOA VIAGEM DE FRIBURGO LTDA
4886,70aab0da510f,ALIANCA COMERCIO DE COMBUSTIVEL LTDA
4887,70b113444386,AUTO POSTO SANTA MARTA DE ITAPIRA LTDA.
4888,70b14c2db159,POSTOS GALEGO BARROS LTDA
4889,70b30aebb63b,AMERICANO COMERCIO DE COMBUSTIVEIS LTDA
4890,70bb92bde1a8,OCEAN POSTO EIRELI
4891,70bd777bc622,AUTO POSTO DOIS TREVOS LTDA
4892,70be7cf1e73c,MARQUINHO COMBUSTIVEIS E SERVICOS LTDA
4893,70c562940531,AUTO POSTO MONTECASEROS LTDA
4894,70c7e804ba5b,POSTO JARDIM DA CIDADE LTDA
4895,70cb9952e920,COCKPIT DOIS - AUTO POSTO LTDA.
4896,70d63ee94e04,ORGANIZACAO HILDEBRANDOS LTDA
4897,70d6636bb084,POSTO INTERPLANETARIO LTDA
4898,70e1820464c5,AUTO POSTO EXPRESS DE VALINHOS LTDA
4899,70eaa2ebb923,POSTO CAPRI COMERCIO DE PETROLEO LTDA
4900,70ef5eb77cba,PLANALTO PETROLEO ESTAIADA LTDA
4901,70f18e100930,AUTO POSTO PARQUE DA JUVENTUDE LTDA
4902,71052a116132,COMERCIO DE COMBUSTÍVEIS VIEIRA LTDA - EPP
4903,710b0a93daec,CENTRO DE SERVICOS FRANGO ASSADO -NORTE LTDA
4904,710b62adcf8c,CENTRO AUTOMOTIVO VIAMAR LTDA
4905,71164820c3f9,AUTO POSTO IRMAOS BENTO LTDA
4906,7116803a961a,POSTO DE COMBUSTIVEIS MALHEIROS EIRELI
4907,7119db95b9e5,SM COMERCIAL DE DERIVADOS DE PETROLEO LTDA
4908,7126dd6cffa0,POSTO BEIRA RIO LTDA
4909,7129cd4f4c77,TRIBUS COMERCIO DE COMBUSTVEIS LTDA.
4910,712a397bc7ed,AUTO POSTO PAULISTA DA COLINA LTDA
4911,712ab6b83ab9,C. P. S. COMERCIO DE COMBUSTIVEIS LTDA
4912,7133003a9ab1,POSTO EVEREST I LTDA
4913,71371e7d03af,AUTO POSTO ECCELLENZA LTDA
4914,7137c6aa6e4f,AUTO POSTO SUZAN PETRO LTDA
4915,713915d57961,JANIOPOLIS AUTO POSTO LTDA
4916,713d7d86a59e,DELEVATI CHIQUIN & BALSAN LTDA
4917,714e83c344b5,AUTO POSTO BR 116 LTDA
4918,7155140681ab,POSTO SAO JUDAS TADEU DO RETIRO LTDA
4919,715c3fcf3a89,POSTO ABASTECE RIO CLARO LTDA.
4920,715c453b2569,POSTO DE COMBUSTIVEIS PARADA 40 LTDA
4921,715d3857ad39,SPEED II POSTO DE SERVICOS E CONVENIENCIAS LTDA
4922,7160fc1c2622,POSTO GAVEA DE FRANCA LTDA
4923,716c1a655499,CALIFORNIA PETROLEO LTDA
4924,717310156d88,EMPRESA DE COMBUSTIVEL SAO CRISTOVAO II LTDA
4925,718cc3b2cc50,REDE FURNAS COMERCIO DE COMBUSTIVEIS LTDA
4926,7197984a10d2,AUTO POSTO AVENIDA ESMERALDA LTDA
4927,719b83bc85bc,SERVIÇOS AUTOMOTIVOS PEDRODAVI LTDA.
4928,71a20481f94a,CASCOL COMBUSTIVEIS PARA VEICULOS LTDA
4929,71b517198672,AUTO POSTO ROMAO LTDA.
4930,71b6d0acbac6,CENTRO AUTOMOTIVO ELOS DE OURO LTDA.
4931,71c11c38e239,AUTO POSTO MORUMBI SAO CARLOS LTDA
4932,71c3589dc7b0,AUTO POSTO LEAO DA ALDEIA LTDA
4933,71cb0c062679,AUTO POSTO BIAZOTO FORLEVIZE LTDA.
4934,71cebb6bb0d5,AUTO POSTO DARE LTDA
4935,71d2fe94ba65,POSTO CIDADE NOVA LIMITADA
4936,71dd8fc59724,AUTO POSTO OURO PRETO LTDA
4937,71e14c02ac46,HIROCHI E MILEINE KITAGAWA OLIMPIA LTDA
4938,71e5380443f3,AUTO POSTO PAIQUERE LTDA
4939,71eff9789f2a,AUTO POSTO CAZELLATO LTDA
4940,71f96ab32fb7,POSTO K-9 LTDA
4941,72022a3083cf,AUTO POSTO AGUIA DOURADA LTDA
4942,720f1a9b6716,AUTO POSTO LOMBARDIA DI ITALIA LTDA
4943,72198c9d07a7,AUTO POSTO MERCADAO DE OURINHOS LTDA
4944,72231bffd980,AUTO POSTO NOVA SAO JOAO III LTDA
4945,72286012ed74,AUTO POSTO MARANELO II LTDA
4946,722eedbedf3a,POSTO DE GASOLINA SIRIQUISAMBA LTDA.
4947,723c29d7133e,J. A. COMBUSTIVEIS LTDA
4948,7242d479df18,AUTO POSTO FRANGO JAPA LTDA - EPP
4949,7244a14a16d2,AUTO POSTO HK BEACH LTDA
4950,724cc3163410,ITAMARATHY AUTO POSTO E ACESSORIOS LTDA
4951,724d93fe8f89,SERVICAR S/A
4952,7253b85ca360,AUTO POSTO TOA TOA LTDA
4953,725597820d7b,CABANGA COMERCIO E DERIVADOS DE PETROLEO LTDA
4954,725693b84b5b,DALILA DERIVADOS DE PETROLEO LTDA
4955,72596dc83e7b,AUTO POSTO FERRARI LTDA
4956,725dc5d5d379,POSTO ICCAR LTDA
4957,725f3e842975,EAP POSTOS DE COMBUSTIVEIS LTDA
4958,7260e5bca7dc,COMERCIAL SALQUER LIMITADA
4959,7261738a56ad,AUTO POSTO RIO VERDE LTDA
4960,7271a40377c9,AUTO POSTO CHACARA DO VOVO LTDA
4961,727390248316,UNIAO COMERCIO DE COMBUSTIVEL LTDA.
4962,727c09f56df3,AUTO POSTO PICARRAO LTDA
4963,727de3a62d63,POSTO MAIS SAO JOAQUIM LTDA
4964,7280b5bfd3ab,POSTO UCHOA MAXXI LTDA
4965,7298da02d8ad,POSTO CURADAO LTDA - ME
4966,729e3cacf031,AUTO POSTO MARQUES E ALMEIDA LTDA - EPP
4967,72a8ebe53038,CASCOL COMBUSTIVEIS PARA VEICULOS LTDA
4968,72aa411dc1cf,AUTO POSTO MUFFATO LTDA
4969,72ae28b394e9,KG COMERCIO E COMBUSTIVEIS LTDA
4970,72b1d22c7da7,AUTO POSTO IRMÃOS MENDES LTDA
4971,72b28b8a779d,POSTO MINAS GERAIS LTDA
4972,72b4e7ccc576,AUTO POSTO MVII LTDA
4973,72b9c5f64626,ÓPERA ENERGY POSTO PARNAMIRIM LTDA
4974,72bc92886aed,POSTO PASSOS & MONTEIRO LTDA
4975,72bd6d9ec2b4,EXCELLENT AUTO POSTO LTDA
4976,72d12fc9b807,M. T. PIANOWSKI & CIA LTDA
4977,72de3807eabc,MADSON COMERCIO DE COMBUSTIVEIS E PRODUTOS ALIMENTICIOS LTDA
4978,72e992aad8d0,POSTO JAPIIM COMERCIO VAREJISTA DE COMBUSTIVEIS LTDA
4979,72ead7275336,POSTO PETROTURBO LTDA
4980,72f20a7449ee,AUTO POSTO E COMERCIO DAROLT LTDA
4981,7302d8503f73,PETRONIO COMBUSTIVEIS LTDA
4982,7303f09b56aa,BONATTO & BONATTO LTDA
4983,7303fae0fb61,THIAGO MILLER DE MACEDO SANTOS & CIA LTDA
4984,7304415add51,BAJ-COMERCIAL VAREJISTA DE COMBUSTÍVEIS LTDA.
4985,7304617ed25e,POSTO DO PORTO LTDA
4986,7304f86a9e05,POSTO SONHO MEU LTDA
4987,7309d533a180,POSTO DE COMBUSTIVEIS COSTA DO SOL LTDA - EPP
4988,730faf544386,AUTO POSTO ARINELLA CENTRO LTDA
4989,7310e5117b2c,POSTO BOA VISTA MINEIROS LTDA
4990,731a000a37bc,AUTO POSTO ALMIRANTE LTDA
4991,73227251767f,POSTO SANTA TEREZA LTDA
4992,732697f71ed2,POSTO ESTADIO LTDA
4993,73285b0df8ad,AUTO POSTO E SERVICOS KAUE LTDA
4994,732a6807c3ed,TUPA COMERCIO DE COMBUSTIVEIS EIRELI
4995,732eefc4624c,O F DA SILVA JUNIOR
4996,732f1c5f77bd,AUTO POSTO SHOPPING AGUAPEI LTDA
4997,732f29a35c3d,DIVISA AUTO POSTO LTDA
4998,732fac9d3bf4,IPI CENTER LTDA
4999,733240cc5f4e,POSTO SHOPPING  S  T  LTDA
5000,73337cb4fff0,GS COMERCIO DE COMBUSTIVEIS E LUBRIFICANTES LTDA - EPP
5001,733864f5d7f4,AUTO POSTO PETRO-NUNO LTDA.
5002,733c025c55b3,POSTO ATENAS LTDA
5003,733dd77903df,AUTO POSTO MOREIRA LTDA
5004,7347e33eacff,SUENIA CABRAL NOBREGA
5005,73573fae13ee,POSTO VIMOM LTDA
5006,735d751e31d5,AUTO POSTO RECANTO DAS PALMEIRAS LTDA
5007,735f65e58595,AUTO POSTO BARATEIRO LTDA
5008,736713a36d89,POSTO PE LIBERIO LTDA
5009,736749857091,SANTO AGOSTINHO COMERCIO VAREJISTA DE COMBUSTIVEIS LTDA
5010,73683b3a5fb8,POSTO SAO BERNARDO LTDA
5011,736d1131370c,AUTO POSTO BRABANCIA DE AVARE LTDA
5012,737104d068b7,COMERCIO DE COMBUSTIVEIS URGNANI LTDA
5013,7371c0861d6f,POSTO OURO PRETO LTDA
5014,7373724dcb15,H S C PEREIRA
5015,7373b69c0a01,POSTO PETROTURBO LTDA
5016,7376a5a98a80,ABASTECA COMERCIO DE COMBUSTIVEIS LTDA
5017,737962281f4b,H. N. AUTO POSTO LTDA
5018,737f5032791f,POSTO NEOVILLE LTDA
5019,7380f0ee9fbc,BOSQUE DA SAUDE COMERCIO DE COMBUSTIVEIS LTDA
5020,738716c2ec1d,ATLANTIS AUTO POSTO DE SERVICOS LEME LTDA
5021,73978f21e214,MARTINS & CIA LTDA
5022,73a197e697cf,AUTO POSTO MODELO DE JABOTICABAL LTDA.
5023,73affe3283ee,MAGNUM AUTO POSTO LTDA
5024,73b0d40888a4,POSTO COMBUSTIVEIS E SERVICOS OURO NEGRO LTDA
5025,73b5ffa5ee75,AUTO POSTO FORENE LTDA
5026,73b62672659f,MARIO ROBERTO COMERCIO DE COMBUSTIVEIS LTDA
5027,73ba5d8c9509,AUTO POSTO BRAGANCA COMERCIO DE DERIVADOS DE PETROLEO LTDA
5028,73bda7765545,AUTO POSTO DIOGO & SILVA LTDA.
5029,73c114b9d050,AUTO POSTO FERROVIA EIRELI
5030,73cf726d16cf,SIM REDE DE POSTOS LTDA
5031,73d6973aae12,PENINHA AUTO POSTO LTDA
5032,73da9d943e53,AUTO POSTO ROMEIROS 5 LTDA
5033,73dc39ad7cc1,AUTO POSTO PANDA LTDA
5034,73e6235c0761,AUTO POSTO MKM LTDA.
5035,73e743eaed5e,GAMA E CIA LTDA
5036,73e833a7b86c,AUTO POSTO POROROCA XV LTDA
5037,73e9b9ece47f,POSTO DE GASOLINA FHC LTDA
5038,73ea2ac87bd6,AUTO POSTO SHOPPING LTDA
5039,73ed4a72e2f5,CLARA AUTO POSTO LTDA
5040,73f5dac83774,AUTO POSTO EDU CHAVES LTDA
5041,73f9dcb3cc08,FREIRE & FREIRE LTDA
5042,73fa8a228306,ABASTECEDORA DE COMBUSTIVEIS DO PARQUE LTDA
5043,73fb470a4749,VIP AUTO POSTO DE MOGI LTDA
5044,74014a440d7b,POSTO DE ABASTECIMENTO HC LTDA.
5045,74072c538cf1,POSTO DE ABASTECIMENTO GALLENA LAGOA LTDA.
5046,7430f3c21d57,POSTO EL TORO COMERCIO DE COMBUSTIVEIS LTDA
5047,743bbdb58710,SUPER POSTO 5 ESTRELAS LTDA
5048,743bd4ea9c08,POSTO DE PETROLEO E ETANOL UNIVERSITARIO LTDA
5049,744312364b22,P LIMA COMBUSTIVEIS LTDA
5050,744a18fbcbff,AUTO POSTO ABEL LTDA
5051,7456b349c0c8,AUTO POSTO TREVAO DE VOTUPORANGA LTDA
5052,745b0df862d9,CAUIPE REVENDEDORA DE PETROLEO LTDA
5053,745ff2a9cf89,AUTO POSTO PRUDENTE LTDA
5054,746b522c2364,"AUTO POSTO GASCROMA COMERCIO DE COMBUSTIVEIS, LUBRIFICANTES E SERVICOS LTDA"
5055,746f6ff403eb,AUTO POSTO KARYANE LTDA
5056,74777b71b732,AUTO POSTO SENA LTDA
5057,747bf8245b1b,MJR COMERCIO DE COMBUSTIVEIS LTDA.
5058,747e9dee2b3c,POSTO MALHACAO LTDA
5059,7487f34edbe0,MIMIM COMERCIO DE COMBUSTIVEIS LTDA
5060,7488d1623d17,CENCOSUD BRASIL COMERCIAL LTDA.
5061,7497eb7376ae,POSTO DE SERVICOS NATALIA LTDA
5062,74a3c8693743,BECAR PETROLEO LTDA
5063,74a8c6ca275d,VM RODRIGUES COMBUSTIVEIS LTDA
5064,74ad63d312d8,J. L. OLIVEIRA & BARROS LTDA
5065,74b391fa3a78,RICARDO BONAMIGO TONIAL LTDA
5066,74b7b373b110,POSTO GAMELEIRA LTDA
5067,74c0895d2f72,AUTO POSTO VILA ROSA LTDA
5068,74c4bd82b81d,POSTO NOVO FORUM DE SERTAOZINHO LTDA
5069,74c6d509ab83,FRED ROSALEM HELIODORO
5070,74cb45048200,AUTO POSTO MOCOQUINHA EIRELI
5071,74e52fadb8cd,DMA DISTRIBUIDORA S/A
5072,74e587280f8f,POSTO MARIA DO CARMO LTDA
5073,74ebe0cd93ae,POSTO 3000 LTDA
5074,74f5b3cdea1c,COOPDIESEL-COOPERATIVA DE PESSOAS FISICAS E JURIDICAS NO SEGMENTO DE TRANSPORTES EM GERAL
5075,74f99c05a94c,AUTO POSTO LAR DOS MENINOS LTDA
5076,74fc03aa1861,SKY AUTO POSTO LTDA
5077,74fc7178db61,COMBUSTIVEIS VOTORANTIM CRISTAL LTDA
5078,75028cef087c,TDI COMERCIO DE COMBUSTIVEIS E SERVICOS LTDA
5079,7505c8101504,SCALEZ - COMERCIO DE DERIVADOS DE PETROLEO LTDA
5080,750a81bfe162,GASMIX ALCANTARA POSTO DE GASOLINA LTDA
5081,75101fad496b,AUTO POSTO DE COMBUSTIVEL GRIGORIO LTDA
5082,75116cfb5db1,AUTO POSTO GARATEIA DE MOGI GUACU LTDA
5083,75191f8538b0,REDE DE POSTOS AUTO POSTO CENTER LTDA
5084,751f195abbf4,AUTO POSTO VILLAGE MALL LTDA
5085,7522de565927,MEXICO AUTO POSTO LTDA
5086,752a9ea5cad6,RODOVIA AUTO POSTO LTDA
5087,752b62cc3ac3,POSTO CEILANDIA LTDA
5088,752c930ed56f,POSTO Z11 LTDA
5089,753a20cacc0b,POSTO SD LTDA
5090,753d4bb15c68,AUTO POSTO GIRASSOL LTDA
5091,753e313fe061,JARDIM TORINO - COMERCIO VAREJISTA DE COMBUSTIVEIS LTDA
5092,753f2dd3b8ae,AUTO POSTO CENTRO OESTE LTDA
5093,7541b2a61aee,AUTO POSTO MONT BLANC LTDA
5094,7544ee658cbf,AUTO POSTO CORDOVIL LTDA.
5095,75481a8724fd,PB COMÉRCIO DE COMBUSTIVEL PARA VEICULOS AUTOMOTORES LTDA - EPP
5096,754b359e6dc9,AUTO POSTO MIRALDO EIRELI
5097,7550edb45efd,CENTRO AUTOMOTIVO RIVIERA ITATIBA LTDA.
5098,755512b9aae8,VISUAL AUTO POSTO LTDA.
5099,755547c63f36,JAPAO AUTO POSTO DE IBITINGA LTDA
5100,755beb2dffdf,ESTORIL COMERCIO DE COMBUSTIVEIS E DERIVADOS DE PETROLEO LTDA - ME
5101,756937650589,AUTO POSTO UNIVERSITARIO LTDA
5102,756a9b67b1af,AUTO POSTO IPIRANGA LTDA
5103,756e392b138d,REDE DOM PEDRO DE POSTOS LTDA.
5104,757526dc6652,POSTO VIAFOR LTDA
5105,75762cd4264b,BEGNINI COMERCIO DE COMBUSTIVEIS LTDA
5106,7579333a9e08,ABASTECEDORA MANIA LTDA
5107,7584bd997ced,SIM REDE DE POSTOS LTDA
5108,758955afbcba,AMA COMERCIO DE COMBUSTIVEIS LTDA
5109,7589de8c85be,POSTO ITAMARATI - MARCOPOLO LTDA.
5110,758c4c0a24d7,ORGANIZACOES GUALBERTO LTDA
5111,7591af7c3f94,AUTO POSTO VOLPATO LTDA.
5112,759499623e9d,DACOL & CORREA COMERCIO DE COMBUSTIVEIS LTDA
5113,7599ba7f3832,PAPA 5 SERVICOS AUTOMOTIVOS LTDA
5114,759d78c63ec6,COMERCIAL DE COMBUSTIVEIS ALPHAPOLLO LTDA
5115,75a0d5472a48,RL PETROLEO LTDA
5116,75a2f9a6daf7,AUTO POSTO LUCENA LTDA
5117,75a44e8ff059,MC COMERCIO DERIVADOS DE PETROLEO LTDA
5118,75ae04616ae8,COMERCIO DE COMBUSTIVEIS NEVOEIRO LTDA
5119,75b1b5701eae,AUTO POSTO AVENIDA CAPITÃO LTDA - EPP
5120,75bec21c32a7,HD PETROLEO MARANHAO LTDA
5121,75c218380a86,AUTO POSTO VOTOSETE LTDA.
5122,75c65131c2c7,AUTOPOSTO CHACRINHA DE VALENCA LTDA.
5123,75c662ad4a4a,AUTO POSTO FLIX LTDA.
5124,75d186f20ead,AUTO POSTO BR PASSO FUNDO LTDA
5125,75d6414c06c8,AUTO POSTO PATMOS LTDA
5126,75d740e0de01,G M RANGEL COMBUSTIVEIS LTDA
5127,75d79174f1c7,AUTO POSTO 22 DE AGOSTO ARARAQUARA LTDA
5128,75dcfca6634d,AUTO POSTO RODRIGUES LTDA
5129,75e1e727473e,POSTO E CONVENIENCIA DE CANOAS LTDA
5130,75e692b36a12,POSTOS APM LTDA.
5131,75e9141a2a81,AUTO POSTO CINCO ESTRELAS LTDA
5132,75fad32b1e82,L S COMERCIO E SERVICOS LTDA
5133,76025e0d48ce,AUTO POSTO HANNAH PRAIA LTDA
5134,7611d632a67e,PEREIRA COMERCIO DE COMBUSTIVEIS LTDA
5135,761b0a2ebcde,COMERCIAL DE COMBUSTÍVEIS APOLLO PIRACICABA LTDA.
5136,761d39be6eae,M.N. COMERCIO DE DERIVADOS DE PETROLEO OURINHOS LTDA
5137,763407dbf16d,POSTO PARAVIS LTDA
5138,763745e73b2b,NOBREGA COMBUSTIVEIS LIMITADA
5139,7638b63ef77e,ASTRO SUL POSTO DE COMBUSTIVEIS LTDA
5140,763e9d05b7ea,POSTO SERRA AZUL DE RESENDE LTDA - EPP
5141,7659473255b8,EVANDRO COMERCIO DE COMBUSTIVEIS LTDA
5142,76676e87ee97,M & P COMERCIO DE COMBUSTIVEIS LTDA
5143,76697c2fd8af,CATALUNYA AUTO SERVICO LTDA
5144,767e76e0046b,POSTO 22 COMERCIO DE COMBUSTIVEIS LTDA
5145,7686f9fbab3d,ABREU FLORES & PEREIRA LTDA
5146,7689c3bc94e1,AUTO POSTO MOURA LTDA
5147,768c19f90132,GRAZIELY ALMEIDA EVANGELISTA & CIA LTDA
5148,768d428cf583,AUTO POSTO GIGI LTDA
5149,768df957849e,HD PETROLEO USINA LTDA
5150,768fe0c473b4,AUTO POSTO CRIMEIA LTDA
5151,769050e1d434,PIPEL-PICOS PETROLEO LTDA
5152,76a8a8fa16be,AUTO POSTO LIDER PAULINIA LTDA
5153,76ac6852db4e,POSTO BARRA SETE LTDA.
5154,76b46be09fa8,ALCIDES DOS REIS PINHEIRO
5155,76b7e9ca36f7,POSTO ATLANTICO SUL LTDA
5156,76bc97dd7a61,AUTO POSTO DAS LAJES LTDA
5157,76c3c94a21aa,POSTO LUAR DO SERTAO V LTDA
5158,76c779bfe10d,COMERCIO E DISTRIBUICAO SALES LTDA
5159,76cc67b5fee7,AUTO POSTO BRUCUTU LTDA
5160,76d011d427d0,POSTO CIDADE CRICIUMA - COMERCIO DE COMBUSTIVEIS LTDA
5161,76d5acf40b01,CASCOL COMBUSTIVEIS PARA VEICULOS LTDA
5162,76e07e3af6c0,REDE GAS MINAS LTDA
5163,76fc0eb6f4e5,AUTO POSTO SETE LTDA
5164,76fc498b13f9,POSTO OLINDA LTDA
5165,77004a6702eb,POSTO NACOES UNIDAS LTDA
5166,77046f744daf,AUTO POSTO ESTADO DE SAO PAULO LTDA
5167,7704883e3107,LADEIRA COMERCIO DE COMBUSTIVEIS LTDA
5168,770c4c9e3993,GP PETROLEO COMERCIO DE COMBUSTIVEIS LTDA
5169,770f3ff69cd9,BORGES DAHER COMERCIO DE DERIVADOS DE PETROLEO LTDA
5170,771b86b5cb84,GBI COMBUSTIVEIS LTDA.
5171,7720f6760c7f,POSTO DE GASOLINA GASOAL LTDA
5172,77224f93bd63,AUTO POSTO ORLEANS LTDA
5173,7731a7328eec,VEGAS AUTO POSTO VEGAS LTDA
5174,7731f9a0ec34,AUTO POSTO MARINA LTDA
5175,773c5ff05711,F 1 AUTO POSTO LTDA
5176,7748041d118e,AUTO POSTO CONFIANCA DE NOVA IGUACU EIRELI
5177,774853cb64af,POSTO LAWANDA LTDA
5178,774ddee0c132,AUTO POSTO VO CLOVIS LTDA
5179,774fb3499279,POSTO BARREIROS LTDA
5180,77693fcc1043,ITACOLOMI COMÉRCIO LTDA.
5181,7773830ee4a8,R. DE F. BORGES FILHO LTDA
5182,77759ff75b5c,AUTO POSTO HILGEMBERG LTDA
5183,77823721afd1,MIRIAN EMPORIO AUTO POSTO LTDA
5184,77891ecdd8cb,AUTO POSTO TIGRAO LTDA
5185,778aa33e232d,AUTO POSTO TARUMA LTDA
5186,778beef9eac0,ARENA PETROLEO REVENDA DE COMBUSTIVEIS LTDA
5187,779af8e55965,POSTO NOEL E RAIMUNDA COMERCIO VAREJISTA DE COMBUSTIVEIS E LUBRIFICANTES LTDA
5188,779ce07e8246,SOCIEDADE COMERCIAL MERCOLUB LTDA
5189,77a1752e5709,ZE TROVAO COMERCIO DE COMBUSTIVEIS LTDA
5190,77a201700898,ZANGAO SERVICOS AUTOMOTIVOS LTDA
5191,77a481501324,AUTO POSTO MATO GROSSO LTDA
5192,77a77cdd8ec6,I G BEZERRA SOUSA COMBUSTIVEIS LTDA
5193,77a9909333fe,PETROPORTO AUTO POSTO LTDA
5194,77c8814b056a,COMERCIAL HEMAVI LTDA
5195,77d54752d0a1,DERIVADOS DE PETROLEO EUROPA LTDA
5196,77d5610fc5d6,COMERCIO DE COMBUSTIVEIS E LUBRIFICANTES PERIZZOLO LTDA
5197,77e247291295,AUTO POSTO CASTELO LTDA
5198,77ed161205f6,T. C. DE VASCONCELOS & CIA LTDA
5199,77f9e709962d,POSTO SANSIRO LTDA
5200,77fda257411f,POSTO BARAO VPP LTDA
5201,7802b0d0ed59,MUCURIPE COMERCIO DE COMBUSTIVEIS LTDA
5202,7814c2ec8119,COMERCIO DE COMBUSTIVEIS NEVOEIRO LTDA
5203,781da02ac9c6,COMERCIAL BUFFON COMBUSTIVEIS E TRANSPORTES LIMITADA
5204,7824596c8c60,POSTO DE SERVICO VOTORANTINENSE LTDA
5205,782703d0377b,POSTO ARAGUAIA LTDA
5206,782df573b728,AUTO POSTO ITANHAEM LTDA
5207,78325a8f03a9,FELIX COMBUSTÍVEIS BELO JARDIM LTDA.
5208,7835a972e183,HD PETROLEO URUGUAI LTDA
5209,783ea5ed76fb,AUTO POSTO GENE LTDA
5210,7843eb0635de,ABASTECEDORA DE COMBUSTIVEIS CONFIANCA LTDA
5211,784874b947a3,POSTO 2000 LTDA
5212,785999f31057,CATEDRAL AUTO POSTO DE UMUARAMA LTDA
5213,786010fbfcb2,LIMA PETROLEO LTDA
5214,7883e7fd5bd3,AUTO POSTO JUAZEIRO LTDA
5215,78874c2b56e2,POSTO DE SERVICO JARDIM BONFIM LTDA
5216,7887d36d21f9,POSTO DE COMBUSTIVEIS DICO LTDA
5217,788877a2104b,POSTO CAVA LTDA
5218,788f668ec2f6,CENTRO AUTOMOTIVO MAXI PETRO LTDA
5219,789446242bb1,F DE A S CAMPOS COMBUSTIVEIS E LUBRIFICANTES LTDA
5220,789954028e59,W A BARRETO E CIA LTDA
5221,78ab82214924,E P COMERCIO LTDA
5222,78ae3668f0b2,AUTO POSTO JURERE LTDA
5223,78b3b5337164,CARREFOUR COMERCIO E INDUSTRIA LTDA
5224,78b8aa3f0bf5,DAL VESCO & GRAPEGIA LTDA
5225,78bdbd1fa40d,AUTO POSTO NOVA GILDA LTDA
5226,78c181a65c77,COMERCIAL RADAR COMBUSTIVEIS LTDA
5227,78c3f36b85b1,NOVA CURUCA AUTO POSTO LTDA
5228,78e1701eb664,L S COMERCIO E SERVICOS LTDA
5229,78e37eaeb9ad,GRAN RODEIO AUTO POSTO LTDA
5230,78e4d6d771ac,AUTO POSTO JARDIM DAS HORTENCIAS DE JUNDIAÍ LTDA.
5231,78e5558b769e,AUTO POSTO JEQUITIBA LTDA
5232,78e9e5b58bcc,CLM COMERCIO DE DERIVADOS DE PETROLEO LTDA
5233,78f190ebad42,POSTO SERRA DOURADA LTDA
5234,78f2d381daff,PROJAC RIO  2016 AUTO POSTO LTDA
5235,78f623287702,REDE HG COMBUSTIVEIS LTDA.
5236,78fcd233d2dd,AUTO POSTO VIP DIAMANTES LTDA
5237,79041b36b365,POSTO MAIS VALE LTDA
5238,79154d07d5dd,R C COMERCIO DE COMBUSTIVEIS LTDA
5239,791e217ecc53,AUTO POSTO DA TUCHA LTDA
5240,7921bad5fb4c,COMERCIO DE COMBUSTIVEIS NENZITA LTDA
5241,7921fba4d449,POSTO CEU LTDA
5242,7922cdced636,POSTO ANTONELLI E VITORINO RIO VERDE LTDA
5243,7927213cb3ff,POSTO PIRAJA LIMITADA
5244,7939c00d3319,PETROSINOS COMERCIO DE COMBUSTIVEIS LTDA
5245,793fe583f602,AUTO POSTO EXPRESSO MEDALHA LTDA
5246,79497b36d60e,SERVIÇOS AUTOMOTIVOS PONTA VERDE LTDA
5247,794fb418655a,AUTO POSTO SANTOS RIOS S.R. LTDA
5248,7951abb21bc5,POSTO DE COMBUSTIVEIS INCONFIDENCIA LTDA
5249,79555015cd5d,POSTO DE COMBUSTIVEIS SANTA CRUZ LTDA
5250,795aa8ebe286,AUTO POSTO INFINITY CATALAO LTDA
5251,795b90e9e4d2,POSTO CERTO LTDA
5252,795e7ae30a97,COELHO COMERCIO DE COMBUSTIVEL LTDA
5253,795fbda1e893,AUTO POSTO MALIBU LTDA
5254,79631ece2b97,AUTOMOTO COMBUSTIVEIS DO AMAPA LTDA
5255,79696e1ae8bc,IPE COMERCIO LTDA
5256,796a9b3c6bdc,FOX MILENIUM AVARE COMERCIO DE COMBUSTIVEIS LTDA
5257,796db9be49bd,POSTO LIDER DE PRESIDENTE PRUDENTE LTDA
5258,7978d3c85ceb,AUTO POSTO ALMIRANTE LTDA
5259,797cee66fd50,POSTO MAIS GURUPI LTDA
5260,79816e16c169,POSTO SAO JUDAS TADEU DE RIBEIRAO LTDA
5261,79824700f846,COMERCIO DE COMBUSTIVEIS SAO PEDRO LTDA
5262,7984d3d6586b,AUTO POSTO BARAO DE JACAREI LTDA
5263,798921397711,LUBRAS DISTRIBUIDORA LTDA
5264,79923c292244,CENTRO AUTOMOTIVO C.H.M.R. LTDA
5265,79964a105edc,POSTO FLAMBOYANT LTDA
5266,79978dd20198,POSTO HIDROLANDIA LTDA
5267,799af31b29cb,POSTO ATLANTIC BONECA DO IGUACU LTDA
5268,79abb58cae42,AUTO POSTO AMANDA E JULIA LTDA
5269,79af1622ba99,COMERCIAL MALLON LTDA.
5270,79b013425906,CENTRO AUTOMOTIVO ACC RADIAL LTDA
5271,79b339c99626,AUTO POSTO GUARANIS DE TUPA II LTDA.
5272,79b9a6f631ae,AUTO POSTO PARADISE LTDA
5273,79bffe4adfad,AUTO POSTO GRALHA AZUL LTDA
5274,79c7d579ddec,BOM CLIMA COMERCIO DE COMBUSTIVEIS LTDA
5275,79cc0f8cf270,POSTO PARAISO DAS AGUAS LTDA
5276,79d35bac4463,L.FECHINE COMBUSTIVEIS LTDA
5277,79d4a90aa090,CLARYN AUTO POSTO LTDA
5278,79d7e59bdb88,SIDENEY BALDIBIA FERNANDES & CIA. LTDA.
5279,79da8ca233da,POSTO DE SERVICO NOVA ARARAS LTDA
5280,79dad1f9c76e,JP SANTA LUCIA COMERCIO DE COMBUSTIVEIS LTDA
5281,79dcec55fdff,AUTO POSTO R M LTDA
5282,79ddbf60b619,POSTO DE GASOLINA CUTUBA LTDA
5283,79e131afb819,AUTO POSTO IGARASSU LTDA
5284,79e183361d02,AUTO POSTO 23 LTDA
5285,79edd2b8376f,POSTO DA MODA COMERCIO DE COMBUSTIVEIS LTDA
5286,79f5c16a11d3,POSTO DE COMBUSTIVEIS SINAL VERDE LTDA
5287,79fc878d4a2b,REDE LK DE POSTOS LTDA
5288,7a00a7d4ff63,POSTO NATUREZA DE PIRASSUNUNGA LTDA
5289,7a01de6f92ab,MERCANTIL LAGUNA LTDA
5290,7a03ed0a9aed,M. S. PETROLEO LTDA
5291,7a07c9af6af5,POSTO SANTA FE COMERCIO DE COMBUSTIVEL LTDA
5292,7a18b8e11693,AUTO POSTO ARMANDO PANNUNZIO LTDA
5293,7a1ddd195936,AUTO POSTO CERRADO LTDA
5294,7a2325e2ab14,POSTO Z+Z UBERLANDIA LTDA
5295,7a2bba5a3c3a,POSTO VIBRA CAMPINAS LTDA
5296,7a2f64fee58f,AUTO POSTO MATE AMARGO LTDA
5297,7a40a6acffed,FLORIPETRO COMERCIO DE COMBUSTIVEIS LTDA
5298,7a4587c5af8e,CÂMARA EMPREENDIMENTOS COMERCIAIS LTDA.
5299,7a45c4747335,AUTO POSTO AGUIA DE ATIBAIA LTDA
5300,7a48892646b5,MAXI POSTO BR LTDA
5301,7a4a33b882d3,COMBUSTIVEIS BARAO LTDA
5302,7a5cb92f7ef4,SAO MARTINHO AUTO SERVICE LTDA
5303,7a5f397ca814,SIM REDE DE POSTOS LTDA
5304,7a60de2ca488,AUTO POSTO CATARATAS NOVO LTDA
5305,7a62dccd3c08,AUTO POSTO C.S.F. LTDA
5306,7a6411d6c1ec,AUTO POSTO RAIA LTDA
5307,7a6d8dfcc765,REDE DE POSTOS PARATI LTDA
5308,7a6da2c2414d,J.& M. SERVICOS E COMERCIO LTDA
5309,7a7a009983c9,PILARZINHO COMERCIO DE COMBUSTIVEIS LTDA
5310,7a8157ef9099,ALPHA CONSTRUCOES LTDA
5311,7a855583a4a9,RPB AUTO POSTO LTDA
5312,7a8f14a3cfad,AUTO POSTO URUCUI LTDA
5313,7a975e60f9c5,CHACRINHA POSTO DE SERVICOS LTDA
5314,7aa55ec56980,REDE NACIONAL DE RESTAURANTES E AUTO POSTO LIMITADA
5315,7ab24f2ac764,COMERCIO DE COMBUSTIVEIS MONUMENTO DO SAPATEIRO LTDA
5316,7ac1be3bdcda,AUTO POSTO RUSH LTDA
5317,7ac313d52b63,AUTO POSTO NOVA ARARAS LTDA
5318,7ac5cca45a42,AUTO POSTO CAPELA - VINHEDO LTDA
5319,7ac6532c6061,AUTO POSTO ESTRELA DE HORTOLANDIA LTDA
5320,7ac78e9f9efd,AUTO POSTO SAMAMBAIA DE VALINHOS LTDA
5321,7ad2ebc4d34e,ROQUE AUTO POSTO MOCOCA LTDA
5322,7adc2e652018,ARNOGAS & CIA LTDA
5323,7ae3383ab5ed,AUTO POSTO PROVIDENCIA LTDA
5324,7ae422dfac3c,ABASTECEDORA DE COMBUSTIVEIS GETULIO VARGAS LTDA
5325,7ae4ba526b35,AUTO POSTO DE COMBUSTIVEIS RUI BARBOSA LTDA
5326,7aec4e10bf6a,POSTO ARVOREDO LTDA
5327,7aeeed74d3b4,AUTO POSTO MENDES EIRELI
5328,7af4c6ec2b93,FELIX COMBUSTIVEIS PIEDADE LTDA
5329,7afca3893183,TOTAL DERIVADOS DE PETROLEO E SERVICOS LTDA
5330,7b012611c7b1,AUTO POSTO MARAMBAIA LTDA
5331,7b029cd81aec,POSTO DE COMBUSTIVEIS COLATINA LTDA
5332,7b0a392f7686,CRIATIVA COMERCIO DE COMBUSTIVEIS LTDA
5333,7b1e53076db4,AUTO POSTO R&R MALUCHE LTDA
5334,7b28cccecd4a,SIM REDE DE POSTOS LTDA
5335,7b2d080c59b4,LORENA COMERCIO DE PRODUTOS DE PETROLEO LTDA
5336,7b31817dc70c,POSTO PIO XII LTDA
5337,7b339c6b50e4,RP COMERCIO DE COMBUSTIVEL LTDA
5338,7b3c8cb3b82c,COMERCIO VAREJISTA DE COMBUSTIVEIS FIG LTDA
5339,7b3f6e95defc,M. B. COM. E DERIVADOS DE PETROLEO EIRELI
5340,7b41cff9eb72,AUTO POSTO MARRAKESH II LTDA
5341,7b47de70d6ea,AUTO POSTO LIZ LTDA
5342,7b4f7ee15d07,AUTO POSTO PORTAL DA REGIS LTDA
5343,7b515b6e1cdd,POSTO SB LTDA
5344,7b560d77d35c,AUTO POSTO TAMBURELLO LTDA
5345,7b5b1f2f0e5d,A4LU COMERCIO DE COMBUSTIVEIS E DERIVADOS LTDA
5346,7b5cf9bd9de1,FRANCISCO ASSIS NETO POSTO IGUANA
5347,7b6388f35c1f,REDE RETA LTDA
5348,7b6ba9b60713,GETULIO - ABASTECEDORA DE COMBUSTIVEIS LTDA.
5349,7b6e0dc736bd,POSTO ZIMMER LTDA
5350,7b742f624283,AUTO POSTO ALMIRANTE LTDA
5351,7b7481340163,PETRO POINT COMERCIO DE PETROLEO LTDA
5352,7b775d1998a5,LN ROMANO LTDA
5353,7b7820a8a099,AMARELINHA AUTO POSTO LTDA
5354,7b8203e9c9fd,KREB E KREB COMERCIO DE COMBUSTIVEIS E LUBRIFICANTES LTDA
5355,7b838747a728,AUTOPOSTO  MACKENZIE LTDA
5356,7b84c828d6b1,SIM REDE DE POSTOS LTDA
5357,7b8b78f4b4e1,POSTO DE COMBUSTIVEIS SANTO AGOSTINHO LTDA
5358,7b94a1d90433,AUTO POSTO MARCUSSI LTDA
5359,7b992448b488,AUTO POSTO BLUE CANAA LTDA
5360,7b997c7208b7,AUTO POSTO LEAO DE TAUBATE LTDA
5361,7b9cf7a85811,CENTRO AUTOMOTIVO FIRENZE LTDA.
5362,7b9e575f42ab,SEBASTIAO ERAMIL SPIGUEL LTDA
5363,7b9f32c30c7f,POSTO VIP LTDA
5364,7ba0ec9f1dd9,AUTO POSTO FLOR DO EGITO LTDA
5365,7ba82510be4b,SOCIEDADE COSTA CAMPOS LTDA
5366,7baa61557598,COMERCIO DE COMBUSTIVEIS MELO DOS ANJOS LTDA
5367,7baccd87099c,PLANALTO PETROLEO ILHOTAS LTDA
5368,7bb382e69164,HOT PETRO AUTO POSTO LTDA
5369,7bb4e7523442,TERRA COMERCIO DE DERIVADOS DE PETROLEO LTDA
5370,7bb891b4b87b,AUTO POSTO ESTRELA DO BILAC LTDA
5371,7bc269df78b5,RD POSTO DE COMBUSTIVEL LTDA
5372,7bc7af01e474,AUTO POSTO TANK CHEIO LTDA
5373,7bcc65a1f973,AUTO POSTO VALE LTDA
5374,7bd3fc1dcd29,AUTO POSTO R1 DE SANTO ANDRE LTDA.
5375,7bdbfa56c2b9,MAGGIORE COMERCIO A VAREJO DE COMBUSTIVEIS LTDA
5376,7be4bcc538fc,POSTO DE GASOLINA CONTORNO II LTDA
5377,7bebe6637b61,POSTO CRUZEIRO CENTRAL LTDA.
5378,7bf2e2d1e16d,HP COMERCIO DE COMBUSTIVEIS LTDA
5379,7bff248506cf,A.M. AUTO POSTO LTDA
5380,7c026c486f17,G.A.P. POSTO DE SERVICOS LTDA
5381,7c03f7c29b97,CENTRO AUTOMOTIVO ITORORO LTDA
5382,7c0cfecf40e9,CENTRO AUTOMOTIVO SAO CONRADO LIMITADA
5383,7c10bf0a727c,JP SANTA LUCIA COMERCIO DE COMBUSTIVEIS LTDA
5384,7c163bd9ad47,CENTRO DE ABASTECIMENTO DE GAS MILENA LTDA
5385,7c17d8cb1544,AUTO POSTO SOBERANO LTDA
5386,7c20852c08c6,SIM REDE DE POSTOS LTDA
5387,7c21d5b87ca1,AUTO POSTO ANDREUSSI LTDA
5388,7c2274175710,STILO ABC AUTO POSTO LTDA.
5389,7c25c44d4003,AUTO POSTO DOM PEDRO II DE IBITINGA LTDA.
5390,7c39bc9a4466,AUTO POSTO MILLENNIUM LTDA
5391,7c4e3e4dec32,VERDEJANTE COMERCIAL LTDA
5392,7c51e6242658,TM COMBUSTIVEIS E SERVICOS LTDA
5393,7c549724518d,AUTO POSTO SAN FERNANDO VALLEY DE ASSIS LTDA.
5394,7c5b5660fa37,AUTO POSTO OURO NEGRO LTDA
5395,7c5de5cc9590,COMPANHIA BRASILEIRA DE DISTRIBUICAO
5396,7c6096e2441c,LIDER AUTO POSTO E SERVICOS LTDA.
5397,7c6be9012b12,F RAMOS ALVES LTDA
5398,7c70b644ac75,SERRANO COMBUSTIVEIS LTDA
5399,7c78ab7d2e0a,OFIR COMERCIO DE COMBUSTIVEIS LTDA
5400,7c833fe2398c,POSTO FREEWAY LTDA
5401,7c8e65416d64,COMBUSTIVEIS RUBI LTDA
5402,7c8f75ff66b0,POSTO CIDADE LTDA
5403,7c94719dd2d4,POSTO IPANEMA VIII LTDA
5404,7c9a2f9172f4,AUTO POSTO SORRISO LTDA
5405,7c9a5b9047cb,JOSÉ CARAFINI & FILHOS LTDA
5406,7c9f8fd67e63,COMAFEL COMERCIO DE MAQUINAS E FERRAGENS LTDA
5407,7cae27526cf6,PETROX COMERCIAL LTDA
5408,7cae31f6bcc8,AUTO POSTO PETRO LED IPANEMA LTDA
5409,7cbac6e58d84,COMERCIO DE COMBUSTIVEIS BEIJA-FLOR LTDA
5410,7cbb8b25ea19,POSTO VILA NOVA COTIA LTDA
5411,7cbdf1c722b3,CENTRO AUTOMOTIVO NEVADA LTDA
5412,7cbe205da52e,POSTO DE COMBUSTIVEL RECARY LTDA
5413,7cd4bc563c8a,COMERCIO DE COMBUSTIVEIS OUROMINAS LTDA
5414,7cd7957d247c,AUTO POSTO PETROLINO LTDA
5415,7cdd39b86419,AUTO POSTO FORTUNATO LTDA
5416,7ce0496fb1e2,BEL POSTO DE COMBUSTIVEIS LTDA
5417,7ce235cbaf18,POSTO VIA LAGO COMERCIO DE DERIVADOS DE PETROLEO LTDA
5418,7cedecc8abde,AUTO POSTO DILINHA LTDA - EPP
5419,7cf7500d644e,AUTO POSTO CONFIANTE 4 LTDA
5420,7cf9c17596b2,POSTO MARIA DO CARMO LTDA
5421,7d03f12da60c,POSTO SANTA RITA UNAI EIRELI
5422,7d06f54ca4dc,POSTO CANAL DELTA LTDA
5423,7d07e6fcfa9e,COMERCIO DE COMBUSTIVEIS E LUBRIFICANTES QUATRO ILHAS LTDA
5424,7d0b28afa459,AUTO POSTO LIDER GUARA LTDA
5425,7d1172925cd5,POSTO AZEREDO ELGO LTDA
5426,7d1a5f73f7fe,'AUTO POSTO SOLAR DAS TERRAS LTDA''
5427,7d1bf825cff9,GARAGEM SUPREMA LTDA - EPP
5428,7d325c5f1d91,POSTO AUTO 7 CATANDUVA EIRELI
5429,7d35d228aea7,CACIQUE PETROLEO LTDA
5430,7d368646b8a0,GEO MERCANTIL DE DERIVADOS DE PETROLEO LTDA
5431,7d3ccfe0f6be,SOBRAL COMERCIO E SERVICOS LTDA
5432,7d433240b506,POSTO ESTANCIA REAL LTDA
5433,7d515b3fa5a8,DIORDIO BANDEIRA COMERCIO DE DERIVADOS DE PETROLEO LTDA
5434,7d5cc550ec88,COMPANHIA BRASILEIRA DE DISTRIBUICAO
5435,7d715ea6c96d,D & B COMERCIAL LTDA
5436,7d71622b9906,MILLENIUM & AUTO POSTO LTDA
5437,7d7b00c60356,AUTO POSTO FLIP LTDA
5438,7d7d01010b46,MM COMERCIO DE COMBUSTIVEIS LTDA
5439,7d8a7685b91e,AUTO POSTO GH DE HORTOLANDIA LTDA
5440,7d8e6db84687,CACIQUE PETROLEO LTDA
5441,7d938bb55fde,POSTO RENDE MAIS LTDA
5442,7d96b10c49d9,ESQUINA UM AUTO POSTO EIRELI
5443,7d9ef6544510,MG COMERCIO DE COMBUSTIVEIS LTDA
5444,7da0fdfa9073,AUTO POSTO TRANSYARA EIRELI
5445,7da9734d52e1,AUTO POSTO SAO LUIZ DE VALINHOS LTDA
5446,7dab1a8d13ce,POSTO DE COMBUSTIVEIS DAL RI LTDA.
5447,7daf3d820609,COCAIA COMERCIO DE LUBRIFICANTES LTDA
5448,7db3ed3b6eec,FOX COMERCIO DE COMBUSTIVEIS LTDA
5449,7dbcdd2af672,AUTO POSTO DUQUE LAPA LTDA.
5450,7dc7b4e42d1d,SAO CRISTOVAO COMERCIO DE PRODUTOS DERIVADOS DE PETROLEO LTDA
5451,7dc88ddf6eed,POSTO TOP GÁS LTDA
5452,7dcc4fedcd9b,RADIAL LESTE COMERCIO VAREJISTA DE COMBUSTIVEIS LTDA
5453,7dd6b790274b,PARQUE DOS CAMARGOS - COMERCIO VAREJISTA DE COMBUSTIVEIS LTDA
5454,7dd7f5e93703,JET DERIVADOS DE PETROLEO LTDA
5455,7dd94ceb296d,POSTO DE COMBUSTIVEIS GUAPURUVU LTDA
5456,7ddbe693f775,M. H. SOARES CARNEIRO COMERCIO LTDA
5457,7de274ba2981,T M COMBUSTIVEIS LTDA
5458,7de34d4efbb9,STOPETROLEO S.A. - COMERCIO DE DERIVADOS DE PETROLEO
5459,7de34eb46e58,SANCHES WEILER COMERCIO DE COMBUSTIVEIS LTDA
5460,7dee453c9ff9,POSTO COLONIAL DE CIANORTE LTDA
5461,7df46879cb3f,POSTO E RESTAURANTE BR-153 DE MARILIA LTDA
5462,7df68ee9d03c,POSTO ZE TAVARES COMERCIO DE COMBUSTIVEIS LTDA
5463,7dfa85b11452,POSTO DAS NACOES LTDA
5464,7dff7e88d5c3,HIPER POSTO CAMINHO DAS ARVORES LTDA
5465,7e00b3b7e30c,AUTO POSTO DE COMBUSTIVEL POMBAL LTDA
5466,7e01a9420c26,AUTO POSTO FS TATUI LTDA
5467,7e03e2002602,D JUNIOR DE SOUSA
5468,7e0d3fc015c3,POSTO MARTINELLI - COMERCIO VAREJISTA DE COMBUSTIVEIS LTDA
5469,7e1283faaa81,SIM REDE DE POSTOS LTDA
5470,7e1b124d2b5d,POSTO SALSEIROS 3 LTDA
5471,7e1dec4f6862,AUTO POSTO AMERICA DE JUNDIAI LTDA
5472,7e2026344546,POSTO TREVAO II COMERCIO DE COMBUSTIVEIS LTDA
5473,7e2621997266,AUTO POSTO 15 DE NOVEMBRO DE MATAO LTDA.
5474,7e274950ffc2,ABASTECE PAES DE LINHARES AUTO POSTO LTDA
5475,7e296f4b94dd,POSTO ARAPIRACA LTDA
5476,7e2d7631f95c,AUTO POSTO ARRAIAL D'AJUDA LTDA
5477,7e2f8dd5ea0d,POSTO JUANOTO LTDA.
5478,7e3b05d3e076,AUTO POSTO DE GASOLINA PORTELA DOIS LTDA
5479,7e4867997100,POSTO LINHA VERDE LTDA
5480,7e510bfb5a57,AUTO POSTO PEKNY LTDA
5481,7e625834aee0,POSTO DE SERVICO BRIGADEIRO LIMA E SILVA LTDA
5482,7e69fb862cff,RBC - COMERCIAL DE COMBUSTÍVEIS LTDA.
5483,7e6c8a9ffdce,EUROPA EMPREENDIMENTOS LTDA.
5484,7e761d0b35fc,ALONSO Y ALONSO AUTO POSTO LTDA
5485,7e88b3ef271c,AUTO POSTO CHAPARRAL SAO JOSE LTDA
5486,7e8c5165a0a9,TRUCCOLLO & CIA LTDA
5487,7e8e9a71a5d8,AUTO POSTO B.T. CAVALCANTI COMERCIO DE COMBUSTIVEIS LTDA
5488,7e919a78b6d5,AUTO POSTO IAVE ADONAI LTDA
5489,7e97076ad85f,COMERCIAL DE COMBUSTIVEIS PLANETARIO LTDA
5490,7e9921a6245e,POLI AUTO POSTO E SERVICOS LTDA
5491,7ea387bcf881,PEREIRA & BRITO LTDA
5492,7eab793e727f,POSTO CARIOCA COMERCIO DE COMBUSTIVEIS LTDA
5493,7eabf6dd8540,POSTO ABASTECA AQUI BARREIRO LTDA
5494,7eb2cc7a3caf,POSTO DE COMBUSTIVEIS SENHORA SANTANA I- EIRELI
5495,7ec427c90dec,F - 7 POSTO DE SERVICOS LTDA
5496,7ecb3d9f566b,AUTO POSTO CRISTAL DE MARILIA LTDA
5497,7ed39dda4600,POSTO SOARES & BAZILIO LTDA
5498,7ed77aa160c3,D.S COMERCIO DE COMBUSTIVEIS E LUBRIFICANTES LTDA
5499,7ed8469365c0,LORENA COMERCIO DE PRODUTOS DE PETROLEO LTDA
5500,7edd2eefca2b,CACIQUE PETROLEO LTDA
5501,7ef32f7fe7d1,ITAPIRENSE COMBUSTIVEIS LTDA
5502,7ef6103d2f5f,AUTO POSTO PIANTINO LTDA.
5503,7ef71aebd2e8,AUTO POSTO CIDADE JARDIM LTDA
5504,7ef7fc27a2a7,COPA BRASIL COMERCIO DE COMBUSTIVEIS LTDA
5505,7efa49f28cd7,AUTO POSTO ITQ LTDA
5506,7efb6883328c,J MENDES REVENDEDORA DE COMBUSTIVEIS E DERIVADOS LTDA
5507,7efd151fcfcb,AUTO POSTO FRANCISCO MORATO LTDA
5508,7f16cd14a8ee,NATAL M DE OLIVEIRA LTDA
5509,7f17375f8e89,ABASTECEDORA DE COMBUSTIVEIS MATRIDI LTDA
5510,7f1a9078828c,COMERCIO DE COMBUSTIVEIS CASARIN LTDA
5511,7f1f631ad67b,AUTO POSTO ALEGRE LTDA
5512,7f29183a8927,ELIANE STANG HUNING & CIA LTDA
5513,7f44f821b55f,ENERGY COMBUSTIVEIS LTDA
5514,7f45a7b199e5,M. MARTINEZ COMBUSTIVEIS - ME
5515,7f4b12dae40a,"BORTOLI, ARGENTA & CIA.LTDA."
5516,7f4c39b53458,AUTO POSTO MARGUI II LTDA
5517,7f50d2a1c0b2,POSTO DELTA ITAUNA LTDA
5518,7f57b31abdad,AUTO POSTO SKINA ITALIANOS LTDA.
5519,7f58110ea223,POSTO ALDO SORRISO LTDA
5520,7f59b5c6bf61,AUTO POSTO CENTRAL DE MURIAE LTDA
5521,7f643f8906cb,AUTO POSTO UNIDOS DE ITATIBA LTDA.
5522,7f68b0e2d8c6,POSTO ECOLOGICO DE MARILIA LTDA
5523,7f74da3add9a,A L VIEIRA DA SILVA - EPP
5524,7f815d0bb9cd,AUTO POSTO TERCEIRO MILÊNIO LTDA
5525,7f8b823442b9,POSTO DAS AMERICAS LTDA
5526,7f8cd57a320c,M. ESPERANDIO & CIA LTDA
5527,7f90daf3a251,POSTO ICCAR LTDA
5528,7f90fd53e9e8,CEMOPEL CM PETROLEO LTDA
5529,7f93e142670a,AUTO POSTO LAGOA LTDA
5530,7f9f525b0349,J. PEGORARO & CIA LTDA
5531,7fa1683f0d70,AUTO POSTO PAULO VI EIRELI
5532,7faa2de01834,MAGA - IMIGRANTES COM. DE COMB. E LUBRIFICANTES LTDA
5533,7fae64e2a482,CENTRO DE CONVENIENCIAS FALEIRO LTDA
5534,7fb0eb74f078,POSTO SARAIVA LTDA
5535,7fb640f6363e,ECOL-COMERCIAL DE PETROLEO LTDA
5536,7fb6d700990c,POSTO DE COMBUSTIVEIS UBERLANDIA LTDA
5537,7fb769c1fd12,NG NOVO GUARUJA II COMERCIO DE COMBUSTIVEL LTDA
5538,7fb7a213ab27,POSTO SANTA CLARA DA PAVUNA LTDA
5539,7fbe0120dafe,COMERCIO DE COMBUSTIVEIS REGIS PROMISSORIA LTDA
5540,7fc297359732,FLEMING - CENTRO DE COMERCIO E SERVICO LTDA
5541,7fc693967963,POSTO GUYNA LTDA.
5542,7fc981082e3a,MANOEL DUVAISEN
5543,7fcbae706b8b,POSTO DE GASOLINA AUSTIN LTDA
5544,7fd2115c6ad5,COMERCIO & DERIVADOS DE PETROLEO PLANALTO LTDA
5545,7fda4d6b1215,AUTO POSTO NEMO LTDA
5546,7fdc9c5310d7,RPA COMERCIO DE COMBUSTIVEIS LIMEIRA I LTDA
5547,7fde1dd9b771,POSTO DE ABASTECIMENTO LIPE LTDA
5548,7fdede8b7f7f,AUTO POSTO PRATICO LTDA
5549,7fe2b7432393,AUTO POSTO BAHAMAS LTDA
5550,7fe5270aabe6,AUTO POSTO MOTOR EXPRESS PRINCESA DO SUL LTDA
5551,7fed1905d291,AUTO POSTO COMERCIO E SERVICOS SANTANA LTDA
5552,7ffee58f808e,AUTOPOSTO MARGARITA LTDA
5553,8001da6690dc,CÂMARA & PESSOA COMERCIAL LTDA
5554,8004558ceb48,CENTRO DE ABASTECIMENTO DE COMBUSTIVEIS 9 DE JULHO LTDA
5555,8008fba9462c,POSTO FLORESTA LTDA
5556,800c6e55e96a,POSTO MOREIRA JULHO LTDA
5557,802b37c9fb1a,AUTO POSTO VITORIA COMERCIO DE COMBUSTIVEIS LTDA
5558,802b5b681144,POSTO ATLANTIC CONFIANCA LTDA
5559,80316e51dc9b,AUTO POSTO OZORIO LTDA
5560,8033b4eea982,SETE ESTRELAS COMERCIO DE DERIVADOS DE PETROLEO LTDA
5561,803d1b33ed86,POSTO GOIANO LTDA
5562,803d5e60c5dd,STAR GREEN AUTO POSTO LTDA
5563,803ee359934a,COMERCIAL BUFFON COMBUSTIVEIS E TRANSPORTES LIMITADA
5564,804d836a6932,AUTO POSTO FIALLA LTDA
5565,8053fac44477,AUTO POSTO AEROPORTO DE UBATUBA LTDA
5566,805bec91c1ff,AUTO POSTO ESTRADA MINEIRA LTDA.
5567,805d44f4d1b9,MANAUS COMERCIO DE DERIVADOS DE PETROLEO LTDA
5568,80644f877576,GASOSOS - REVENDEDOR DE COMBUSTÍVEIS LTDA.
5569,8066f0d81857,CENTRO AUTOMOTIVO GRAVATINHA - EIRELI
5570,806c54757cc5,POSTO DE GASOLINA MELHOR DA BRASIL LTDA.
5571,806ed7dc95b9,CENTRO AUTOMOTIVO CANTAREIRA LTDA.
5572,806f393ebded,CARREFOUR COMERCIO E INDUSTRIA LTDA
5573,806f3aec7d93,AUTO POSTO NOVO IDEAL LTDA
5574,8074e2f6489c,AUTO POSTO E.J. DE ARARAS LTDA
5575,80780dee3c6a,MENDES PETROLEO LTDA
5576,808125d161df,ABC DISTRIBUICAO DE PETROLEO LTDA
5577,80830b0b0828,ABASTECEDORA CAVALLERI LTDA
5578,8085015601ab,AUTO POSTO 100 DE PIRACICABA LTDA
5579,809248cb9358,POSTO DE SERVICOS NOVA VENEZA LTDA
5580,8093eb6bb14e,AUTO POSTO PETRONORTE COMERCIO DE COMBUSTIVEL LTDA
5581,8097b1a198e4,POSTO GUENO LTDA
5582,809c2f62d00e,POSTO DE GASOLINA WARTON LTDA
5583,80a445e421c1,SUPER AUTO POSTO CORUJAO LTDA
5584,80a8ae4049e1,"MALOSSO, VELLUDO & CIA LTDA."
5585,80c1dea54ff2,M. PILATTI & CIA LTDA
5586,80c3dd4f6f2d,BONATTO & BONATTO LTDA
5587,80d5da962073,AUTO POSTO BAGUA LTDA
5588,80d911b3a927,AMIGÃO AUTO POSTO JK LTDA
5589,80d987710a99,FERREIRA CRUVINEL COMERCIAL DE COMBUSTIVEIS LTDA
5590,80eaf0afcdbb,COMERCIAL DE COMBUSTIVEIS APARICIO BORGES LTDA
5591,80edd25123bc,GIOVANE F. PICK LTDA
5592,80f36a55dae6,MPS COMERCIO DE COMBUSTIVEIS LTDA
5593,80f6d7d6c50d,J P PETROLEO LTDA
5594,810733346f82,POSTO AVANT LTDA
5595,810bb32554eb,M. T. D. F. PETROLEO LTDA
5596,8115c13be99b,NIVACAR AUTO POSTO LTDA
5597,81224f72f0b4,POSTO DE SERVICOS MACSONE LTDA.
5598,812a909e1aee,SIM REDE DE POSTOS LTDA
5599,812ab75b84b0,CIDACOM MERCANTIL DE COMBUSTIVEIS LTDA
5600,812b4ffdc826,AUTO POSTO MENDES EIRELI
5601,812f07bec6eb,OLIVEIRA & TIDA LTDA
5602,812fcdffa64b,FRANCISCO DE SALES DANTAS
5603,813630ed2337,AUTO POSTO TUIUTI LTDA
5604,8142706162ff,POSTO DE COMBUSTIVEL SAO CRISTOVAO LTDA
5605,814c7d99d11c,CASCOL COMBUSTIVEIS PARA VEICULOS LTDA
5606,814dfff70f36,FARAO COMBUSTIVEIS LTDA
5607,815a8021ded9,AUTO POSTO DUQUE CITY LTDA
5608,815b24497b57,MENDONCA & ALEXANDRE COMBUSTIVEIS LTDA
5609,81631dd648b7,CENTRO DE ABASTECIMENTO CHESSED LTDA
5610,81645a0c0aee,CENTRO AUTOMOTIVO REAL CHALLENGER LTDA
5611,81661fb8c197,POSTO CIDADE ARACY SAO CARLOS LTDA
5612,816787cfb1d5,FAURI COMERCIO DE COMBUSTIVEIS LTDA
5613,8170be5befc3,AUTO POSTO IMBASSAI RIO DO OURO LTDA
5614,817168e399e1,POSTO SPX XAVANTES COMERCIO DE COMBUSTIVEIS LTDA
5615,8177c8d90c06,POSTO JOAQUIM NABUCO COMERCIO DE COMBUSTIVEIS LTDA
5616,817ae915c0df,AUTO POSTO S V II LTDA
5617,818a3f161e3a,AUTO POSTO JARDIM COLONIAL LTDA
5618,818e1481aa41,POSTO CATIBOABA LTDA
5619,818e9159674e,ABASTECEDORA DE COMBUSTIVEIS SANTA MARTA LTDA
5620,818f3813827f,AUTO POSTO MAIS LTDA
5621,818facabc936,POSTO DE COMBUSTIVEIS PATOS LTDA - ME
5622,81900c1ca8a5,AUTO POSTO ALINGHI LTDA
5623,8190e7f0d049,GOLF AUTO POSTO LTDA
5624,81913bce16cc,POSTO ALDEIA LTDA
5625,81975232ce41,COMERCIO DE COMBUSTIVEL E TRANSPORTES PERIZZOLO LTDA
5626,81a5a4ee8696,PETRODUTRA COMERCIAL LTDA
5627,81af74d0dd8f,AUTO POSTO BAPTISTELLA LTDA
5628,81b5bad82cfb,AUTO POSTO KIKUDA LTDA
5629,81be8e083a0a,POSTO FRANCESCHETTI LTDA
5630,81c6b80dca08,C R MAIA EMPREENDIMENTOS LTDA.
5631,81c9da37d7fe,DT COMBUSTIVEIS LTDA EM RECUPERACAO JUDICIAL
5632,81cc40295d53,F A MARTINS DERIVADOS DE PETROLEO LTDA
5633,81cdeb0ab535,CUESTA PETRO COMERCIO DE COMBUSTIVEIS LTDA
5634,81d124567b8b,CENTRO AUTOMOTIVO OLIMPIA BANDEIRANTES LTDA
5635,81e9fde07f10,GOLD COMERCIO DE COMBUSTIVEIS LTDA
5636,81eb2baac6d2,PINTO E SARMENTO LTDA
5637,81ef4a7f141e,J.A. COMERCIO DE COMBUSTIVEIS LTDA
5638,81f326be1cdc,VIOLETA ALFENAS AUTO POSTO LTDA
5639,81f8b77b9fb3,QUARENTA POSTO DE SERVICOS LTDA
5640,820b62d9f334,AUTO POSTO SAO JOSE DE SANTOS LTDA
5641,82121e1bd3fd,POSTO ZUMBI COMERCIO VAREJISTA DE COMBUSTIVEIS LTDA
5642,821a819ba301,ECCOMANIA COMERCIO DE COMBUSTIVEIS E DERIVADOS DE PETROLEO LTDA
5643,821b2b7caefe,ABASTECEDORA GRANDE RIO LTDA
5644,821b50558c67,LUA NOVA DO SAARA POSTO DE GASOLINA LTDA
5645,8227cc66ad06,WMS SUPERMERCADOS DO BRASIL LTDA.
5646,82299687024e,JML AUTO POSTO DE DERIVADOS DE PETROLEO LTDA
5647,822d05a40844,AUTO POSTO GIROMANILHA LTDA
5648,82358aa3e289,POSTO DA FONTE LTDA
5649,823a43ec7606,HELP AUTO POSTO LTDA.
5650,823f54573b24,ESPANHA SERVIÇOS AUTOMOTIVOS LTDA.
5651,824a4f7ae14d,POSTO MORADA DO SOL LTDA
5652,824b4a6ae753,POSTO DE SERVICOS RX LTDA
5653,8259340cdce9,POSTO DE GASOLINA E GARAGEM ECHEVERRIA LTDA.
5654,825d2beb3d9a,POSTO MACUXI LTDA
5655,825dabfd7fcf,POSTO DE COMBUSTIVEIS COLONIAL CAMPO MOURAO LTDA
5656,826613bcbad7,F O ARRUDA LTDA
5657,826aec868fe7,ORGANIZACAO COMERCIAL GUIMARAES LTDA
5658,827017805a3b,POSTO TREVO SERTAOZINHO LTDA
5659,827021049460,AUTO POSTO SANTO ONOFRE LTDA
5660,8278823909f0,W A BARRETO E CIA LTDA
5661,827c1b523227,POSTO AGUIA LTDA
5662,827c9027519e,ANDRADE GOES DERIVADOS DE PETROLEO LTDA
5663,827fa299ea1c,MIMIM COMERCIO DE COMBUSTIVEIS LTDA
5664,828498234da8,AUTO POSTO PONTE METÁLICA LTDA.
5665,8288251c25ee,AUTO POSTO KAWAKAMI LTDA
5666,828a4e28bb46,CAUIPE REVENDEDORA DE PETROLEO LTDA
5667,828b7cc933d7,POSTO DE ABASTECIMENTO AMOR DA LEOPOLDINA LTDA
5668,828cffc71eee,POSTO DE SERVICOS CARMENERE LTDA
5669,829042e9a1ef,COMERCIO DE COMBUSTIVEIS XAXIM LTDA
5670,82a621e1e0e7,CENTRO AUTOMOTIVO MONTECARLO LTDA
5671,82b8300a05b7,MARECHAL TAUBATE AUTO POSTO LTDA
5672,82bd2e480591,AUTO POSTO ACAI LTDA
5673,82c2c5763809,RUBAIYAT COMERCIO DE COMBUSTIVEIS LTDA
5674,82c76a8f036f,A I AZRAK & CIA LTDA
5675,82c88a932843,AUTO POSTO MILIONARIO LTDA
5676,82c8f60ec537,POSTO DE GASOLINA TIMBOZAO III LTDA
5677,82d343a4e4e0,CARUATAMA COMERCIO DE PETROLEO LTDA ME
5678,82ddb776a68d,AUTO POSTO NOVA CANAA LTDA
5679,82e106919581,AUTO POSTO VITROLA LTDA
5680,82e59d076352,AUTO CENTER MERCURIO LTDA
5681,82e75e431d04,AUTO POSTO DE SERVICOS MARISOL LTDA
5682,82f16deb2507,BEETHOVEN BRANDAO EMPREENDIMENTOS LTDA
5683,82febf16e172,PETROEF SERVIÇOS AUTOMOTIVOS LTDA.
5684,8303d6cb482d,BELOPETRO DOIS CENTRO LTDA
5685,830eb70cf176,AUTO POSTO IZA LTDA
5686,831afc853544,COOPERATIVA DOS PLANTADORES DE CANA DO OESTE DO ESTADO DE SAO PAULO
5687,832685bc4a21,AUTO POSTO MG EIRELI
5688,832db739c823,COMERCIO DE PETROLEO E DERIVADOS COND DO RIO NOVO LTDA
5689,832f1956edd5,FORMOSA SUPERMERCADOS E MAGAZINE LTDA
5690,83303eb3455e,POSTO JACUI LTDA
5691,8332a7083210,AUTO POSTO OLINDA LTDA
5692,8336b9f9431b,POSTO ITAMARATI DE RIBEIRAO PRETO LTDA
5693,834352d426d9,AUTO POSTO BEIRA RIO HORTOLANDIA LTDA
5694,834c1b734f07,AUTO POSTO CAMPESTRE IMIGRANTES LTDA
5695,8352e4f3e57e,ASTURIAS AUTO POSTO LTDA
5696,8355df251e2a,POSTO ELITE LTDA
5697,8363996ca91e,AUTO CENTER SANTA CRUZ LTDA
5698,837ac55617ac,AUTO POSTO ECOS LTDA
5699,838070c55b74,POSTO ALPHA DE VOTORANTIM LTDA.
5700,838439b77834,FERREIRA COMERCIO DE DERIVADOS DE PETROLEO LTDA
5701,838a9a972efe,COMERCIAL BI LTDA
5702,838e179ac082,AUTO-POSTO PRINCESA DO SERTAO LTDA
5703,8392deb74021,CENTRO AUTOMOTIVO PORTAL DO LITORAL LTDA.
5704,83a873ab647b,MARLIM COMBUSTIVEIS LTDA
5705,83aa552d82b5,MIRIAN CINTA LARGA AUTO POSTO LTDA
5706,83aa87b9842b,F. G. FRATELLI COMERCIAL DE COMBUSTIVEIS LTDA
5707,83ac77fb8d42,COMERCIO DE COMBUSTIVEL INDUSTRIARIO EIRELI
5708,83ace0d5ea29,POSTO SAO MATTHEUS LTDA
5709,83b3d6c6cc99,A.L.S. COMBUSTIVEIS LTDA
5710,83b61425b03a,M F RODRIGUES JUNIOR
5711,83bb69184d8a,VIA GAS POSTO DE SERVICOS LTDA
5712,83c061fa76a0,PORTAL DAS DUNAS COMBUSTIVEIS LTDA
5713,83c069f5eaaa,POSTO PAI JOAO LTDA
5714,83c11c74b3b4,POSTO ROTA 239 ABASTECEDORA DE COMBUSTIVEIS E SERVICOS LTDA
5715,83c34a938eba,POSTO DE SERVICOS AVANCO LTDA
5716,83cc6712f1a7,POSTO JOCKEY COMERCIO VAREJISTA DE COMBUSTIVEIS LTDA
5717,83cd41c73e99,AUTO POSTO DO TRABALHO FREGUESIA LTDA
5718,83d358076e2d,CAPELEZZO & CAPELEZZO LTDA
5719,83dc932c746c,REDE DE POSTOS 3 IRMAOS IV LTDA
5720,83e2ee461b43,POSTO SOUZA LTDA.
5721,8404d9b67864,AUTO POSTO JARDINS DE MONET LTDA
5722,840655c8cdfb,SANTANA 2000 AUTO POSTO LTDA
5723,840e5430b240,CARREFOUR COMERCIO E INDUSTRIA LTDA
5724,84152515a821,BCR COMERCIO DE COMBUSTIVEIS LTDA
5725,8431a97b8991,POSTO LEAO DA ILHA LTDA
5726,8436345bc855,COOPERCITRUS COOPERATIVA DE PRODUTORES RURAIS
5727,844eac07ef71,KOALA SERVIÇOS E COMERCIO LTDA
5728,8456d6077e6f,AUTO POSTO BELA JOIA LTDA.
5729,845870e2defa,POSTO JARDIM INDUSTRIAL LTDA
5730,8463a81b4e5d,COMERCIAL SUPER DE DERIVADOS DE PETROLEO LTDA.
5731,84643cc621d6,IRMAS TRINDADE DE OLIVEIRA LTDA
5732,8465d1f27924,GANVAL COMERCIO DE COMBUSTIVEIS E DERIVADOS DE PETROLEO LTDA
5733,846edc51a72b,AUTO POSTO BOA ESPERANCA LTDA
5734,846fc1108d94,AUTO POSTO GRANDE RIO LTDA
5735,8470ee71a9f9,RIMAWI AUTO POSTO LTDA
5736,8472af380c8d,POSTO MOMENTO QUALITY LTDA
5737,847309a63b30,AUTO POSTO PINHEIRO LTDA
5738,8478404e82a5,PETROCAL PETROLEO CAVALCANTI LIMITADA
5739,847c7886bec8,AUTO POSTO MANHATTAN DE BIRIGUI LTDA
5740,847e888769d2,NOBREGA E MELO COMERCIO VAREJISTA DE COMBUSTIVEIS LTDA
5741,847f8d1f32ad,POSTO E MOTEL RODOBELO LTDA
5742,848736c90de1,CARREFOUR COMERCIO E INDUSTRIA LTDA
5743,848d398c9f20,PLANALTO PETROLEO UNIAO LTDA
5744,848e38ab2fef,POSTO DE COMBUSTIVEIS JALISCO LTDA
5745,849724310698,AUTO POSTO VIA SETE LTDA
5746,84a8b4d729e7,POSTO MAHLE SANTA RITA LTDA
5747,84a8d9418333,AUTO POSTO WAVE LTDA
5748,84b14ae4fa0b,M J COMERCIO DE COMBUSTIVEIS E TRANSPORTE LTDA
5749,84be838793cc,AUTO POSTO NACIONAL LTDA.
5750,84cb8d788c9e,AUTO POSTO ARCANJO MIGUEL III LTDA. - EPP
5751,84dab3692ba0,POSTO MAGGRI DE COMBUSTIVEIS LTDA
5752,84dd5d4877a1,CARLOS SOUSA COMBUSTIVEIS E LUBRIFICANTES LTDA
5753,84e1c224b0e7,AUTO POSTO RT99 LTDA.
5754,84ee54a5cb62,GANDINI AUTO CENTER LTDA
5755,84f82dd04321,AUTO POSTO JARDIM INTERLAGOS DE HORTOLANDIA LTDA
5756,84f83b5a5b89,POSTO SAO JORGE DE BAURU LTDA.
5757,8501646e2764,AUTO POSTO CALAMA LTDA
5758,850c14643ebf,AUTO POSTO PREMIUM LTDA
5759,850d960d901f,AUTO POSTO VALE DO SAMAMBAIA LTDA
5760,850f9c1f9ba8,AUTO POSTO PANTANAL LTDA
5761,851589f7d258,POP AUTO POSTO COMERCIO DE COMBUSTIVEIS LIMITADA
5762,8521a643798a,POSTO CASTELO DA BOCANHA LTDA
5763,8522add2255e,AUTO POSTO SAO LUIZ LTDA
5764,8523f600e0d1,AUTO POSTO KENNEDY LTDA
5765,8526c816b02e,POSTO DE ABASTECIMENTO A GAS PERFEITO LTDA
5766,852f4579043e,POSTO NOSSA SENHORA APARECIDA LTDA
5767,85363a9d306f,AUTO POSTO PERSEVERANCA LTDA.
5768,8537f113cccd,D. R. A. DERIVADO DE PETROLEO LTDA
5769,8538834e4141,A ROTATORIA POSTO E CONVENIENCIA LTDA
5770,853ad395f751,COMERCIAL DE COMBUSTIVEL SANTOS LTDA
5771,853f300a73ee,AUTO POSTO GIRASSOL LTDA
5772,8542201fbbc1,POSTO DE SERVICOS E COMBUSTIVEIS PETRO POINT LTDA
5773,85490e3c06af,AUTO POSTO PINHEIROS DE JABOTICABAL LTDA
5774,854b08574f47,RCJ AUTO POSTO LTDA
5775,8557f54d92b9,SUPER POSTO 800 MILHAS - EIRELI
5776,855ad1f7ccd5,AUTO POSTO TABAJARAS LTDA
5777,8567298db12e,POSTO NOVE DE JULHO BIRIGUI LTDA
5778,856a4e048f69,CONDESSA 10 - POSTO DE SERVICOS E CONVENIENCIA LTDA
5779,857132e12ca4,AUTO POSTO GRUMARI HORTOLANDIA LTDA
5780,8571d6f57462,L & M MATOS COMBUSTIVEIS LTDA
5781,857f7f59ba33,AUTO POSTO SEVEN 94 LTDA
5782,8582e6a772ae,ADEMIR FRAGA LIMA CIA LTDA
5783,8586d6e82656,IVANILTON ALCANTARA & CIA LTDA - EPP
5784,8588dae45d50,AUTO POSTO SANTO EXPEDITO LIMITADA
5785,85904c71b15d,POSTO CONFIANCA LTDA.
5786,8591af950c33,AUTO POSTO PRESIDENTE LTDA
5787,8592cbd297a5,J. A. COMERCIO VAREJISTA DE COMBUSTÍVEIS LTDA.
5788,85956da55060,RRC AUTO POSTO LTDA
5789,85a9bbc92132,POSTO DE COMBUSTIVEIS MIRANTE LTDA.
5790,85ab209bcd0a,AGUIAR PETROLEO E LOCACOES LTDA
5791,85afbcc421e4,AUTO POSTO HURACAN LTDA
5792,85b1699d9374,POSTO FUTURO COMERCIO DE PETROLEO LTDA
5793,85b3431f3f19,POSTO CAPUABA LTDA
5794,85b461b65593,MOTOGAS INDUSTRIA DE COMPRESSAO E COMERCIO DE GAS NATURAL LTDA
5795,85b7cdb06b54,AUTO POSTO PRAIA DE SAO FRANCISCO LTDA
5796,85b9f15a895e,CENTRO AUTOMOTIVO TOSCANA LTDA
5797,85c206420db5,POSTO DE COMBUSTIVEIS VILA AYMORE LTDA
5798,85c61520f05d,POSTO DIQUE COMBUSTIVEIS LTDA.
5799,85c6f54227d4,AUTO POSTO AVANGARD LTDA .
5800,85cf52b9e863,GASCEM AUTOMOTIVO LTDA
5801,85d7244eb4c2,AUTO POSTO ALETONI LTDA
5802,85dc9a5b514a,COMERCIO DE COMBUSTIVEIS FLORESTAL LTDA
5803,85de3d771b62,AUTO POSTO RENASCER LTDA
5804,85df8d818045,AUTO POSTO VIA MARE LTDA
5805,85e3beeac624,ALLBATROSS SERVICOS AUTOMOTIVOS LTDA
5806,85eb32969827,AUTO POSTO S. VICTOR LTDA.
5807,85f70169dd12,POSTO DE COMBUSTIVEIS MAIOR DA POSSE LTDA
5808,85f9a96fd289,RPMP COMERCIO DE COMBUSTIVEIS LTDA
5809,860535d16c59,AUTO POSTO TAQUARI DE LONDRINA EIRELI
5810,86135ba13353,AUTO POSTO PARAISO LTDA
5811,86162f73e932,AUTO POSTO IGUALDADE LTDA
5812,86226a5effd0,POSTO ALVORADA LTDA
5813,862af12143d6,POSTO AVENIDA INVERNADA LTDA
5814,862c8afd82b0,POSTO JARDIM ARMACAO COMBUSTIVEIS LTDA. - EPP
5815,862f622e785a,AUTO POSTO SERTAO LTDA.
5816,8633d2c749dd,AUTO POSTO PINDORAMA LTDA
5817,863502e2ac3f,POSTO ISOLA DERIVADOS DE PETROLEO LTDA
5818,8637a9854ea2,POSTO AUTOVIA C-1 EIRELI
5819,8639895e8b40,AUTO POSTO MOVIMENTO II LTDA
5820,8641f6b7a5b9,POSTO LINHA VERDE LTDA
5821,8642667b8d53,MASTER COMERCIO DERIVADOS DE PETROLEO LTDA
5822,864fe8ac8581,P&E COMERCIO DE DERIVADOS DE PETROLEO LTDA
5823,8656c6f277b1,AUTO POSTO ACACIA DA SERRA LTDA
5824,8660aeda8610,COLUMBUS COMERCIO DE COMBUSTIVEIS LTDA
5825,866385052850,FORTE VIANA COMERCIO E TRANSPORTES LTDA
5826,866943374e33,AUTO POSTO ACELERADOS LTDA
5827,866ee4ce4e8c,AUTO POSTO 100 LTDA.
5828,866fa557437e,AUTO POSTO CINCO ESTRELAS LTDA
5829,867d9f72a0a3,POSTO AVENIDA BRASIL LTDA
5830,867fd65e9f37,POSTO SAO LUCAS DE CAMPOS LTDA
5831,86802971b255,AUTO POSTO VILA RIO LTDA
5832,868488c6ef75,POSTO PEROLA DO CAETE LTDA
5833,868d89fc9225,AUTO POSTO CAPELLO DE PAULA LTDA
5834,869518f4f8a9,AUTO POSTO MARINHEIRO LTDA
5835,869aebd2a59f,AUTO POSTO BRASIL PETRO RIO VERDE LTDA
5836,86a2134a0bbf,VALDIR NATALINO ANDREETA
5837,86a44e29dc2d,AUTO POSTO FORMIGAO EIRELI
5838,86adffce6d51,BAUER POSTOS COMERCIO DE COMBUSTIVEIS E CONVENIENCIAS LTDA
5839,86ba3f2a8996,AUTO SERVIÇO SUDOESTE LTDA.
5840,86c463379f3f,SANTANA E CASTRO POSTO DE COMBUSTIVEIS LTDA
5841,86c66c57fce8,AUTO POSTO MOURAO COMERCIO DE COMBUSTIVEIS LTDA.
5842,86d02aadf52a,VALDEIR NICOLODI LTDA
5843,86d3570dd3c9,FENIX COMERCIO DE COMBUSTIVEIS E LUBRIFICANTES LTDA
5844,86dae781ab28,CATUAI ARAPONGAS - COMERCIO DE COMBUSTIVEIS LTDA
5845,86dcaca20338,EMPREENDIMENTOS BRITO LIMA LTDA
5846,86e2e167735d,PETROCARMO DISTRIBUIDORA DE PETROLEO LTDA
5847,86e7cec4edbc,POSTO A+ COMERCIO DE COMBUSTIVEIS LTDA
5848,86ef37575324,VIA ROMA AUTO POSTO COM. DE COMBUSTÍVEIS LTDA.
5849,86f484eff84c,GDI COMERCIO DE COMBUSTIVEIS 2 LTDA
5850,86f4934cfa65,EDUARDO AFRANIO JUNQUEIRA
5851,86f66a576980,ALPHA COMERCIAL DE COMBUSTIVEIS LTDA
5852,86f983bfbb46,AUTO POSTO BLUE LTDA
5853,86ffe44058a1,AUTO POSTO CHERVESON LTDA
5854,8718463e226a,FOX MILENIUM COMERCIO DE COMBUSTIVEIS LTDA
5855,871e6a14e9f4,REDE SUPER S 2.0 LTDA
5856,8720738e0b44,POSTO DE GASOLINA DINNEI LTDA
5857,8720bd3ba2f4,COMERCIO DE PETROLEO E DERIVADOS GETULIO LTDA
5858,8721b6ad4316,D+ BRASIL AUTO POSTO LTDA
5859,8725b871de4b,POLO COMBUSTIVEIS E LUBRIFICANTES LTDA
5860,87298d8f0468,AUTO POSTO ESTADAO 1000 LTDA
5861,873922be98ae,3 VIAS COMERCIO DE DERIVADOS DE PETROLEO LTDA
5862,8746fa3a3dbd,SUPERPETRO COMBUSTIVEL LTDA
5863,874b64ac740d,BEZERRA E LUCENA LTDA.
5864,874e1cf04352,AUTO POSTO BELA VISTA MONTE ALTO LTDA
5865,87584b1cf5bf,CDG COMBUSTIVEIS LTDA
5866,875913e2a5ad,AUTO POSTO TECOARA LTDA.
5867,875bbd87ab6c,AUTO POSTO BARREGAS LTDA
5868,8763f34ba400,POSTO IMPERIAL DA SERRA LTDA
5869,8766ee02e06f,M.AXE'S COMERCIO SOBRALENSE DE PETROLEO I LTDA
5870,87706b9c65dc,MUNARI COMERCIO DE COMBUSTIVEIS LTDA
5871,8775581ab379,AUTO POSTO DO RATINHO LTDA
5872,877d670ad315,R. N. SILVA - COMERCIO DE COMBUSTIVEIS
5873,878882fc8820,F. G. FRATELLI COMERCIAL DE COMBUSTIVEIS LTDA
5874,878a3e5d7768,AUTO POSTO MOCOCAO 2 LTDA
5875,878d2e2697f5,MAX PETROL COMERCIO DE COMBUSTIVEIS LTDA
5876,8792de1beff1,HIPER MOREIRA AUTO POSTO LTDA
5877,8799f41ee7c7,BOX 44 POSTO E SERVIÇOS LTDA.
5878,87a327eae5be,GRAPEGIA & ZANELLA LTDA
5879,87a37db21cf9,MARINHO COMBUSTIVEIS EIRELI
5880,87a6272b2b28,AUTO POSTO MALONI LTDA
5881,87a85e76c1b5,CENTRO AUTOMOTIVO IMPERIO DAS NACOES LTDA.
5882,87ac51c68a20,POSTO DE SERVICOS RALLY LTDA
5883,87be6ced26b4,AUTO POSTO VM LTDA
5884,87bf9dadf17e,COMERCIAL DIAS VIEIRA LTDA
5885,87c984524879,IMACULADA CONCEICAO COMERCIO DE PETROLEO LTDA
5886,87cf2664facb,AUTO POSTO VENETO LTDA
5887,87d2c69340af,M F B NOGUEIRA POSTO DE COMBUSTIVEL LTDA
5888,87db5ddd9322,POSTO CIDADE PATRIMONIO LTDA
5889,87de2d671413,AUTO POSTO TRIUNFO PEREQUE ACU LTDA
5890,87e8d49e0885,DALLAS BOSQUE AUTO POSTO LTDA
5891,87e9189b6221,ABASTECEDORA CAVALLERI LTDA
5892,87f45881f5fe,POSTO SANTA ROSA LTDA
5893,880234830930,AUTO POSTO ROLADOR LTDA
5894,880689e2af95,AUTO POSTO 36 LTDA
5895,8827ef350590,PETRO CENTRO COMERCIO DE PETROLEO E DERIVADOS LTDA
5896,8828c5e7da26,CASCOL COMBUSTIVEIS PARA VEICULOS LTDA
5897,8829a8dca7dc,AUTO POSTO ACONCHEGO DE MERITI LTDA
5898,883c8ac388b1,POSTO QUALITY BARUEL LTDA
5899,88405481b128,SD H S RANKS REVENDA DE DERIVADOS DE PETRÓLEO LTDA.
5900,8844f8768f3a,AUTO POSTO DOM JOAQUIM EIRELI
5901,884774dda565,CM COMERCIO DE COMBUSTIVEIS PARACATU LTDA
5902,88499010d66b,AUTO POSTO CIDADE NOVA LTDA
5903,8850cee7f6f2,POSTO GRID LTDA
5904,8850dd0a6bf1,XAXIM COMERCIO DE COMBUSTIVEIS LTDA
5905,8857836efeec,POSTO RIBEIRINHO LTDA
5906,885a646564d1,AUTO POSTO AFONSO PENA LTDA
5907,8860ec653336,AUTO POSTO PIONEIRO LTDA
5908,88654fdc0570,AUTO POSTO PROALCOOL LTDA
5909,886da6f47271,SARTORI & PADOVAN LTDA
5910,8872643036bf,POSTO DE SERVICOS AUTOMOTIVOS E COMERCIO DE COMBUSTIVEIS MERLOT LTDA
5911,887567226da5,AUTO POSTO MONTEIROS DE ARARUAMA LTDA
5912,88816457b7de,F SANTOS & CIA LTDA
5913,8888fffd3433,REDE DE POSTOS SAGUI LTDA
5914,88a2851ba322,E.S.S. COMERCIO DE COMBUSTIVEIS AUTOMOTIVOS LTDA
5915,88a4ee9d3276,SANDIEGO COMERCIO DE COMBUSTIVEIS LTDA
5916,88b59980526d,AUTO POSTO LICA LTDA
5917,88b6ae987ba0,AUTO POSTO LESTE LTDA
5918,88be751d8b64,TOTALLE AUTO POSTO LTDA
5919,88d225764238,MAISA COMBUSTIVEIS LTDA.
5920,88d2b66379fd,AUTO POSTO ABAETE LTDA
5921,88d973efe184,COMPANHIA BRASILEIRA DE DISTRIBUICAO
5922,88dbcbee3bed,AUTO POSTO CHACARA DAS PAINEIRAS LTDA
5923,88e8e8d44e59,RCA VILLA COMERCIO DE COMBUSTIVEIS LTDA
5924,88f4dab2cf5c,CMKS COMERCIO DE DERIVADOS DE PETROLEO LTDA
5925,88fac50f3141,TRI AUTO POSTO LTDA
5926,88ff55b6b2ff,AUTO POSTO RENOVACAO DE SAO MATEUS LTDA
5927,8900f28ab90e,CEMOPEL CM PETROLEO LTDA
5928,8904a73fcbce,AUTO POSTO ULY LTDA
5929,890bb9b4a0ec,ECOSTATION COMERCIO DE COMBUSTIVEIS LTDA
5930,8911e49c0e0e,SIM REDE DE POSTOS LTDA
5931,891a90f13851,A. MACHADO DOS SANTOS DERIVADOS DE PETROLEO
5932,891ccb74345c,COMERCIAL DE COMBUSTIVEIS NOROESTE - EIRELI
5933,89233de078f5,POSTO A1 LTDA
5934,89273ad8624f,POSTO PORTELAO LTDA
5935,892d91f65738,AUTO POSTO ITAMOGI LTDA
5936,892da4f5682f,AUTO POSTO MMS LTDA
5937,89305b386f75,AUTO POSTO CAMPEÃO LTDA
5938,894992845688,AUTO POSTO LC PATIO DOS TRILHOS LTDA
5939,89543807dbe3,JMX POSTO DE GASOLINA E SERVICOS LTDA
5940,895bfc1e1bfd,DMA DISTRIBUIDORA S/A
5941,895eb08e304d,ABASTECEDORA CAVALLERI LTDA
5942,89615e8e826f,POSTO JACINTO LTDA
5943,896ab929e204,AUTO POSTO ANEL VIARIO NORTE EIRELI
5944,897552867703,L. C. EMPREENDIMENTOS LTDA
5945,8975eadb975a,J L FIGUEIREDO & FILHOS LTDA
5946,89783129c278,PETRONORTE COMBUSTIVEIS LTDA
5947,8979d1ba2e9f,AUTO POSTO DA NOVA JABOTICABAL LTDA
5948,897f86fd1381,PLUS CENTER AUTO POSTO LTDA
5949,89812fee7077,TROPICAL PETROLEO LTDA
5950,898244b8d4e0,AUTO POSTO JB LIMITADA
5951,8984b633b9d0,D.Q.B. PETROLEO LTDA
5952,898f4f63b4b1,PETRO RONDONIA DISTRIBUIDORA DE COM. E TRANSPORTE LTDA
5953,899158351cad,T R B A COSTA EIRELI
5954,89993ec3b095,POSTO DE COMBUSTIVEIS BOM EIRELI
5955,899da5091bc5,AUTO POSTO ITAMAXI LTDA
5956,899f6ffb5c52,POSTO DE SERVICO RAY LTDA
5957,89a479fbf8da,AUTO POSTO CEDRO DO LIBANO LTDA
5958,89a5f59078dc,POSTO REGINAS LTDA
5959,89b04b3c8563,MUCURIPE COMERCIO DE COMBUSTIVEIS LTDA
5960,89ba63a514e7,POSTO 5.5. LIMITADA
5961,89bc79ecdb96,MUTUQUINHA AUTO POSTO LTDA
5962,89c15efeba0a,RAIMUNDO BEZERRA DE ANDRADE & CIA LTDA
5963,89c2bb0b48ce,NOVO HORIZONTE DIESEL & LOJA DE CONVENIENCIA LTDA
5964,89ceb6dfc4e0,PARANA DE FORA COMERCIO DE COMBUSTIVEIS E LUBRIFICANTES LTDA
5965,89d2520a51d2,PETROLEO ELDORADO LTDA.
5966,89e3bcd70f2d,MUCURIPE COMERCIO DE COMBUSTIVEIS LTDA
5967,89e433f9c384,POSTO MIRANTE DA TAQUARA LTDA
5968,89ee053ac781,CAVALCANTE & LEITE LTDA
5969,89ee57888ce1,V.C.EMPREENDIMENTOS LTDA
5970,89f1eb50c447,POSTO SANTO INACIO DE LOYOLA LTDA
5971,89f643e968c1,AUTO CENTER 5000 LTDA
5972,8a04bb03eff0,AUTO POSTO RABAT LTDA
5973,8a1ae83d2e81,RUBI DE GUARULHOS AUTO POSTO LTDA
5974,8a1ec8b1b7d0,AUTO POSTO PRIME LTDA.
5975,8a1f032066d1,POSTO SAO RAFAEL LTDA
5976,8a24aeb4ad04,POSTO DE SERVICOS TRAVESSIA DE SANTOS LTDA.
5977,8a34f0ffea0c,AVANT COMBUSTIVEIS LTDA
5978,8a3577c7bd7f,AUTO POSTO MONTANA DE VINHEDO LTDA.
5979,8a38659e6597,AUTO POSTO GRAMADO LTDA
5980,8a3902c94802,A. SOUZA FECHINE & CIA LTDA
5981,8a405b119da4,J.CAMARGO & A.CAMARGO LTDA
5982,8a4e3c0a9165,POSTO QUARTO DE MILHA LTDA
5983,8a535dcf90a0,J MARCOS ALVES TRINDADE & CIA LTDA
5984,8a56f68df88c,ABASTECEDORA DE PETROLEO SCHARLAU LTDA
5985,8a599843c361,POSTO ICCAR LTDA
5986,8a5e45200027,CENTRO AUTOMOTIVO ALAMEDA CAMPINAS LTDA
5987,8a739c486ddf,AUTO POSTO GUANABARA DE GARCA LTDA
5988,8a76c718f7cc,COMERCIO DE COMBUSTIVEIS CARAVAGIO LTDA
5989,8a8274cc10e3,AUTO POSTO DUQUE SUECIA LTDA
5990,8a838ef3af21,AUTO POSTO ANDREATTI LTDA
5991,8a8971c86fe2,AMAZON COMBUSTIVEIS PARA VEICULOS E CONSTRUCOES LTDA
5992,8a8bd4204e34,AUTO POSTO GENTIL ELOHIM LTDA
5993,8a8e4ddb75e2,AUTO POSTO VILA MIRIM LTDA
5994,8a8ec83bbf54,WALBRAX MOGI AUTO CENTER LTDA
5995,8a91f155567a,AUTO POSTO SANTA EDWIRGENS DE IBITINGA LTDA
5996,8a9684c421d4,ECOPOSTOS - COMBUSTIVEIS E SERVICOS LTDA
5997,8a9eed4952bf,FRIOL & CIA LTDA
5998,8aa29c6cbae8,AUTO POSTO SABUGAL LTDA
5999,8aa2dd33abdd,AUTO POSTO PEPA LTDA.
6000,8ab42dba6cca,POSTO MONTREAL LTDA.
6001,8ab61e06c6c6,ORGANIZACAO GUAIBIM LTDA
6002,8abda303e349,SIM REDE DE POSTOS LTDA
6003,8ac978f651f1,ECONOMICO AREINHA LTDA
6004,8ad7f81f5992,AUTO POSTO DUDA LTDA
6005,8ad90c6d6e6e,POSTO SEVEN 91 LTDA
6006,8ae017f0ade6,POSTO DE SERVICOS SERRANO LTDA
6007,8ae5029604a0,COMERCIAL DE PETROLEO SAO MATHEUS LTDA.
6008,8aeb4b92b84e,AUTO POSTO SANTO ANTONIO DE CARAGUA LTDA
6009,8aedf0840a9c,AUTO POSTO NOVO WEST LTDA
6010,8af9b0bd30d8,TARGINO COMERCIO DE COMBUSTIVEIS LTDA
6011,8b1823b29c0b,ART AUTO POSTO LTDA
6012,8b1bfa8256b8,A E RODRIGUES GOMES LTDA
6013,8b2a61134dc9,AUTO POSTO AERO RANCHO LTDA
6014,8b2d3cc8b0d3,AUTO POSTO ALMIRANTE ALEXANDRINHO LTDA
6015,8b3f4ab76ca4,COMERCIO DE COMBUSTIVEIS JK LTDA
6016,8b43f98a1631,POSTO YUCATAN LTDA
6017,8b511be98e53,TNT COMERCIO DE GAS LTDA
6018,8b5437a9e58d,AUTO POSTO DIACOV LTDA.
6019,8b5473f45ad8,GRAVA COMERCIO DE COMBUSTIVEIS LTDA
6020,8b55999cdbcd,GALON & MAESTRI LTDA
6021,8b5b5dee7aa8,AUTO POSTO ZENITH GUILHERMINA LTDA
6022,8b62801a6ef5,PRYNCIPADO DE VINHEDO - COMERCIO VAREJISTA DE COMBUSTIVEIS LTDA
6023,8b6693b5d83a,CARREFOUR COMERCIO E INDUSTRIA LTDA
6024,8b6d8558293a,POSTO CAMPESTRE LTDA
6025,8b738c1f5cf2,CORRIENTES COMERCIO DE COMBUSTIVEIS LTDA.
6026,8b75f5e178e9,POSTO DE COMBUSTIVEL CIDADE LTDA
6027,8b77ca554960,CASCOL COMBUSTIVEIS PARA VEICULOS LTDA
6028,8b78c976813b,AUTO POSTO SAO JOAO PAULO II LTDA
6029,8b7a81ac1de8,POSTO TOKIO PETRO 16 LTDA
6030,8b887488d5d0,POSTO 6 RODAS LTDA
6031,8b8922fc242d,AUTO POSTO RANGER LTDA.
6032,8b8b587c812d,L S COMERCIO E SERVICOS LTDA
6033,8b8da86a27d7,M. LUZ COMERCIO DE COMBUSTIVEIS LTDA
6034,8b8ddc36496b,POSTO DO SINO LTDA
6035,8b91840a3e51,POSTO CHÁCARA DO PARAÍSO ABASTECIMENTO E SERVIÇOS LTDA
6036,8b93559cb649,AUTO POSTO REDE SOL LTDA.
6037,8b944cbfabe3,AUTO POSTO CIDADE NOVA LTDA
6038,8b9d4e24dc8a,POSTO DE SERVICOS NOVA COTIA LTDA
6039,8ba8576872fa,POSTO MACH COMERCIO DE COMBUSTIVEIS LTDA
6040,8babe7ad2633,AUTO POSTO NOVO PERUS LTDA
6041,8bcac5bdb42a,L S COMERCIO E SERVICOS LTDA
6042,8bd350742865,AGUIA IV COMERCIO DE COMBUSTIVEIS LTDA
6043,8bd430dad876,NOYER COMERCIO DE COMBUSTIVEIS E DERIVADOS LTDA
6044,8bd763f3c802,POSTO MAGUARI LTDA
6045,8bd9d7470cdb,SANTO ANTONIO COMERCIO DE COMBUSTIVEL LTDA
6046,8bde201a69a2,POSTO MONTE BELO ML VIII COMERCIO DE COMBUSTIVEIS LTDA
6047,8be04f563ec9,PINHEIRO E FILHO COMERCIO DE COMBUSTIVEIS E DERIVADOS DE PETROLEO LTDA
6048,8bf130f61244,R.ALBUQUERQUE DE SÁ - COMÉRCIO DE COMBUSTIVEIS
6049,8bf258fb2edb,PRIMEIRO TORRES COMERCIO DE COMBUSTIVEIS LTDA
6050,8bfaff3709ba,AUTO POSTO MARQUES DE HORTOLANDIA LTDA
6051,8bfdfd257366,POSTO VIENA LTDA - ME
6052,8bff6abd590f,SOBRAL & PALACIO PETROLEO LTDA
6053,8c050e7a3676,KM 1 - COMERCIO DE COMBUSTIVEIS LTDA.
6054,8c093515fd07,AUTO POSTO ITAMARATI DE MARILIA LTDA
6055,8c09ae9255db,AUTO POSTO UNIVERSITARIA LTDA
6056,8c0c5d504a6c,POSTO 2 ABASTECIMENTO DE COMBUSTIVEIS LTDA
6057,8c15c9c1ebc4,SIM REDE DE POSTOS LTDA
6058,8c20190ae4b7,POSTO MIL COMERCIO DE DERIVADOS DE PETROLEO LTDA
6059,8c33505e4316,REDE QUALITY COMERCIO DE COMBUSTIVEIS LTDA
6060,8c4214d923f9,AUTO POSTO ARVOREDO LTDA
6061,8c454f337f65,POLARIS COMERCIO DE COMBUSTIVEIS LTDA
6062,8c4a0e1f94f9,AUTO POSTO PORTAL DE ITÁPOLIS LTDA
6063,8c4f7dd9cda8,MATO GROSSO COMÉRCIO DE COMBUSTÍVEIS LTDA. ME
6064,8c653b3530d7,L G SOARES & CIA LTDA
6065,8c6889ff7c28,AUTO POSTO MR LTDA.
6066,8c6da4a380ef,POSTO CHEFAO LTDA
6067,8c7077ea4703,POSTO DA TAMARINEIRA LTDA
6068,8c753e0ea38f,PN PETROLEO LTDA.
6069,8c76c0c7e595,POSTO DE COMBUSTIVEL AGUAS LINDAS LTDA
6070,8c76ec340c9b,D B FALCAO NETO
6071,8c7e7e344772,POSTO LARANJEIRAS 2 LTDA
6072,8c7f0eadd542,AUTO POSTO SCHUENG LTDA
6073,8c88c83a9f3d,AUTO POSTO LIDERANCA II LTDA
6074,8c8d1bb32023,GS COMERCIO DE COMBUSTIVEIS E LUBRIFICANTES LTDA - EPP
6075,8c8e24a675b1,COMERCIAL AMAZONIA DE PETROLEO LTDA
6076,8c8fd349976d,CANAL DA LAGOA EMPREENDIMENTOS LTDA
6077,8c9159efdee0,MACK XI COMERCIO DE DERIVADOS DE PETROLEO LTDA
6078,8c994c00f346,POSTO DE COMBUSTIVEIS ALVES BANDEIRA LTDA - EPP
6079,8c9ab9b78e77,AUTO POSTO PIONEIRO LTDA
6080,8c9d3024d879,AUTO POSTO 3 CAVALOS LTDA
6081,8ca5d085e331,AUTO POSTO ARUBA LTDA
6082,8ca9835f04d2,"POSTO G-3 COMERCIO, TRANSPORTE E SERVICOS E DERIVADOS DE PETROLEO EIRELI"
6083,8cadacc4f03f,DELTA JAU POSTO DE SERVICOS LTDA
6084,8cb8093189fa,CORACAO DE MARIA COMERCIO DE DERIVADOS DE PETROLEO LTDA
6085,8cc179634b7c,POSTO CJ LTDA
6086,8cc83d524e9a,AUTO POSTO K2 LTDA
6087,8ce24471c541,POSTO BOA SORTE BM LTDA
6088,8ce538314ea3,SANTA ANA ENERGIA LTDA
6089,8cf85243903b,IRCOM - COMERCIO DE DERIVADOS DE PETROLEO LTDA
6090,8cf90b24c173,POSTO SECULO XXI LTDA
6091,8cfc411bdd06,POSTO DE GASOLINA COROA DO MAR LTDA
6092,8d00c6e9515e,AUTO POSTO LEGO LTDA
6093,8d06267a2f21,ARGETAX ADMINISTRACAO E PARTICIPACOES EM EMPREENDIMENTOS COMERCIAIS LTDA
6094,8d0dbc5eb1fd,AUTO POSTO SANTO ANGELO II LTDA
6095,8d0e3e190bac,POSTO DE COMBUSTÍVEIS VILA OLIMPICA LTDA.
6096,8d0fce5a1bac,J & M COMERCIO DE COMBUSTIVEIS LTDA
6097,8d168269d29c,POSTO PELICANO 8 LTDA
6098,8d17a475fb99,COMERCIO DE COMBUSTIVEIS DIVINOPOLIS SERGIPE LTDA
6099,8d18697e2a4c,POSTO DUAS BARRAS LTDA
6100,8d19a6327541,AUTO POSTO AVENIDA BIRIGUI LTDA
6101,8d28e9d13cc6,PLANALTO PETROLEO BOLA LTDA
6102,8d3320c0b0fa,AUTO POSTO RYDER  LTDA
6103,8d3627eb2943,AUTO POSTO ATUBA LTDA
6104,8d3792f92b77,POSTO DE SERVICOS MARAVILHA LTDA
6105,8d5346b57038,POSTO DAS ROSAS LTDA
6106,8d5444b5bd94,REDE DE POSTOS SETE ESTRELAS LTDA
6107,8d583baf98e9,AUTO POSTO ORIGINAL LTDA
6108,8d64ebb967ae,ANDEBRAZ MEGA POSTOS LTDA
6109,8d6f36ab5427,ABC DISTRIBUICAO DE PETROLEO LTDA
6110,8d74dfe8e0fa,SAO FRANCISCO PETROLEO LTDA
6111,8d766ca34c4e,PETROMIX COMBUSTIVEIS E LUBRIFICANTES LTDA
6112,8d8072c81978,POSTO MANGABEIRAS LTDA
6113,8d8b23f78d6d,ALPHAVILLE - COMERCIO DE COMBUSTIVEIS LTDA.
6114,8d8ca3f670f2,POSTO DO PAPAI LTDA
6115,8d92e33dce8b,FAROL DA AGUA FRIA - COMERCIO VAREJISTA DE COMBUSTIVEIS LTDA.
6116,8d97b205ac06,A. DA SILVA SOUZA
6117,8d9dc60476dc,P. F. NETO PETROLEO E COMBUSTIVEIS LTDA
6118,8da29ef8d171,COMERCIAL DE COMBUSTIVEL CRM LTDA - EPP
6119,8da5909d422f,FRANCATTO COMERCIO DE COMBUSTIVEIS LTDA
6120,8da71e7b931f,PORTAL DE BARUERI SERVICOS AUTOMOTIVOS LTDA
6121,8da839529ab1,AUTO POSTO ALVITAL LTDA
6122,8dac52ebaeea,VAP AUTO POSTO E LOGISTICA LTDA
6123,8dae58a7f4fa,ROZINELI & ROZINELI COMERCIO DE COMBUSTIVEL LTDA
6124,8daeabfc5dd6,AUTO POSTO MANACA LTDA
6125,8db31fb63853,BARBOSA & NUNES LTDA
6126,8db34b5b582e,FLAVIA P.SCHNEIDER EM RECUPERACAO JUDICIAL LTDA
6127,8db3f850b704,AUTO POSTO AEROPORTO LIMEIRA LTDA
6128,8dbc33db3bba,POSTO DE GASOLINA CIDADE DE DEUS LTDA
6129,8dbfe7ce576d,CLAUDIA BRANDAO COUTINHO
6130,8dc18840cf79,AUTO POSTO TAKAO JOSE BONIFACIO LTDA
6131,8dc6553a0de8,PATROCINIO PETROLEO E PECAS LTDA
6132,8dc6cc7fc5d0,AUTO POSTO COMEFOGO LTDA
6133,8dc7f7984f2a,KI POSTO LTDA
6134,8dc8fef28f51,RADAR AUTO POSTO LTDA
6135,8dcc2253d108,POSTO V E M DERIVADOS DE PETROLEO LTDA
6136,8dce0782591a,POSTO TOQUIO LTDA
6137,8dd5e2b26f57,POSTO CANCUN LTDA
6138,8ddb51f6c12b,MABIN COMERCIO DE COMBUSTIVEIS LTDA
6139,8de2da2c6e4a,AUTO POSTO CIDADAO LTDA
6140,8de6d6125d03,DISTRIBUIDOR DE COMBUSTIVEIS VALENTIM LTDA
6141,8def275d69f1,AUTO POSTO BOQUEIRAO LTDA
6142,8def431a35f7,AUTO POSTO MARUJADA LTDA
6143,8dfc4daea90b,REDE SUPER S 2.0 LTDA
6144,8dfd2a0097ca,VILLELA & VILLELA DERIVADOS DE PETROLEO LTDA
6145,8dffebfc1d29,BOTASIM SERVICOS AUTOMOTIVOS LTDA
6146,8e00edfbc161,AUTO POSTO SCHUENG LTDA
6147,8e0227f66e60,POSTO CATALAO LTDA
6148,8e08147de2e2,AUTO POSTO TIJUCA LTDA
6149,8e12ef5b640c,QUEIROZ & CARVALHO COMERCIO DE COMBUSTIVEL LTDA
6150,8e16553a7b33,LEONCIO SANTANA LTDA
6151,8e1e1356a20f,H. M COMERCIO DE COMBUSTIVEIS LTDA.
6152,8e1ed52987c9,NOVO MILÊNIO COMÉRCIO DE COMBUSTÍVEIS LTDA
6153,8e21fefecaf7,POSTO DE SERVICOS A5 LTDA
6154,8e227c894bd1,P 13 COMERCIO DE DERIVADOS DE PETROLEO LTDA
6155,8e2d60157c96,POSTO RC LTDA
6156,8e395a27afdc,ABASTECEDORA DE COMBUSTIVEIS NOVO HAMBURGO LTDA
6157,8e3e0eb7a49d,GRAMINHA COMERCIO DE COMBUSTIVEIS LTDA
6158,8e41b0e0e00c,AUTO POSTO PILOTT LTDA
6159,8e48a01a217a,SOBRAL & PALACIO PETROLEO LTDA
6160,8e52b3e42f3e,GARDA COMERCIO DE COMBUSTIVEIS LTDA
6161,8e55915fc194,LANATNAP POSTO DE SERVICOS LTDA
6162,8e5a3022a390,MACK V COMERCIO DE DERIVADOS DE PETROLEO LTDA
6163,8e5c7140aa94,POSTO DE COMBUSTIVEL PASSARELA LTDA
6164,8e636248a112,CARDINAL E OLIVEIRA LTDA
6165,8e69b328daa0,SAO PEDRO COMERCIO VAREJISTA DE COMBUSTIVEIS LTDA.
6166,8e6a9f71315c,POSTO ICCAR LTDA
6167,8e6dc2725f65,METRO PETROLEO LTDA
6168,8e726bf54574,POSTO ZEPPE MG LTDA
6169,8e7d0e234d02,J L C COMERCIO DE COMBUSTIVEIS E DERIVADOS DE PETROLEO LTDA
6170,8e7d978a23e6,POSTOS PELANDA COMBUSTIVEIS LTDA
6171,8e84770e1c6f,POSTO DE SERVICOS AVANTGARDE LTDA
6172,8e8579273014,JAIME T. MOURA E CIA LTDA.
6173,8e941732e76b,POSTO DE SERVICOS ROMANTICO LTDA
6174,8e98f6c1410e,MACRO AUTO POSTO LTDA
6175,8e9ac6922e56,MULTGAS POSTO DE GASOLINA LTDA
6176,8ea1a871776d,F. G. FRATELLI COMERCIAL DE COMBUSTIVEIS LTDA
6177,8ea8a48b79f6,AUTO POSTO VIDEIRA LTDA
6178,8eab05c4541f,WAGNER RONIERE MENEZES DE OLIVEIRA.
6179,8ead72db2a1a,AUTO POSTO REDE ENERGIA UM LTDA
6180,8eb29666070d,COMERCIAL DE COMBUSTIVEIS SANTA EDWIGES LTDA
6181,8eb3311490a5,AUTO POSTO BATE BOLA LTDA
6182,8eb383fca2ba,POSTO CAMILA LTDA
6183,8ec20c81e6a9,PREDITIVA DE PETROPOLIS AUTO POSTO LTDA
6184,8ed60e9e9ec2,M DO S M DO L FONTOURA & CIA LTDA
6185,8ede801c97c3,HN COMERCIAL DE PETROLEO LTDA
6186,8ee285defee9,VASPETRO COMBUSTIVEL LTDA
6187,8eea37979525,AUTO POSTO FLORENSE LTDA
6188,8eedd629b715,AUTO POSTO PETRO TERRA AEROPORTO DE ARARAS LTDA
6189,8ef853b820d9,AUTO POSTO PETROMAXXI DE JAU LTDA.
6190,8f018585c8db,POSTO DE COMBUSTIVEIS DAL RI LTDA.
6191,8f0a837d9735,AUTO POSTO AGLE LTDA
6192,8f110f3ec453,AUTO POSTO PX LTDA
6193,8f1eb736d109,CRISTAL DE VALENCA AUTO POSTO LTDA
6194,8f27e67e2c15,AUTO POSTO CANHEMA EIRELI
6195,8f2beb145bc7,AUTO POSTO PASSARELA 277 LTDA
6196,8f2e01600fb2,F H FREITAS E CIA LTDA
6197,8f2f147392fd,PORTAL DA GRANJA COMERCIO VAREJISTA DE COMBUSTIVEIS LTDA
6198,8f4b6bdd7fe1,AUTO POSTO INDUSTRIAL DE ITAJUBA LTDA
6199,8f4c35644fcc,POSTO MARCELO P. DE SOUZA LTDA
6200,8f4cac628867,POSTO KALILANDIA LTDA
6201,8f57f550c2f0,POSTO LAVA JATO LTDA
6202,8f5afa65a294,DIORAMA AUTO POSTO LTDA.
6203,8f5c0c9a203b,AUTO POSTO TIMBOZAO 2000 LTDA
6204,8f5e5bcdd44b,SUPER POSTO LIDER LTDA
6205,8f69acd304f1,DIAS COM.DE DERIVADOS DE PETROLEO LTDA.
6206,8f6a01f1ca3a,JOMAR - JOSE MARTINS COMERCIO DE COMBUSTIVEIS LTDA
6207,8f754092c834,MARCIO A SPOSITO TRANSPORTES LTDA
6208,8f7848fb9d13,CENTRO AUTOMOTIVO AGUA ESPRAIADA LTDA
6209,8f82810de00d,AUTO POSTO FENNER LTDA
6210,8f894b6d5081,GUARUJÁ - ANDALÓ AUTO POSTO LTDA.
6211,8f8b7b86d398,V & P COMÉRCIO DE COMBUSTÍVEIS E LUBRIFICANTES LTDA.
6212,8f8bfb4f14f4,UNIGAS COMERCIO DE COMBUSTIVEIS LTDA
6213,8f8df1e5b1ed,POSTO DE GASOLINA SANTA CRUZ LTDA
6214,8f9060e53837,JANDAIA COMERCIO DE COMBUSTIVEIS LTDA
6215,8f9fdbce23da,POSTO XINGU LTDA
6216,8fa0a81f3654,SIM REDE DE POSTOS LTDA
6217,8fa14d7d5c5b,AUTO POSTO MAXIMO DE BAURU LTDA
6218,8fa390d480e8,AUTO POSTO VEREDAS DE RIBEIRAO PRETO LTDA
6219,8fa39ae2e11b,MUCURIPE COMERCIO DE COMBUSTIVEIS LTDA
6220,8fa4f00b6acc,M C D CARVALHO & CIA LTDA
6221,8fa746b19a52,AUTO POSTO TAMARINDO LTDA
6222,8fae5d512e23,POSTO TRES FRONTEIRAS LTDA
6223,8fb77a19a860,"POSTO PLANALTO COMERCIO, SERVICOS E DERIVADOS DE PETROLEO EIRELI"
6224,8fb89e5f8075,AUTO POSTO ASTRO DA MUTIRAO LTDA
6225,8fb9462f374a,J. FERRO COMBUSTIVEIS E LUBRIFICANTES LTDA
6226,8fbf2ac33f7f,AUTO POSTO NB LTDA
6227,8fcd9b8d89db,POSTO PIONEIRO DE CATANDUVA LTDA
6228,8fdcccde2edc,CENTRO AUTOMOTIVO CAPRICHO DO VALE LTDA.
6229,8fdcce1031bb,POSTO AGUIAR LTDA
6230,8fee81d877ad,POSTO RENASCER LTDA
6231,8ff3e2331199,AUTO POSTO BRAS ALCOOL LTDA
6232,8ff8dd11d75b,COMERCIO DE COMBUSTIVEIS CENTRAL IPIRA LTDA
6233,8ffc83078a01,VALDEMARIN 4 - COMERCIO DE COMBUSTIVEIS E DERIVADOS DE PETROLEO LTDA
6234,9005e020094d,IRMAOS RODRIGUES E SANTOS LTDA
6235,9009dbec48f6,ARAGUAIA COMERCIO DE COMBUSTIVEIS LTDA
6236,90164f3ac119,AUTO POSTO 1500 DO SETOR INDUSTRIAL LTDA.
6237,90286b71d9c7,NOVO FOXX COMERCIO DE COMBUSTIVEIS LTDA
6238,9036c16cc666,AUTO POSTO BIGUA LTDA
6239,903f31ec5518,AUTO POSTO AGULHAS NEGRAS LTDA
6240,903fbde335da,POSTO DE SERVICOS PONTE NOVA LTDA
6241,904ad3f24f66,ROTA 153 COMERCIO DE DERIVADOS DE PETROLEO LTDA
6242,90552c315d08,VM FERNANDES COMERCIO DE COMBUSTIVEIS LTDA
6243,906084fd92d4,DE SOUZA STAEVIE & CIA. LTDA.
6244,906fa79a7cdf,POSTO MONTEIRAO EIRELI
6245,90792a6a12d8,AUTO POSTO PRAIA DAS PALMEIRAS LTDA
6246,90796d657173,GAO COMBUSTIVEIS E LUBRIFICANTES 5000 EIRELI
6247,907a0d537a31,SIM REDE DE POSTOS LTDA
6248,907ad73b2f66,AUTO POSTO SONIR LTDA
6249,908279bd8015,POSTO BRUNINHA LTDA
6250,908ed1cc0f8c,MAMBA LTDA
6251,909302e8d738,APG COMERCIO DE COMBUSTIVEIS LTDA
6252,909515add520,AUTO POSTO POMBALENSE LTDA
6253,90ad237d4768,VIANA FORTE COMERCIO DE COMBUSTIVEIS LTDA
6254,90bd35d34fcb,POSTO ALTERNATIVA DE COMBUSTIVEL E SERVICO LTDA
6255,90c098c07c47,SIQUELERO E SIQUELERO AUTO POSTO LTDA.
6256,90c0e9981a95,POSTO JARDIM OCEANICO LTDA.
6257,90cd22652fce,TEXAS CUIABA - AUTO POSTO LTDA
6258,90d74ff98962,BRITO & BARRA LTDA
6259,90d7772fee94,AUTO POSTO 42 LTDA
6260,90f20bdd2614,PRODOCIMO COMERCIO DE COMBUSTIVEIS LTDA
6261,90f22e25275b,POSTO CARONE LTDA
6262,90f8d68145bd,CENTRO AUTOMOTIVO NOVO BUTANTA LTDA
6263,910a3eabb856,POSTO AJURUTEUA LTDA
6264,910db933d19d,POSTO DE COMBUSTIVEIS E SERVICOS QUATRO PRIMOS LTDA.
6265,91123970ecc5,POSTO PONTUAL COMERCIO DE COMBUSTIVEIS LTDA ME
6266,911615301a08,INTERKAR AUTO POSTO LIMITADA.
6267,91262a61aa07,POSTO CANAL BATEL LTDA
6268,9126ce8458b4,AUTO POSTO CARANDA LTDA
6269,912e882c8844,MARINES T. KERLLER
6270,9132b887014f,ARGETAX ADMINISTRACAO E PARTICIPACOES EM EMPREENDIMENTOS COMERCIAIS LTDA
6271,9136565656df,AUTO POSTO FLAMINGOS LTDA.
6272,91368ea2d030,POSTO DE GASOLINA SOLAR DE CAMPO GRANDE LTDA
6273,913cd32b6e1b,AUTO POSTO GALLI LTDA
6274,91423bab7879,AUTO POSTO PARTIDA LTDA
6275,91423caa820a,TOTAL PETRO AUTO POSTO LTDA
6276,9148acf80583,CARREFOUR COMERCIO E INDUSTRIA LTDA
6277,91567decf24d,POSTO ESTACAO AVENIDA 8 LTDA
6278,91587d10cae5,UMUARAMA SERVIÇOS AUTOMOTIVOS LTDA
6279,915ff85afaa3,AUTO POSTO CASA CAIADA LTDA
6280,91639b375c76,POSTO MARIO ANDREAZA COMERCIO DE COMBUSTIVEIS LTDA
6281,916bc48c3faa,AUTO POSTO EXTRA PETRO LIMITADA.
6282,9178f1bbd9ad,COMERCIO DE COMBUSTIVEIS PARQUE GABRIEL LTDA
6283,918328023b2b,AUTO POSTO VELA BRANCA LTDA
6284,9184c9e069c9,AUTO POSTO ESTRELA DE ASSIS LTDA
6285,9188d67f0660,POSTO GOLL CORA DE CARVALHO LTDA
6286,918c05e38d50,MP COMERCIO DE COMBUSTIVEIS E DERIVADOS LTDA
6287,91967fc23c45,J.B.  COMERCIO DE COMBUSTIVEIS E TRANSPORTE LTDA
6288,919903e841c6,POSTO MAIS COMERCIO DE COMBUSTIVEIS LTDA.
6289,919caf207afc,POSTO SANTO EXPEDITO PETROLEO LTDA
6290,91a3f84bd6ec,ALPHA 2002 AUTO POSTO LTDA
6291,91a501d2f407,REDE FURNAS COMERCIO DE COMBUSTIVEIS LTDA
6292,91aa2acdece3,CACAPAVA COMERCIO DE PETROLEO LTDA
6293,91ab5a67d065,POSTO PALACIO GUANABARA LTDA
6294,91afa9350c7f,AUTO POSTO VILLALOBOS LTDA
6295,91bef07e83ab,POSTO AMERICANO LTDA
6296,91c2dd458108,FAROL VERDE AUTO POSTO LTDA
6297,91caaddd3bea,POSTO JARDIM ALTAMIRA LTDA
6298,91dbb9c8ef9e,R & S COMERCIO DE COMBUSTIVEIS LTDA
6299,91dcbae448ab,AUTO POSTO MARLIN LTDA
6300,91dcc0400c87,AUTOMOTO - AUTOMOVEIS DO AMAPA LTDA
6301,91e06a64a604,SETE ESTRELAS COMERCIO DE DERIVADOS DE PETROLEO LTDA
6302,91e97bed0eee,POSTO DE SERVICOS 1991 LTDA.
6303,91f4a6828178,SELMINHO AUTO POSTO LTDA
6304,91f8824562f0,MACK II  COMERCIO DE COMBUSTIVEIS LTDA
6305,91f8c1794d14,BG COQUEIRO COMERCIO DE COMBUSTIVEIS LTDA
6306,91fd440a0e7c,TRIANGULO AUTO POSTO LTDA
6307,9200b191a92a,AUTO POSTO CAJA LTDA
6308,920889cc3eab,AUTO POSTO MOGI DAS CRUZES LTDA
6309,920f2bda4a89,AUTO POSTO CAMINHO DOS PASSAROS LTDA
6310,9217a49e9a98,W A BARRETO E CIA LTDA
6311,92195044cb54,PETROGARCA AUTO POSTO LIMITADA
6312,921d9b92db78,POSTO NOSSA SENHORA DE FATIMALTDA
6313,922389fac3a8,RA COMERCIO DE COMBUSTIVEIS E DERIVADOS LTDA
6314,9225896f2f51,POSTO REDE VERDE LTDA
6315,9225cc8d20ab,AUTO POSTO 2 L LTDA
6316,92278bddf32d,POSTO BOA VISTA LTDA
6317,922cf0d15c2e,LEAL VIII COMERCIO DE PETROLEO LTDA
6318,9250bb1a83b7,AUTO POSTO POLIDORO LTDA.
6319,9258887c95b5,AUTO POSTO X 5 LTDA
6320,92589978f287,AUTO POSTO ESTRELA PRATEADA COMERCIO DE COMBUSTIVEIS LTDA
6321,9258a98827be,LEONCIO SANTANA LTDA
6322,925afa41cb94,MENDES ROCHA & CIA. LTDA
6323,925e24f273d9,AUTO POSTO GONZAGA SANTOS COMERCIO DE COMBUSTIVEIS LTDA
6324,92655f705f91,AUTO POSTO LOZZI LTDA
6325,926767f26c5d,AUTO POSTO VITALIA LTDA
6326,926ac48fda0a,GASCOP COMBUSTIVEIS LTDA
6327,9270620938c2,CENTRO AUTOMOTIVO SINERGIA LTDA
6328,927502fbf093,COMERCIAL DE COMBUSTIVEIS FLAMBOYANT LTDA
6329,9276163d7e76,ABASTECEDORA DE COMBUSTIVEIS EDAM LTDA
6330,9276ec3713c8,ROTA DO SOL COMERCIAL DE PETROLEO LTDA
6331,927bb082aa44,AUTO POSTO DOM VITAL III LTDA
6332,928322543b31,POSTO FAZENDAO LTDA
6333,928998420eec,ALVORECER COMERCIO DE COMBUSTIVEIS LTDA
6334,928dbc619627,AUTO POSTO DOURADAO LTDA
6335,929ff56bd09e,VALBA - COMERCIO DE COMBUSTIVEIS LTDA
6336,92a252afdb16,AUTO POSTO NOVO MILENIO LTDA
6337,92a5ab8a095a,POSTO HR MIRANDA LTDA
6338,92aa6c4c300c,POSTO F1 LTDA
6339,92ad10e087f3,LAVANDISCA AUTO POSTO LTDA
6340,92b8d8876bf8,POSTO JAU LTDA
6341,92d181d19042,AUTO POSTO GYM LTDA
6342,92d47c873281,M.H.T DERIVADOS DE PETROLEO LTDA
6343,92dd6a209f90,POSTO JOSE BAPTISTA LTDA
6344,92ddc02b9001,AUTO POSTO LITORAL VALE LTDA.
6345,92e1826cd019,POSTO DE COMBUSTIVEIS E CONVENIENCIAS CAMINHO DO GOL LTDA
6346,92e25e6c688d,LIBERDADE COMBUSTIVEIS LTDA
6347,92e8387003ce,ECOPOSTO AVATARES LTDA.
6348,92fbf64e3ccb,POSTO SUL AMERICANO LTDA
6349,9303f6b3e415,BG GUAJARA COMERCIO DE COMBUSTIVEIS LTDA
6350,9315ce23d50d,A J N CAIADO LTDA
6351,931876e47872,AUTO POSTO JARDIM DAS PALMAS LTDA
6352,9321fbb69074,ATLANTICO CENTRO AUTOMOTIVO LTDA
6353,932ca3aefe31,AUTO POSTO MASUT VIII LTDA
6354,932d161223ba,GAB AUTO POSTO LTDA
6355,932fcd57e87a,AUTO ABASTECIMENTO SANTO ANTONIO LTDA
6356,9337ae957b59,LUBRINESSA XVI COMERCIO DE PETROLEO LTDA
6357,9337f65b4920,AUTO POSTO VIP LORENA LTDA
6358,933a143070c0,ARRUDA AUTO POSTO I COMERCIO DE COMBUSTIVEIS LTDA
6359,93574021f553,APC II COMERCIO LTDA
6360,935ac080ddd7,AUTO POSTO NOVO ATO LTDA
6361,935e8f66b360,AUTO POSTO IMPERADOR DE SANTO ANDRE LTDA
6362,935f229de734,RODO POSTO JUIZ DE FORA LTDA
6363,93726aa9a4ed,DCK - COMERCIO DE COMBUSTIVEIS LTDA
6364,937fb8c9e8da,POSTO UNI PHILADELPHO LTDA
6365,9382cb49aefa,AUTO POSTO DINAMARCA LTDA
6366,938c36fac35a,NELIO FORTUNATO DE OLIVEIRA
6367,9391b205d808,ACF COMERCIO E SERVICOS LTDA
6368,9398677d9012,AUTO POSTO FORTALEZA DE LINS LTDA.
6369,939919c0e892,AUTO POSTO E CENTRO DE CONVENIENCIA GLICERIO SANTISTA LTDA.
6370,93a639a52c8f,AUTO POSTO COLONIA JUNDIAI COMERCIO DE COMBUSTIVEIS E SERVICOS LTDA
6371,93a7b5e6962a,AUTO POSTO NOVO BROOKLIN LTDA
6372,93ab25064d9b,C ALBUQUERQUE COMERCIO DE COMBUSTIVEIS EIRELI
6373,93acdc21b70f,SAO MIGUEL PETROLEO LTDA.
6374,93b318c827e1,DISTRIBUIDORA DE DERIVADOS DE PETROLEO AMONTADA LTDA
6375,93b90512b9fc,COREL AUTO POSTO EIRELI
6376,93b9cf836125,EDN COMERCIO DE COMBUSTIVEIS LTDA
6377,93bcdde62b8a,AUTO POSTO PASSEIO DAS AGUAS LTDA
6378,93bd417c1add,CENTRO AUTOMOTIVO LAGO FRIAS LTDA
6379,93c17ad92ee3,AUTO POSTO DAS NACOES DE JAU LTDA
6380,93cee8742a50,REDE DE POSTOS PRESIDENTE LTDA
6381,93cf109a07d9,AUTO POSTO F A  ITABAIANA LTDA
6382,93d384a958c7,MONTESE COMERCIO DE COMBUSTIVEIS LTDA
6383,93d5db505f64,A C AGUIAR E FILHOS LTDA
6384,93d60f7c78a7,AUTO POSTO TAK LTDA
6385,93db41fb634b,COMERCIAL AMAZONIA DE PETROLEO LTDA
6386,93e38940f996,AUTO POSTO MACHICO LTDA
6387,93f0b9af1d26,SBB COMERCIO DE COMBUSTIVEIS LTDA
6388,93f36b4512b9,GARAGEM RECORD S.A.
6389,93f96dfaabe6,NACOES COMERCIO DE COMBUSTIVEIS LTDA
6390,93fbc6ab67a6,AUTO POSTO MEDITERRANEO DE ARARAQUARA LTDA
6391,93ff1d2134f6,CASCOL COMBUSTIVEIS PARA VEICULOS LTDA
6392,9401b4940280,RG AUTO POSTO LTDA
6393,940a54330b96,AUTO POSTO FERROVIARIO LTDA
6394,940bbc65671c,AUTO POSTO PS GUERRA LTDA.
6395,940da0766970,CENTRO AUTOMOTIVO RIVIERA CAMPINAS LTDA
6396,9416157129e1,CATUAI APUCARANA - COMERCIO DE COMBUSTIVEIS LTDA
6397,9418e2393c50,POSTO JK COMBUSTIVEIS LTDA
6398,9423f1e865cf,UNIGAS COMERCIO DE COMBUSTIVEIS LTDA
6399,942b9452fe56,AUTO POSTO MADIA LTDA
6400,942da6308801,REDE HG COMBUSTIVEIS LTDA.
6401,943940e50e2d,JOSE GRASUENE DE ARAUJO LTDA
6402,943ec813966e,POSTO POSECOL LTDA
6403,944a4ddf2d39,PRIMAVERA PNEUS E PETROLEO EIRELI
6404,944bdb9e9ea1,SIMOVAN AUTO POSTO LTDA.
6405,944f6692d50a,POSTO MARIA FRANCISCA DOS SANTOS LTDA
6406,9453d388c652,AUTO POSTO MARGINAL DA CASTELO LTDA
6407,945b41018b4c,REDE DE POSTOS 3R LTDA - ME
6408,945eb81a1ebc,CORRENTAO AUTO POSTO DE CAMPINAS LTDA
6409,945fe3cb5a7a,ADM PETROLEO E DERIVADOS LTDA
6410,946479e8e912,AUTO POSTO SAO JOSE DE OURINHOS LTDA
6411,946d3ab29336,CARREFOUR COMERCIO E INDUSTRIA LTDA
6412,946d86e2f4fe,AUTO POSTO NOVA SANTA HELENA LTDA
6413,9486954e2246,BOA VIAGEM COMERCIO DE DERIVADOS DE PETROLEO LTDA
6414,9494ed8c04c5,BLUE STOP LTDA
6415,949f121db6ba,MIC COMERCIO DE COMBUSTIVEL LTDA.
6416,94a4be27b322,RFL CASTELINHO AUTO POSTO LTDA
6417,94a814ed12bc,CASCOL COMBUSTIVEIS PARA VEICULOS LTDA
6418,94ae73c025a0,MAXXI LIDER PETROLEO LTDA
6419,94aeb8b845ad,ITAMARATHY AUTO POSTO E ACESSORIOS LTDA
6420,94b652f4daf3,COMERCIAL DE COMBUSTIVEIS OM LTDA
6421,94baf2966e30,AUTO POSTO CATA-VENTO LTDA
6422,94bc5067fd63,AUTO POSTO PRESTIGIO LTDA
6423,94c2a8fdced2,EDUCANDARIO COMERCIO DE COMBUSTIVEIS LTDA
6424,94c7c4d31fc1,AUTO POSTO BALANCAO LTDA
6425,94d0c014c0ab,AUTO POSTO INTERLAGOS LTDA
6426,94d1a60d4012,TORRE FORTE COMERCIO DE COMBUSTIVEIS LTDA
6427,94d390275ecd,POSTO REGENTE LTDA
6428,94df3f43a157,POSTO ANTONELLI NOTA 10 LTDA
6429,94e292f309e4,GCS COMBUSTIVEIS LTDA
6430,94e4d682f79d,SIM REDE DE POSTOS LTDA
6431,94ed33d610b9,AUTO POSTO ITAQUANO LTDA
6432,9508f06f0465,POSTO DE SERVICOS PEROLA DO ATLANTICO LTDA.
6433,95196ef868e2,POSTO COMBUSTIVEL NOSSA SENHORA DE FATIMA LTDA
6434,951d490aa003,SANA COMERCIO DE COMBUSTIVEIS LTDA.
6435,951e0867fc38,AUTO POSTO SANTO ANTONIO LTDA
6436,952875073ebf,BOVERY AUTO POSTO LTDA
6437,9529d68c7559,ROTA AUTO POSTO COMBUSTIVEL LTDA
6438,953a0b6c87e0,AUTO POSTO ACARAJO LTDA
6439,95461c9ad719,VIA MAIS REDE DE POSTOS S.A.
6440,9548c0fcd276,AUTO POSTO SAO PEDRO DE SERTAOZINHO LTDA
6441,954b1b1e3cc7,GARZZO COMERCIO DE COMBUSTIVEIS E DERIVADOS LTDA.
6442,95595c271312,ABASTECEDORA DE COMBUSTIVEIS RIOXEL LTDA
6443,9560d66df372,POSTO FLORESTA E AGROPECUARIA LTDA
6444,95656bd677fa,SUPER POSTO TOF LTDA
6445,9566d19d3da4,AUTO POSTO MASTER DO FONSECA LTDA
6446,95716f9fc0cc,POSTO BRASILIA LTDA EM RECUPERACAO JUDICIAL
6447,9572610c557e,TS COMERCIO DE COMBUSTIVEIS LTDA.
6448,9574cbca6f67,CRUZEIRO COMERCIO DE COMBUSTIVEIS EIRELI
6449,957a49be1611,POSTO DE GASOLINA E LUBRIFICANTES BOLINHA LTDA
6450,957a97c28a15,POSTO TIO ZICO HAUER LTDA
6451,958b6c4960d6,PETROLEO E DERIVADOS SAO LEOPOLDO LTDA
6452,9595b841e6ce,CACIQUE PETROLEO LTDA
6453,95976c1e6739,AUTO POSTO ARIZONA LTDA
6454,95993a54f719,AUTO POSTO SCUBY LTDA
6455,95ac3848bfa2,G M RANGEL COMBUSTIVEIS LTDA
6456,95bced56d2b9,CHOU GAS AUTO POSTO LTDA
6457,95bf3551b46f,URSAO AUTO POSTO LTDA
6458,95c7bed37746,AUTO POSTO MELLO PEIXOTO LTDA.
6459,95c8d237e5c4,DP AUTO POSTO LTDA
6460,95c973663177,AP - COMERCIO DE COMBUSTIVEIS E LUBRIFICANTES LTDA
6461,95db45807953,PRL COMERCIO DE COMBUSTIVEIS LTDA
6462,95de51bd2e38,PETRO BULL COMBUSTIVEIS LTDA
6463,95df68ecff5d,AUTO POSTO LORA TORMEN LTDA
6464,95e532c67b3a,BAHIA REVENDEDORA DE PETROLEO E DERIVADOS LTDA - ME
6465,95ea5eb831f6,POSTO PORTAL DE CONTAGEM LTDA
6466,960dd317d482,AUTO POSTO ''FLM'' LTDA
6467,9615d3d37b76,FRANCISCO CHARLES LIMA NERI
6468,961f0ccc5b4b,CENTRO AUTOMOTIVO TANCREDO NEVES LTDA
6469,9622a7626353,MINUANO COMBUSTIVEIS LTDA
6470,9622d9bddcb2,POSTO FORMULA BR LTDA
6471,96241cc47172,COMERCIO DE COMBUSTIVEIS KAPPES LTDA
6472,96318eca8844,CAPELEZZO & CAPELEZZO LTDA
6473,9633a1b0c59c,POSTO PLANALTO LTDA
6474,964465445820,PLANALTO PETROLEO CAJUINA LTDA
6475,964e8e029c2a,COSTA  MENDONCA DERIVADOS DE PETROLEO LTDA
6476,96501cd8b926,POSTO E BOULEVARD PORTAL DE JUNDIAI LTDA
6477,9656152d674c,DALLAS DERIVADOS DE PETROLEO LTDA
6478,965652a404fd,SUPER POSTO DE COMBUSTIVEIS E SERVICOS EIRELI
6479,966a7999e486,NVM COMERCIO E DERIVADOS DE PETROLEO LTDA
6480,966a9c58e700,POSTO LINHA VERDE LTDA
6481,9671fb220981,AUTO POSTO CINCO ESTRELAS LTDA
6482,967eca572113,POROROCA AUTO POSTO LTDA
6483,96835f053417,AUTO POSTO M R DA TAQUARA LTDA
6484,968cd85741d6,CARREFOUR COMERCIO E INDUSTRIA LTDA
6485,969556eb8b8c,PARELHAS GAS LTDA
6486,9699fd4757db,POSTO DE GASOLINA JB MERITI LTDA
6487,969cd99276bc,POSTO DE GASOLINA GALEGAO LTDA
6488,969f18ae87fe,POSTO PRAIA DA RIBEIRA LTDA
6489,969f8da465ac,POSTO BIG JK LTDA
6490,969fb18108ff,SOUZA FILHO COMERCIO DE COMBUSTIVEIS LTDA
6491,96af0066e354,AUTO POSTO REDE SOUZA LTDA
6492,96b06a913525,AUTO POSTO CIDADE DO SOL II LTDA
6493,96c18ea716cd,J PENA & CIA LTDA
6494,96cca95ebe86,POSTO  MORRO DO  OURO LTDA
6495,96ce504a0c96,AAMM COMERCIAL DE COMBUSTIVEIS LTDA
6496,96cf7980ca6e,VALENTINA COMBUSTIVEIS LTDA
6497,96d07775f9f6,AUTO POSTO BESSA LTDA
6498,96d408e4e6f4,AUTO POSTO CINCO ESTRELAS LTDA
6499,96d9b1e65161,AUTO POSTO BELEZURA LTDA
6500,96de2886a202,POSTO PANAMBY LIMITADA
6501,96e00ed890a5,GS PRIME AUTO POSTO DE COMBUSTIVEIS LTDA
6502,96e0abbb7b62,ESTRELA DE MATÃO AUTO POSTO LTDA.
6503,96ee11faa2f2,AUTO POSTO ESTRELA DA CASA VERDE LTDA
6504,96fa303e1aa6,AUTO POSTO PEROLA TAUBATE LTDA
6505,96fafc401933,PHJ COMERCIO DE COMBUSTIVEIS LTDA
6506,97024da68438,JOSE NILTON DA SILVA COMBUSTIVEIS
6507,970370936d06,AUTO POSTO VALONGO DE SANTOS LTDA
6508,9703fb2d5507,LAGOS VERDES COMERCIO DE PETROLEO LTDA
6509,9706fec7b7eb,NICOLAU DERIVADOS DE PETROLEO LTDA
6510,970dd99acf43,AUTO POSTO LEQUE LTDA
6511,970f13193a38,AUTO POSTO REYSOL LTDA
6512,971511d675f7,POSTO DE GASOLINA STAR DA TIJUCA LTDA
6513,9719feec571c,POSTO ALDEIAO COMERCIO DE COMBUSTIVEIS LTDA
6514,97221e6779b5,AUTO POSTO CINCO ESTRELAS LTDA
6515,9727c4a3ccb4,GONCALVES E GONCALVES AUTO POSTO CUIABA LTDA
6516,972e4e138a29,",TRAVAIN TRANSPORTES E COMERCIO DE COMBUSTÍVEIS LTDA."
6517,9736a61a1fad,UNIPOSTO DERIVADOS DE PETROLEO LTDA
6518,973b7edb09b2,AUTO POSTO FREITAS DE ASSIS LTDA
6519,9740a4bdc426,POSTO INTEGRACAO DE FRANCA LTDA
6520,974908846e46,COMERCIO DE COMBUSTIVEIS MALLMANN LTDA
6521,974e97845d82,POSTO SANTO ANDRE LTDA
6522,975c0a883d72,NETENERGY AUTO POSTO LTDA
6523,9769d24dc90f,AUTO POSTO T 2 LTDA
6524,976a262573a6,POSTO TIRADENTES MARILIA LTDA
6525,976bda0eabaa,AUTO POSTO GLOBAL REVENDEDORA DE COMBUSTIVEIS LTDA
6526,977ce7a330b6,AUTO POSTO RONDON JUSSARA LTDA
6527,978a1f514635,AUTO POSTO STATUS CENTRAL LTDA
6528,978bb0744af5,AUTO POSTO KAWAKAMI LTDA
6529,978c36465267,MM CORUMBA COMBUSTIVEIS LTDA
6530,978eff1683de,SERV POSTO OASIS LTDA
6531,979556fe2bb5,AUTO POSTO NOVA ERA CARAGUA LTDA
6532,979a45139ee3,AUTO POSTO CENTRAL EMBU LTDA
6533,97a27892c38e,BRITO VIEIRA & CARVALHO LTDA
6534,97a6a588a641,NICOLAU DERIVADOS DE PETROLEO LTDA
6535,97b70ef68392,AUTO POSTO FORENSE LTDA
6536,97cea67c9725,AUTO POSTO BR CAROLINA FLORENCE LTDA
6537,97d98b6a9476,EFIGENIA DE OLIVEIRA SALGADO LTDA
6538,97ece439e875,POSTO CORCUNDA COMERCIO DE COMBUSTIVEIS LTDA
6539,97f99df75636,AUTO POSTO BAMBU LTDA.
6540,97fc09728649,AUTO POSTO OZIVAL LTDA
6541,9808c32f77ba,PROVISAO COMBUSTIVEIS LTDA
6542,980a2482c70a,AUTO POSTO COMERCIAL LTDA
6543,980a2c28d7a3,PAREBEM POSTO SAO JOSE LTDA.
6544,980e3357639b,POSTO E GARAGEM GRAND PRIX LTDA
6545,981a408e1a04,POSTO AVENIDA LTDA
6546,981bdf0fcb03,AUTO POSTO DADINHO LTDA
6547,981f1524eafd,POSTO DAMIANI LTDA.
6548,98214ea0b848,MUCURIPE COMERCIO DE COMBUSTIVEIS LTDA
6549,9822b3f2d2c3,NICOLAU DERIVADOS DE PETROLEO LTDA
6550,9828d4365950,POSTO DA SAUDADE LTDA
6551,982c1c990a0a,RD 050 AUTO POSTO LTDA
6552,983b802ae58c,L S COMERCIO E SERVICOS LTDA
6553,983d0d2cd1b9,RJ SANTOS COMBUSTIVEIS LTDA
6554,9842452a7518,POSTO MORUMBI VOTORANTIM LTDA
6555,9842da42b05e,AUTO POSTO JARDIM IMPERADOR LTDA
6556,984357dc0417,L & S COMERCIO DE COMBUSTIVEIS LTDA
6557,984dccca2532,AUTO POSTO STREET LTDA
6558,9851debdde41,AUTO POSTO CASTELO DE LINS LTDA
6559,985efeebd973,AUTO POSTO AVANTH LTDA
6560,98641409d863,CAMARA AUTO POSTO LTDA
6561,9864afdd34c6,ABUDABI COMERCIO COMBUSTIVEL LTDA
6562,98656229f077,S. C. S. COMERCIO DE COMBUSTIVEIS LTDA.
6563,9867bfb64f41,AUTO POSTO DUQUE BERRINI LTDA.
6564,9872013396f6,POSTO LINHA VERDE LTDA
6565,9880e4278765,AUTO POSTO INDEPENDENCIA DO CAMBUCI LTDA
6566,98812b965f02,RV VIEIRA & CIA LTDA
6567,988166e80db7,AUTO POSTO MARILIA MACHADO LTDA
6568,988f31e4fa69,MATA VIRGEM AUTO SERVIÇO LTDA
6569,988f3e7e6ef3,CENTRO AUTOMOTIVO LAGOS ANDINOS LTDA
6570,98a30b834b11,SOCIEDADE ABASTECEDORA SANTA BARBARA LTDA
6571,98aa709b3492,POSTO DE GASOLINA BRASIL DE SANTA CRUZ LTDA
6572,98ac63431f54,SIM REDE DE POSTOS LTDA
6573,98b81d525a49,POSTO AUTOMOTIVO AVANCO LTDA
6574,98bcd4338482,ALTHA AUTO POSTO LTDA
6575,98c2d328b130,AUTO POSTO X LTDA
6576,98c547bcf99d,SANGIRARDI COMERCIO VAREJISTA DE COMBUSTIVEIS LTDA
6577,98cca7a9bf3e,MANUEL R PERDIGAO & CIA LTDA
6578,98ccdb586ba5,KMR AUTO POSTO LTDA
6579,98ddb2dbb2ee,COMERCIO DE COMBUSTIVEIS GENESIS LTDA.
6580,98df7f007cda,FOLADOR & CIA LTDA - ME
6581,98df9cb31af2,AUTO POSTO CINCO EMES LTDA
6582,98edf8589816,POSTO MALUQUINHO LTDA
6583,98f4c9f899d7,POSTO FELIX LTDA
6584,98f8dfc90df4,POSTO LIGHT HIGHWAY LTDA
6585,98f908f93d3b,MALCA COMERCIO DE COMBUSTIVEIS LTDA
6586,99054bcfc4bf,POSTO FLEX COMERCIO E DISTRIBUIÇÃO DE COMBUSTÍVEIS E LUBRIFICANTE LTDA
6587,99064428b8dc,L S COMERCIO E SERVICOS LTDA
6588,990955c0d6b8,COMERCIAL TRES IRMAOS LTDA
6589,9916d5505352,IRMAOS ALCANTARA & CIA LTDA EM RECUPERACAO JUDICIAL
6590,991a028d8b87,POSTO FERA COMERCIO DE COMBUSTIVEIS EIRELI
6591,991dc97d5753,CENTRO AUTOMOTIVO OCEANO LTDA
6592,9922eea0f307,AUTO POSTO SAO CRISTOVAO LTDA
6593,993426ec241a,AUTO POSTO GARRA LTDA
6594,99397efa5a05,IRMAOS SILVA S/A
6595,993dacce68ea,POSTO PRODUCAO LTDA
6596,9941294600bc,POSTO R&R CENTRO LTDA
6597,99477462f61b,AUTO POSTO RIBEIRANIA LTDA
6598,994b595cdd39,AUTO POSTO RODA VIVA DE SAO JOAO DE MERITI LTDA
6599,994fde45101b,POSTO JATIUCA LTDA
6600,9951ec4bf5f8,AUTO POSTO MORUMBI STAR LTDA
6601,9955aec067db,PIT STOP POSTO DE SERVICOS LTDA
6602,995f9b057486,AUTO POSTOS ANDRADE LTDA
6603,996311df41e9,AUTO POSTO GONCALVES & PEREIRA LTDA
6604,996a07549a7c,CENTRO AUTOMOTIVO JOAO COTIA LTDA
6605,99771c4fa89f,COMERCIO DE COMBUSTIVEIS UIRAPURU LTDA
6606,997f76c90046,AUTO POSTO DIPLOMATA II LTDA
6607,997f8555787e,ABASTECEDORA DE COMBUSTIVEIS RODOVIA RS-118 LTDA
6608,997fb8d1c86d,AUTO POSTO CANCUN LTDA
6609,9988540fad52,W. M. COMERCIO DE COMBUSTIVEIS LTDA
6610,99896e35b885,POSTO DE COMBUSTIVEIS ICARO LTDA
6611,998acaa89215,POSTO NOVO NORDESTE LTDA
6612,999ca82a668a,TAIADA AUTO POSTO EIRELI
6613,999dbe2c3d75,E. C. MORAIS COMBUSTIVEIS LTDA
6614,99a4aac2faf8,POSTO SANTANENSE LTDA
6615,99a7c320c5bd,POSTO DE SERVICOS BALDISSERA LTDA
6616,99b2ac704405,AUTO POSTO IBERICO LTDA
6617,99b34f2d7fe2,POSTO HAWAI LUBRIFICACAO LTDA
6618,99b7763e7ca1,AUTO POSTO TRADICAO LTDA
6619,99bccbaa5d3d,CENTER POSTO LTDA
6620,99bf2eadfe9b,J J COMBUSTIVEIS LTDA
6621,99c04eb8909c,AUTO POSTO TRIUNFO TERRAS DO SUL LTDA
6622,99cbf8ab0063,DG COMERCIO DE COMBUSTIVEIS E LUBRIFICANTES LTDA
6623,99d2771e4c6d,AUTO POSTO R&R SAO PEDRO LTDA
6624,99d43b1f7551,AUTO POSTO RV COMERCIO DE COMBUSTIVEIS EIRELI
6625,99dd32f513f6,AUTO POSTO E CONVENIENCIA SPINDOLA LTDA
6626,99e78acbc165,SANSAO COMERCIO DE COMBUSTIVEL LTDA
6627,99ef336a4644,MENIN COMERCIO DE COMBUSTIVEIS LTDA
6628,99f45829a00c,PETROLEO TRANSBRASILIANA COMERCIO VAREJISTA DE COMBUSTIVEIS LTDA
6629,99ffeb4bb748,SUPER POSTO 10 LTDA
6630,9a0583b07e5e,RMZ FUKAMI COMERCIO DE COMBUSTIVEIS LTDA
6631,9a06aa1c1c7f,AUTO POSTO MUFFATO LTDA
6632,9a0920ffa274,POSTO NUNES E NUNES LTDA
6633,9a0a3edc1da6,AUTO POSTO PETRO TERRA  LTDA
6634,9a0ada039301,AUTO POSTO BRANCO DE CASTELO LTDA
6635,9a183c5d37a3,POSTO MIRAGEM JBRETAS LTDA
6636,9a1db163eabf,COMPETRO COMERCIO E DISTRIBUICAO DE DERIVADOS DE PETROLEO LTDA
6637,9a2218aba3a9,POSTO FLORESTA GUAXUPE LTDA
6638,9a2d0dbdb2a1,RIZZOTTO & CIA LTDA
6639,9a31ca627be9,AUTO POSTO SAO JORGE DE SANTA CRUZ DA SERRA LTDA
6640,9a35d99f6f82,AUTO POSTO 2 L LTDA
6641,9a3e8bc90481,MALU SANTOS COMERCIO DE COMBUSTIVEIS LTDA
6642,9a4173a2a500,POSTO DE ABASTECIMENTO RJ NORTE LTDA
6643,9a4266a9abac,MINELLA AUTO POSTOS LTDA
6644,9a44a10fab59,POSTO JP LTDA
6645,9a4786a3558e,AUTO POSTO SHOP CAR LTDA
6646,9a4bdaea978a,POSTO KALILANDIA LTDA
6647,9a518086917d,MEDICI COMERCIO DE COMBUSTIVEIS EIRELI
6648,9a560e3f2ef1,ROTA COMBUSTIVEIS LTDA
6649,9a5bf1ecb36d,AUTO POSTO JARDIM CAMBARA LTDA
6650,9a5c594b4090,AUTO POSTO BELVEDERE LTDA
6651,9a5c687a0912,AUTO POSTO CLASSE A DE ITU LTDA.
6652,9a6ec85b4510,POSTO FLUMIDIESEL LTDA
6653,9a7b409bbbc3,CENTRO AUTOMOTIVO ALTEROSA EIRELI
6654,9a812fb6743a,ALCANTARA & FARIA LTDA
6655,9a859c43bb13,CASCOL COMBUSTIVEIS PARA VEICULOS LTDA
6656,9a88210f889c,AUTO POSTO 3S JARAGUA PIRACICABA LTDA
6657,9a88a2c0ee2d,G. J. G. DERIVADOS DE PETROLEO LTDA
6658,9a8a828615f4,YANSA-COMERCIO DE DERIVADOS DE PETROLEO E SERVICOS LTDA
6659,9a947251a4d0,AUTO SHOPPING DERIVADOS DE PETROLEO LTDA
6660,9a94c10130e9,AUTO POSTO JARDIM SANTA MONICA LTDA
6661,9a9d811be29f,CAUIPE REVENDEDORA DE PETROLEO LTDA
6662,9aa1b73e68de,AUTO POSTO BERNARDO JALES LTDA
6663,9aaab42c492a,L.H. FENNER - COMBUSTIVEIS
6664,9aacecfa6b00,POSTO MONTEIRO LTDA
6665,9aacf669e912,TRATTO CENTRO AUTOMOTIVO LTDA
6666,9aafd1492025,AUTO POSTO PANAMERICANO LTDA
6667,9aaffe9edfb9,POSTO LEBRAO DE ARARAQUARA LTDA.
6668,9ab105398d79,AUTO POSTO AMIZADE ARACATUBA LTDA
6669,9ab464e79fc1,POSTO DE GASOLINA DO CAPITAO DE BELFORD ROXO LTDA
6670,9ab4b8e9fc68,ROTA 411 COMBUSTIVEIS LTDA
6671,9ac92cc79e8c,ECO POSTO DE COMBUSTIVEIS PANTERA DOURADA LTDA
6672,9aca53a51cdb,AUTO POSTO IPANEMA LTDA
6673,9acef9f39a54,W.R.D. POSTO DE COMBUSTIVEIS LTDA
6674,9acfedc0f823,CENTER SERVICE-M.JUNQUEIRA LTDA
6675,9ad2a91f1213,JK GUARATINGUETA AUTO POSTO LTDA
6676,9ad2e56449a3,FANTINATO & FANTINATO LTDA
6677,9ad94d187c92,AUTO POSTO ALIANCA DE SAO JOAO LTDA
6678,9adbbc284edf,COMERCIAL CLAMALU LTDA
6679,9ae426153f61,POSTO Z + Z TRINDADE SANTA LTDA
6680,9aeda98b89b1,POSTO UNIVERSITARIO SAO CARLOS LTDA
6681,9af0e8cb0fb0,BOTANICO COMERCIO DE COMBUSTIVEIS E CONVENIENCIA LTDA
6682,9af94360a44c,SIM REDE DE POSTOS LTDA
6683,9afa8d7c4f48,POSTO SAO PEDRO DE PONTA NEGRA LTDA
6684,9b0fe7611724,POSTO 7 COMBUSTIVEIS LIMITADA
6685,9b114f04a917,POSTO CONCEITO PREMIER COMERCIO DE COMBUSTIVEIS LTDA
6686,9b139e396cd6,AUTO POSTO AVENIDA LTDA
6687,9b158ec0cb2b,JK COMÉRCIO DE COMBUSTIVEIS LTDA
6688,9b1e1b740b02,CATALAO COMERCIAL LTDA
6689,9b20b769a644,POSTO DE SERVIÇOS HELVETIA LTDA
6690,9b24c8a3ef4d,POSTO JOSE DE SOUZA CAMPOS LTDA
6691,9b25d58c3715,AUTO POSTO GEDDA AMENDOEIRAS LTDA
6692,9b376441e0be,AUTO POSTO ABEL GALINHA LIMITADA
6693,9b37ecefabe3,POSTO E LANCHONETE XODO DO PAPAI LTDA
6694,9b3958dd9986,AUTO POSTO NOVA ACAILANDIA LTDA
6695,9b3aab8e2bd0,AUTO POSTO CLEAN CAR LTDA
6696,9b3e8e6011ab,POSTO TULIPA LTDA
6697,9b40510a974d,MAKRO ATACADISTA S.A
6698,9b49c28ace5e,POSTO E RESTAURANTE JAMAICA LTDA
6699,9b565440f72a,COOPERATIVA AGROPECUARIA UNAI LTDA
6700,9b64a5670d10,COMERCIAL DE PETROLEO PEIXOTO DE MELO LTDA
6701,9b65274feb6b,PAREBEM POSTO NITEROI LTDA.
6702,9b69d615b2aa,DEZ COMERCIO DE COMBUSTIVEIS E DERIVADOS LTDA
6703,9b6a9a57500e,CENTRO AUTOMOTIVO TRES POSTOS LTDA.
6704,9b71f245d0b3,G A COMERCIO DE DERIVADOS DE PETROLEO LTDA
6705,9b7423f79f72,SIM REDE DE POSTOS LTDA
6706,9b752d189edc,AUTO POSTO MARTINEZ ARARAQUARA LTDA
6707,9b776241133d,PETROLIDER-COMERCIO DE COMBUSTIVEIS E DERIVADOS DE PETROLEO LTDA
6708,9b78f435d770,COMERCIO CARVALHO LTDA
6709,9b794fa1d719,AUTO POSTO AUGUSTU'S LTDA
6710,9b9cd9bfb375,POSTO MANSILLA LTDA
6711,9b9d7509e269,EZENILDA CÉLIA NOVAIS LABANCA
6712,9ba099624843,GLORIMAR PETROLEO E LUBRIFICANTES LTDA
6713,9bb5eee91b50,COMERCIAL JARDIM AURELIA DE CAMPINAS LTDA
6714,9bb7721b28f8,POSTO SEIS DE JULHO LTDA
6715,9bb9dcf0462f,POSTAO 8 PARNAIBA PETROLEO LTDA
6716,9bbed77f0b15,REAL REVENDEDORA DE PETROLEO LTDA
6717,9bc6417746fa,POSTO SERENA VALE DO SOL LTDA
6718,9bca17f6da73,REIS & ARAUJO  LTDA
6719,9bce01d422d6,POSTO CAMPO BELO LTDA
6720,9bd10400f7b3,SPOLIER LOGISTICA LTDA
6721,9bd66ffafc43,AUTO POSTO W. U. G. LTDA - EPP
6722,9bdb4c597bff,AUTO POSTO AMAZONAS STN LTDA
6723,9bebdafea58c,AUTO POSTO ACQUAMARINE DE CARAGUA LTDA
6724,9bf3ba6b389b,AUTO POSTO CASCAVEL LTDA
6725,9bfb501960a9,AUTO POSTO P&A COMERCIO DE COMBUSTIVEIS LTDA
6726,9c03bfbd472b,LESTE COMBUSTIVEIS LTDA
6727,9c087ba4a731,COMERCIO DE COMBUSTIVEIS NEVOEIRO LTDA
6728,9c08b523a0cb,POSTO PIRACENA LTDA
6729,9c0a834db13d,AUTO POSTO AVALANCHE LTDA
6730,9c161467bc03,COMERCIAL BUFFON COMBUSTIVEIS E TRANSPORTES LIMITADA
6731,9c19781abf73,GDO PARTICIPACOES S/A
6732,9c1d2f075c50,PALMEIRA & CIA LTDA
6733,9c250f81879f,POSTO COELHO LTDA
6734,9c32c5ffd118,GCS COMBUSTIVEIS ACAILANDIA LTDA
6735,9c38c048d962,AUTO POSTO RIVIERA INDEPENDENCIA LTDA
6736,9c42ba221791,ITK AUTO POSTO LTDA
6737,9c471348c8aa,AUTO POSTO ESTRELA DA PAZ LTDA.
6738,9c4a20bee5df,D P N-DISTRIBUIDORA DE PRODUTOS NORDESTINOS LTDA
6739,9c4b121b02dc,POSTO MILANI DE UBERLANDIA LTDA
6740,9c5d5579ed52,POSTO SANTA CLARA DE COPACABANA LIMITADA
6741,9c5dd8507b60,POSTO DE COMBUSTÍVEL BELO HORIZONTE LTDA.
6742,9c605738e64b,AUTO POSTO 151 LTDA
6743,9c62194e3281,AIRTON PALACIO DE SOUZA JUNIOR
6744,9c6522647897,MHC COMERCIO DE COMBUSTIVEIS E DERIVADOS DE PETROLEO EIRELI
6745,9c69484fd122,AUTO POSTO LUPERCIO DE ALMEIDA LTDA
6746,9c6d3d64c265,LEBLON COMERCIO DE COMBUSTIVEIS LTDA
6747,9c71160b6114,POSTO CARONE LTDA
6748,9c7db6dd393d,DELEVATTI COMERCIO DE COMBUSTIVEIS LTDA
6749,9c8600b76762,AUTO POSTO UNI SILVARES LTDA
6750,9c96b42d0d31,AUTO POSTO MACPETRO LTDA
6751,9c978704fd4f,AUTO POSTO SANTA MONICA DE JAU LTDA
6752,9c9daf3f075e,TAVAREDE AUTO POSTO LTDA
6753,9ca0e0100d06,POSTO AMIGAO DE MURIAE LTDA
6754,9ca25d894325,POSTO AZEREDO ELGO LTDA
6755,9ca8de026b26,A. SOUZA FECHINE & CIA LTDA
6756,9cad2eac8fff,F DE A S CAMPOS E CIA LTDA
6757,9cb246e59789,J M L DINIZ COMERCIO DE DERIVADOS DE PETROLEO LTDA
6758,9cbd65f49e87,PETROVAN DERIVADOS DE PETROLEO LTDA
6759,9cc61f6b166f,AUTO POSTO MIGUEL BADRA LTDA
6760,9cc620276aec,CENTRO AUTOMOTIVO IRIS LTDA
6761,9cca6b251130,POSTO DE COMBUSTIVEIS GIGANTE DA ALAMEDA LTDA.
6762,9cd7c5dd12dd,POSTO DE SERVICOS SERRA GAUCHA LTDA
6763,9cd99e57e6b1,AUTO POSTO MATA VIRGEM LTDA
6764,9ce55a32d22a,POSTO DE COMBUSTIVEL SHOW LTDA
6765,9ceb21fc0820,AUTO POSTO SHOW DO MILHÃO LTDA
6766,9cf290c76e80,AUTO POSTO TIO NICO II LTDA
6767,9cf43d8f5ec2,COMERCIO DE COMBUSTIVEIS PETROSOJA III LTDA
6768,9cf50dbb243d,MARQUINHO COMBUSTIVEIS E TRANSPORTES LTDA
6769,9cf65f64b521,POSTO ALDO RONDONOPOLIS LTDA
6770,9cf88ff16ba5,JONELLUS AUTO POSTO LTDA.
6771,9d013c10e982,MARQUES DE CASTRO & GABRIEL LTDA
6772,9d056a07dc6f,ECO POSTO MAUA LTDA
6773,9d06ce1f248a,REDE DE POSTOS SPEED LTDA
6774,9d12fecf6a76,AUTO POSTO F3 LTDA
6775,9d15e8b633f1,AUTO POSTO MARECHAL MERCADO SHOPPING LTDA
6776,9d170c3a79bd,J A SOBRAL & CIA LTDA
6777,9d190f493a24,POSTO DANI-RAFA LTDA.
6778,9d1aae6b07f7,AUTO POSTO NOVA CURITIBA LTDA
6779,9d1cc9aea331,AUTO POSTO PAULA FREITAS COM. DE COMBUSTIVEIS LTDA
6780,9d269b5b0385,AUTO POSTO TUIA LTDA
6781,9d27eae2dfa3,CASCOL COMBUSTIVEIS PARA VEICULOS LTDA
6782,9d295acf1cb0,AUTO POSTO PIRIQUITO LTDA
6783,9d2fde864df0,AUTOMOTO COMBUSTIVEIS DO AMAPA LTDA
6784,9d313c453fb6,POSTO LUANDA DE IGUACU LTDA
6785,9d3bbaba130c,P CARVALHO & CIA LTDA
6786,9d3f46af12fd,COMPETRO COMERCIO E DISTRIBUICAO DE DERIVADOS DE PETROLEO LTDA
6787,9d46013cd0b7,PETROLSTYLL COMERCIO DE PETROLEO LTDA
6788,9d5246fdb0e0,AUTO POSTO ENERGIA JUIZ DE FORA LTDA
6789,9d53e5dc1f06,SAGRADA FAMILIA DERIVADOS DE PETROLEO LTDA
6790,9d5aa087b24d,GROSS E COSTA COMERCIO DE COMBUSTIVEIS EIRELI
6791,9d5d89510004,AUTO POSTO RIO DAS PEDRAS LTDA
6792,9d5db1b9ae08,S. A. DA SILVA FURTADO LTDA
6793,9d6b8b3eface,REDE DE POSTOS PRESIDENTE LTDA
6794,9d7d9a464857,AUTO POSTO THAI LTDA
6795,9d7fbfc94eee,POSTO METROPOLITANO LTDA
6796,9d84c6f69c1d,AUTO POSTO STELLA MARIS III LTDA
6797,9d8b76165305,PANDOLFI COMBUSTIVEIS LTDA
6798,9d8efbf4bb02,POSTO DE GASOLINA VIA LIGHT D IGUACU LTDA
6799,9d8f939c6b37,AUTO POSTO 3S CAMBUY PIRACICABA LTDA
6800,9d95315b8bdd,ALFA AUTO POSTO LTDA
6801,9d9ab00d9600,AUTO POSTO NILOPOLIS LTDA
6802,9d9e2c3c1102,AUTO POSTO SP 400 LTDA
6803,9daeaa6d8165,BEZERRA COMERCIO DE COMBUSTIVEIS LTDA
6804,9dbc8ed4d8ba,POSTO PRINCESA DO NORTE LTDA
6805,9dbe2f2a357f,AUTO POSTO T-4 LTDA
6806,9dc35d4bf4f8,ABASTECEDORA DE COMBUSTÍVEIS DJ LTDA.
6807,9dcca37b8d43,BOTAFOGO SERVE BEM AUTO POSTO LTDA
6808,9dd9a2e8680d,AUTO POSTO R&R AGUAS CLARAS LTDA
6809,9de671982c9a,JETTA7 COMBUSTIVEIS LTDA
6810,9de922fb9cab,UNIAO COMBUSTIVEIS LTDA
6811,9defeddb8d29,POSTO DE COMBUSTIVEIS AVENIDA LTDA
6812,9df4fd35ca14,POSTO BRASIL LIMITADA
6813,9df6a1154fc3,SAO GUALTER - AUTO POSTO LTDA
6814,9df820fc77fc,S M F DE SOUSA GOMES
6815,9df8e6f4a8c1,REDE DOM PEDRO DE POSTOS LTDA.
6816,9df980ab8dc7,POSTO DE ABASTECIMENTO FIESTA LTDA
6817,9dfa0b663454,POSTO GELO SUL LTDA
6818,9e0788ba3816,AUTO POSTO MIQUIRA III LTDA
6819,9e0b42ee10a9,AUTO POSTO PAULINO & FILHO LTDA
6820,9e1030e2b663,ABASTECEDORA MANIA LTDA
6821,9e2c3651b5e7,POSTO BRAGA AVENIDA LTDA
6822,9e2e1e45ee7a,AUTO POSTO GALESKI LTDA
6823,9e343f2dae7a,POSTO NOVA ALIANCA EIRELI
6824,9e393ffa15bf,COOPERATIVA DOS PLANTADORES DE CANA DO OESTE DO ESTADO DE SAO PAULO
6825,9e39840f3951,AUTO POSTO UNIPO LTDA
6826,9e39f1093a64,POSTO GAUCHO LTDA
6827,9e3ecba98d7f,CENTRO AUTOMOTIVO JARDINS LTDA
6828,9e4250b6a5ae,MAFADI COMERCIO DE PRODUTOS AUTOMOTIVOS LTDA
6829,9e47545d582b,ROTONDANO COMERCIAL DE COMBUSTIVEIS LTDA
6830,9e4757ad93f4,MARINHO COMERCIO DE COMBUSTIVEIS LTDA
6831,9e4ce0858319,BLACK RIVER AUTO POSTO
6832,9e567b0c6f5f,POSTO CANOA DERIVADOS DE PETROLEO LTDA
6833,9e58cd9dabbf,AUTO POSTO ITALIA LTDA
6834,9e5e93a9b409,SETE ESTRELAS COMERCIO DE DERIVADOS DE PETROLEO LTDA
6835,9e62f8b45131,AUTO POSTO SP 400 OESTE LTDA.
6836,9e6c7c5d12a5,ARARA AZUL REDE DE POSTOS LTDA
6837,9e7164098303,POSTO JIPAO LTDA
6838,9e7490229a32,COMERCIO DE COMBUSTIVEIS FLORESTAL LTDA
6839,9e82cc559bea,AUTO POSTO LUCAS - EPP.
6840,9e905510b614,MILANI GASPAROTO COMERCIO DE COMBUSTIVEIS E LOJA DE CONVENIENCIA LTDA.
6841,9e95c42a1da8,COMERCIAL DE COMBUSTIVEIS IRMAOS WEYH LTDA.
6842,9ea2bf55aec1,POSTO VINI LTDA
6843,9eb5fbda0041,POSTO CALIFORNIA DE OURINHOS LTDA
6844,9eb6f446f99c,G. A. COMERCIO DE COMBUSTIVEIS LTDA.
6845,9ec5b150bc5d,POSTO GRAJAU LTDA
6846,9eca882c8028,AUTO POSTO ECOEFICIENTE LTDA
6847,9eccd7ea70cb,ABASTECEDORA NOSSA SENHORA IMACULADA LTDA
6848,9ed38f3b86b2,AUTO POSTO INDIANA SELF LTDA.
6849,9eda4a1b3703,CENTRO AUTOMOTIVO CANAIOLO LTDA
6850,9ee05549d1be,COMERCIAL AMAZONIA DE PETROLEO LTDA
6851,9ee614c7dfd5,POSTO PIRAMIDE LTDA
6852,9ee9876a5659,CAMPOS PENNA E MESQUITA LTDA
6853,9ee9a91973f3,DECIO COMERCIO E SERVICOS RODOVIARIOS LTDA
6854,9eee9f26b59c,POSTO MARIO ROBERTO JANJAO LTDA
6855,9ef5677bb9a8,POSTO RECREIO OURO LTDA
6856,9ef8e7934116,POSTO DE COMBUSTIVEIS FRAGA MAIA LTDA
6857,9f01bd279905,STOCK COMERCIO DE DERIVADOS DE PETROLEO LTDA
6858,9f0ec8cc4aa5,REDE DE POSTOS OLIVEIRA LTDA
6859,9f10a08a1c21,POSTO UP3 COMERCIO DE COMBUSTIVEIS E LUBRIFICANTES LTDA
6860,9f1eb550f77d,POSTO ICCAR LTDA
6861,9f21387c9dbb,COMERCIAL DE COMBUSTIVEIS CIDADE JARDIM LTDA
6862,9f281e87d692,PETROCAL PETROLEO CAVALCANTI LIMITADA
6863,9f2a97794372,POSTO JACARE DERIVADOS DE PETROLEO LTDA.
6864,9f2cf4cd442e,POSTO RAISSA 2 LTDA
6865,9f2e9afd3c28,POSTO SIMONI LTDA
6866,9f3bcfbe876f,NIKIGAS COMERCIAL LTDA
6867,9f455cc44cc4,COMERCIO DE COMBUSTIVEIS DONA CARLOTA LTDA.
6868,9f498f512638,POSTO FERNAO 47 LTDA
6869,9f512f8f60b8,ISMAR SAGGIORO CIA LTDA
6870,9f5528c9d4cd,GNV PADUA COMERCIO DE COMBUSTIVEL LTDA
6871,9f59a45f9e5c,ABC DISTRIBUICAO DE PETROLEO LTDA
6872,9f61698da64f,AUTO POSTO AGUA LIMPA LTDA
6873,9f661e6aa6d7,REAL PETROLEO LTDA
6874,9f68a7118376,POSTO MAIS LTDA
6875,9f6926e94ec8,POSTO DE ABASTECIMENTO E SERVICOS V. MARQUES LTDA.
6876,9f69553fdcc3,POSTO KARAKA DERIVADOS DE PETROLEO LTDA
6877,9f6c0b6e289a,POSTO CAMPEÃO LTDA.
6878,9f721de8de24,AUTO POSTO MONTREAL LTDA
6879,9f7f20cca7c4,POSTO DE COMBUSTIVEIS PARES RETIRO LTDA
6880,9f8366ee22e9,POSTO ESTRUTURANTE LTDA
6881,9f8690dc0ad7,MJ COMBUSTIVEIS LTDA
6882,9f8dfd994673,PARIS AUTO POSTO LTDA
6883,9f8e23a76c83,POSTO 212 SUL LTDA
6884,9f8fcb3d7ebc,CENTRO AUTOMOTIVO FIANDEIRAS LTDA
6885,9f9d24b5b9ef,COMERCIO DE COMBUSTIVEIS SERVANTES LTDA
6886,9f9f8c076525,LIDER AUTO POSTO LTDA
6887,9f9ffda8f351,POSTO DA PAZ COMERCIO VAREJISTA DE COMBUSTIVEIS LTDA
6888,9fa45f18b3e0,AUTO POSTO JARDIM SAO PAULO II LTDA
6889,9fa67cc68764,AUTO POSTO PRATA S. J. CAMPOS LTDA
6890,9fa6e7a9bd37,CENTRO AUTOMOTIVO ALTO DA BOA VISTA LTDA
6891,9fa6f5d65b22,COMERCIO E DISTRIBUICAO SALES LTDA
6892,9fa9567da3b1,SAN LORENZZO COMERCIO E DISTRIBUICAO DE COMBUSTIVEIS LTDA
6893,9fc335de24ea,POSTO DUAS PATRIAS LTDA
6894,9fd18ada4811,POSTO SAO BENTO DAS HORTENCIAS LTDA
6895,9fe1b6d42a99,FURTADO & CIA LTDA
6896,9fe41c45a276,POSTO Z+Z 136 LTDA
6897,9ff785b62a58,TEIXEIRA COMERCIO DE COMBUSTIVEIS LTDA
6898,9ffdd2f3105c,LUANA AUTO POSTO LTDA.
6899,a008d7f33ee1,CENTRO DE ABASTECIMENTO VINHEDO LTDA
6900,a00a5df1eb03,AUTO POSTO PARADA DA PEDRA LTDA
6901,a0118aa638d8,POSTO JULIANA LTDA
6902,a0223af3a13f,AUTO POSTO SAO JOAO LTDA
6903,a023d76d3f63,POSTO VILLA LOBOS LTDA
6904,a02890d7bb98,POSTO OCEANO LTDA
6905,a030ea249074,AUTOMOTO COMBUSTIVEIS DO AMAPA LTDA
6906,a0358f62d97b,NABAS & CAMARGO LTDA
6907,a0410d33830c,SIM REDE DE POSTOS LTDA
6908,a04a173143e7,POSTO DE COMBUSTIVEIS ALVORADA LTDA
6909,a04cfe642cb4,POSTO MILENA LTDA
6910,a05246d11fb0,POSTO PONTE SECA LTDA
6911,a052f5811d08,NORDESTE COMERCIAL  DE PETROLEO LTDA
6912,a0541d0e306d,AUTO POSTO GIRA DE SAO GONCALO LTDA
6913,a058b48e7ad6,POSSEBON COMBUSTIVEIS LTDA
6914,a05e76b9c979,POSTO DE GASOLINA SANTA CRUZ LTDA
6915,a071e573dbb3,AUTO POSTO BARRAMARES LTDA
6916,a07322410f44,AUTO POSTO IGUALDADE LTDA
6917,a076e77d3b20,COMERCIAL PETROPOLIS LTDA
6918,a080dbbbd5c4,OLIVEIRA COMERCIO DE DERIVADOS DE PETROLEO LTDA
6919,a084aa9823cd,UNIAO COMERCIO DE PETROLEO EIRELI
6920,a08a54c55dc5,SIG PETROLEO LTDA
6921,a09923e3de74,ARARA AZUL REDE DE POSTOS LTDA
6922,a0bbf6b2ae85,MACHADO & ANDRADE LTDA
6923,a0bd6450950c,COMERCIO DE COMBUSTIVEIS CAVALINHO LTDA
6924,a0bdebcc05d6,AUTO POSTO PRECISAO LTDA
6925,a0be767d648a,SIM REDE DE POSTOS LTDA
6926,a0ce980292f3,NILO & FRANCIA LTDA
6927,a0d6f8bb92ae,M M AUTO POSTO LTDA
6928,a0dc3f081fe2,CENTER AUTO POSTO DE SUMARE LTDA
6929,a0e3a9d9e810,R J COMERCIO DE COMBUSTIVEL E LUBRIFICANTES LTDA
6930,a0e6a5c93d2f,POSTO ROTA FEDERAL LTDA
6931,a0e915bdad92,AUTO POSTO PICA PAU LTDA
6932,a11116f00da0,MERCOGAS DO BRASIL LTDA
6933,a115f3560a37,NOVASOC COMERCIAL LTDA
6934,a116a45b07d5,REDE SUPER S 2.0 LTDA
6935,a122ae9c3fb9,PETROPARQUE COMERCIO DE COMBUSTIVEIS E DERIVADOS LTDA
6936,a125be4a8c84,AUTO POSTO DISNEY LTDA
6937,a12856ac39f9,SIM REDE DE POSTOS LTDA
6938,a13357bd1852,ABREU FLORES & PEREIRA LTDA
6939,a135051a8c48,STAWS COMÉRCIO DE COMBUSTÍVEIS LTDA.
6940,a1373cb822e2,AUTO POSTO LCM LTDA
6941,a13ca2d6ac91,PETROPOLIS COMERCIO DE COMBUSTIVEIS E LUBRIFICANTES LDTA
6942,a13d24ee5a90,CENTRO AUTOMOTIVO MIRELLA LTDA
6943,a13d700a4a0b,FIORI VARGAS COMBUSTIVEIS E LUBRIFICANTES LTDA
6944,a14660d8b5a4,PIPEL-PICOS PETROLEO LTDA
6945,a14d7ed12951,COMERCIO DE DERIVADOS DE PETROLEO QUEIROGA DE SA LTDA
6946,a1511bc6e3ee,S & G PETROLEO LTDA
6947,a1513b998b51,ABASTECEDORA MINNEAPOLIS LTDA
6948,a15295b151ad,POSTO SAO JOAQUIM COMERCIO DE COMBUSTIVEIS E LUBRIFICANTES LTDA
6949,a152a4d097b9,PETROCAR COMERCIO DE PETROLEO LTDA
6950,a15ff4209e3e,POSTO ROTA 240 DERIVADOS DE PETROLEO LTDA
6951,a1609546e153,CARREFOUR COMERCIO E INDUSTRIA LTDA
6952,a1628a74fbe5,LVB COMBUSTIVEIS LTDA
6953,a17058e327b8,AUTO POSTO SETE DE SETEMBRO LTDA
6954,a176c4eea930,AUTO POSTO LARISSA OLEGARIO LTDA
6955,a176eb06569e,AUTO POSTO 123 LTDA
6956,a1921824e578,SJ -PETROLEO LTDA
6957,a19acb5ab848,M.N.M. COMERCIO DE COMBUSTIVEIS E DERIVADOS LTDA
6958,a19f2a98d8da,SIM REDE DE POSTOS LTDA
6959,a1b1296d2587,AUTO POSTO SAMAUMA LTDA
6960,a1c2081db26d,C M AUTO POSTO LTDA
6961,a1cc4a5f7b74,BRANDAO DERIVADOS DE PETROLEO LTDA
6962,a1ce9008cd66,J Q N COMERCIO VAREJISTA DE DERIVADOS DE PETROLEO LTDA
6963,a1d466619be5,AUTO POSTO VALE LTDA
6964,a1d6ecc1942c,M & B COMERCIO DE DERIVADOS DE PETROLEO LTDA - EPP
6965,a1dc5c95cdc6,COMERCIAL BUFFON COMBUSTIVEIS E TRANSPORTES LIMITADA
6966,a1de82f34948,J. A. S. AUTO POSTO LTDA
6967,a1e314cc8384,IGUEP INCORPORADORA GUEDES PEREIRA LTDA
6968,a1e4043d3900,JESUS DOS SANTOS & CIA LTDA
6969,a1e840fe06bb,POSTO POP LTDA
6970,a1eaad1cccfd,COMERCIAL DE COMBUSTIVEIS ANTONELLO LTDA
6971,a1eb8b2fade6,AUTO POSTO BARRIGA VERDE LTDA
6972,a1ee55f1000f,AUTO POSTO ARARAQUARA LTDA
6973,a1f4c59c7e31,AUTO POSTO LINHARES LTDA
6974,a1f9ae9cd6b6,COMERCIO DE COMBUSTIVEIS PADOIN LTDA
6975,a21f979f6cd8,F K COMBUSTIVEIS E CONVENIENCIA EIRELI
6976,a223294e4aa4,POSTO  SUMARE LTDA
6977,a22a753b504b,SETE ESTRELAS COMERCIO DE DERIVADOS DE PETROLEO LTDA
6978,a231b6404c8f,CAMBUI COMERCIO DE DERIVADOS DE PETROLEO LTDA
6979,a23534a433c2,AUTO POSTO VILA VELHA LTDA
6980,a237366bf827,AUTO POSTO CIRIMBELLI EIRELI
6981,a243ec85c42d,CENTRO AUTOMOTIVO HELENA MARIA LTDA
6982,a248718ff748,PRODOESTE VEICULOS E SERVICOS LTDA.
6983,a24b26e91458,A. F. CESA COMBUSTIVEIS LTDA
6984,a24c00d8aac9,AUTO SHOPPING DERIVADOS DE PETROLEO LTDA
6985,a25122bbeb60,COMERCIAL DE COMBUSTIVEIS OTTEN LTDA
6986,a259e6b5da50,AUTO POSTO DOS LAGOS LTDA
6987,a25b9ea221ee,ÁGUIA COMERCIO COMBUSTÍVEIS E DERIVADOS PETRÓLEO LTDA
6988,a262836c8bf6,POSTO RS 240 LTDA.
6989,a26445c9016f,POSTO ICCAR LTDA
6990,a2727c0edfa9,CARREFOUR COMERCIO E INDUSTRIA LTDA
6991,a278d6ded1fc,POSTO VIÇOSA LTDA
6992,a279023c399a,COMERCIAL DE COMBUSTIVEIS HUBERT LTDA.
6993,a2811606e2a0,AUTO POSTO SANT'ANA LTDA
6994,a2813795dab6,QUEIROZ SANTOS COMÉRCIO DE COMBUSTIVEL LTDA
6995,a282323a38bc,COMERCIO DERIVADOS DE PETROLEO RECREIO CAMPESTRE LTDA
6996,a284ee69e814,POSTO ICCAR LTDA
6997,a2a3b7ab3620,POSTO ICCAR LTDA
6998,a2b1a5ec5361,AUTO POSTO RDG LTDA
6999,a2b9fbfb9280,AUTO POSTO PGM 500 LTDA
7000,a2c4eefd43ad,NC AUTO POSTO LTDA
7001,a2ca6b536243,POSTO MARRA LTDA
7002,a2cb61f51d92,LUBRIFICANTES E ACESSÓRIOS LTDA.
7003,a2cf9c0a9edd,COMERCIAL SOBRAL LTDA
7004,a2d216e62400,AUTO POSTO MUFFATO LTDA
7005,a2d69f48f9f7,MIRAGEM SERVICOS AUTOMOTIVOS LTDA.
7006,a2da49ed70e6,AUTO POSTO FLANBOYANT LTDA
7007,a2dd4436604a,MCM-COM DE DERIVADOS DE PETROLEO LTDA
7008,a2e022006fbf,AUTO POSTO SERRA DOURADA LTDA.
7009,a2e3ee94a309,CASCOL COMBUSTIVEIS PARA VEICULOS LTDA
7010,a2e4e1eb2fc4,SALDANHA & CAMARGOS LTDA.
7011,a2e79efad40b,AUTO POSTO AEROPORTO BAURU LTDA
7012,a2e99420eeed,NOVA KENNEDY AUTO POSTO LTDA.
7013,a2fa23eecb1d,POSTO MEIRA COMERCIO DE COMBUSTIVEIS LTDA
7014,a2fec0cab7f9,PETROTRUCK AUTO POSTO LTDA
7015,a304d478443d,P N COMERCIO LTDA
7016,a3061aff0948,CCRS AUTO POSTO SOCIEDADE EMPRESARIA UNIPESSOAL LTDA
7017,a3066ab0f80e,POSTO RIBALTA MSA II LTDA
7018,a308398f3afd,POSTO DE GASOLINA DO NETINHO LTDA
7019,a308ab8a217f,POSTO DE COMBUSTIVEIS LTDA.
7020,a3096713b822,GUERRA COMERCIO DE PETROLEO LTDA
7021,a30a9d748f27,AUTO POSTO QUALITY DE ASSIS LTDA
7022,a30e409e30fd,COMERCIO DE COMBUSTIVEIS RIEDER LTDA
7023,a30eac4270a6,AUTO POSTO CONQUISTA DA ALDEIA LTDA
7024,a30f748580db,MINUANO COMBUSTIVEIS II LTDA
7025,a312a59a6112,I. E. COMERCIO DE DERIVADOS DE PETROLEO LIMITADA
7026,a3163fd2e674,FENIX COMERCIO DE COMBUSTIVEIS LTDA
7027,a31fc95d1588,AUTO POSTO ESKEMA LTDA
7028,a324a2b084d3,STOPETROLEO S.A. - COMERCIO DE DERIVADOS DE PETROLEO
7029,a32506380702,POSTO AVENIDA CENTRAL LTDA
7030,a32d8f4d798c,AUTO POSTO IVI LTDA
7031,a32e79a1cae7,RENOVA COMERCIO COMBUSTIVEL E SERVICOS LTDA
7032,a33499a11069,AM SERRA DOURADA COMERCIO DE COMBUSTIVEIS LTDA
7033,a33a5c4bb8a2,POSTO HORTO FLORESTAL LTDA
7034,a34de11af678,EMPRESA 4B DE SERVICOS AUTOMOTIVOS LTDA
7035,a36ddb4b9ae6,POSTO ANTONELLI BRASIL SUL LTDA
7036,a37b535911fa,POSTO BRUNA LTDA.
7037,a37dce23c9e0,POSTO GALO LTDA
7038,a38fdf234dff,POSTO DE LUBRIFICACAO BARBALHO LTDA
7039,a391411bda32,ELDORADO COMERCIO DE PETROLEO LTDA
7040,a392ffa7ca28,AUTO POSTO GAIA LTDA
7041,a396cccbae0e,CIRNE PNEUS COMERCIO E SERVICOS LTDA
7042,a397432cfe35,AUTO POSTO BRASIL CENTRAL LTDA
7043,a39981544a60,AUTO POSTO FENIX JAPAO LTDA
7044,a3a4da23fc2a,AUTO POSTO JARDIM JARAGUA LTDA
7045,a3a52c435a69,COMERCIAL INTERNACIONAL LTDA
7046,a3af5c97acb9,NEIVA & BRITO COMBUSTIVEIS LTDA
7047,a3b2ca6752ee,AUTO POSTO HG LTDA
7048,a3b40cb1fb8a,POSTO GALEAO LTDA
7049,a3b9552be103,COMERCIAL JOSE BARRIGA DE COMBUSTIVEIS LTDA
7050,a3bb190e0390,ITAPARICA PETROLEO E COMERCIO LTDA
7051,a3be9b35399a,AUTO POSTO VIA DA UVA LTDA
7052,a3ca9d98d336,POSTO CENTRO LTDA
7053,a3ccbca623bb,JUNQUEIRA & CAMARGO LTDA
7054,a3dcdb907144,POSTO VILA LIBERDADE LTDA
7055,a3e1dbca3398,POSTO A3 LTDA
7056,a3e94a51d647,COMERCIO E DISTRIBUICAO SALES LTDA
7057,a3eb68ddadff,BRASAL COMBUSTIVEIS LTDA
7058,a3ebc317718e,MORAES E ELIAS AUTO POSTO DE SERVICOS LTDA
7059,a3f7a2e75021,PETRO-SERT COMERCIO DE COMBUSTIVEIS LTDA
7060,a3fd111d325e,NATU-PETRO AUTO POSTO DE ARARAQUARA LTDA
7061,a3fe72ab8da4,COMERCIAL JOAO FERREIRA PETROLEO LTDA
7062,a41155701946,BRASIL TROPICAL PETROLEO LTDA.
7063,a411c37d658e,AUTO POSTO TREVISO DE MAUA LTDA
7064,a412ede91865,JOAO ARTHUR DE ALMEIDA GONCALVES  LTDA
7065,a4177f1af5b0,SANFRANCISCO COMBUSTIVEL LTDA
7066,a41ba0fdb185,AUTO POSTO JATOBAS LTDA
7067,a42042f9a1a6,MECA - COMERCIO DE COMBUSTIVEIS LTDA
7068,a42533384e65,PLANALTO DISTRIBUICAO DE PETROLEO E COMBUSTIVEIS LTDA
7069,a42949b25c09,POSTO MONTE CARLO LTDA
7070,a4297b8ca7ae,RIBEIRO DERIVADOS DE PETROLEO LTDA
7071,a42cc0b07ce9,AUTO POSTO PAPAGAIO LTDA
7072,a4301029f8a3,AUTO POSTO PRUDENTE LTDA
7073,a435b8aa30ad,PEGASUS COMERCIO DE DERIVADOS DE PETROLEO LTDA
7074,a4378f783ca2,POSTO IMOLA LTDA
7075,a4409272b154,CENTRO AUTOMOTIVO TRADICAO NORDESTINA LTDA
7076,a44f1647b8c2,AUTO POSTO DO CRISTO LTDA
7077,a44f9bfc30f5,AUTO POSTO SAO JORGE LTDA
7078,a45820a72431,LIDER COMERCIO DE COMBUSTIVEIS LTDA
7079,a459ad72b3a1,AUTO POSTO INCOSPEL DE ITAPEVA LTDA
7080,a45aa38e772a,COMERCIAL ITAPIPOQUENSE DE COMBUSTIVEIS LTDA
7081,a45ad9fea4c2,AUTO POSTO JK LTDA
7082,a464346d8d62,REDE LK DE POSTOS LTDA
7083,a46a6856e554,POSTO CAPITAO SALOMAO LTDA
7084,a46b186a762c,AUTO POSTO CURUCA LIMITADA
7085,a46cc92a68eb,DISTRIBUIDORA DE PETROLEO NACOES UNIDAS LTDA
7086,a46e2e966a84,F A LIMA GLP
7087,a476b711207d,AUTO POSTO SAINT GERMAIN LTDA
7088,a47f0a36b1fd,PLANALTO PETROLEO HOMERO LTDA
7089,a498911c9525,SANDER COMERCIO DE COMBUSTIVEIS LTDA
7090,a4a3c661fcf2,IRMAOS LONGUINI LTDA
7091,a4a4209d8421,POSTO TURBINAS LTDA
7092,a4ab528097a1,AUTO POSTO MASUT IX LTDA
7093,a4adb4a6b9cf,AUTO POSTO GENE LTDA
7094,a4af994cf3a7,COWBOY COMÉRCIO DE COMBUSTÍVEIS E LUBRIFICANTES LTDA.
7095,a4b716213390,AUTO POSTO CACARECO LTDA
7096,a4b8b94d109b,CENTRO AUTOMOTIVO ABRAAO DE MORAES LTDA
7097,a4b999507dee,M MESQUITA MARTINS SEABRA DE OLIVEIRA EIRELI
7098,a4beeeaaf6dc,AUTO POSTO MIE LTDA
7099,a4c0efcc8d7e,L S COMERCIO E SERVICOS LTDA
7100,a4ce27536ebd,AUTO POSTO GRUTA LTDA
7101,a4dc7edd06ea,AUTO POSTO DONA BENTA LTDA
7102,a4e1322db6a3,POSTO CORREA DIVISA DA PRATA LTDA
7103,a4e8e9024314,CENTRO DE CONVENIENCIAS FALEIRO LTDA
7104,a4ed212f6abb,MC PLUS2 COMERCIO DE COMBUSTIVEIS LTDA
7105,a4ed69fc665d,AUTO POSTO DUQUE PANAMBY DOIS LTDA
7106,a4ed85e3edfe,J&J COMBUSTIVEIS LTDA
7107,a4edbd16acd1,AUTO POSTO GIRAMUNDO LTDA
7108,a4f8855c3a0e,PIT STOP COMERCIO DE COMBUSTIVEIS LTDA
7109,a4ff7dbeaa25,POSTO TUBARAO COM DE DERIVADOS DE PETROLEO LTDA
7110,a5108e011e6f,AUTO POSTO BARCELLOS LTDA
7111,a52b900de840,DERIVADOS DE PETROLEO CHABOCAO LTDA
7112,a5309d4ebd97,POSTO GRUTA DA LAPA LTDA
7113,a534ac640e97,AUTO POSTO TIO ZICO VII LTDA
7114,a5382b202322,POSTOS CANAA LTDA
7115,a53fa202ff08,ARAUJO ROCHA COMBUSTIVEL LTDA
7116,a54a98be5d79,AUTO POSTO ESPLANADA DE ITAPEVA LTDA
7117,a5514153c159,AUTO POSTO PAINGUAS LTDA
7118,a551d437f88f,AUTO POSTO ESPELHO D'ÁGUA LTDA
7119,a553c4ab2466,POSTO NITEROI 2006 COMERCIO DE DERIVADOS DO PETROLEO LTDA
7120,a55bdd843c32,COOPERCITRUS COOPERATIVA DE PRODUTORES RURAIS
7121,a562952c5896,POSTO DE COMBUSTIVEIS ABASTECE FORMOSA LTDA
7122,a56428dee380,CINQUENTAO COMERCIO DE COMBUSTIVEIS LTDA
7123,a56e74c24e77,AUTO POSTO KINKAS LTDA
7124,a570d72708a5,CJCM PETROLEO LTDA.
7125,a578d7954260,COSTA PREMIUM AUTO POSTO LTDA
7126,a57a2b6f912f,AUTO POSTO MONTREAL LTDA
7127,a57a90cd7c93,CENTRO AUTOMOTIVO BAP SAO PAULO LTDA
7128,a57ab4bc5528,M M PETROLEO LTDA
7129,a57d2e89c2c7,RABIKOR COMBUSTIVEIS E LUBRIFICANTES LTDA
7130,a57db9cac3d2,QFJ COMERCIO DE COMBUSTIVEIS LTDA
7131,a5803b5e7b3b,POSTO DE LUBRIFICANTES PIRAI LTDA
7132,a58496cb7c75,COMERCIAL MARIVAN LTDA
7133,a586a3ce6fe1,AUTO POSTO AERO RANCHO LTDA
7134,a59ce6bc0f0f,DEMOGALSKI COMERCIO DE COMBUSTIVEIS LTDA
7135,a5a3574c39ce,POSTO MOXUARA LTDA
7136,a5ab2a08c455,POSTO RUI BARBOSA LTDA
7137,a5beb3024476,M. E. P. DA COSTA
7138,a5c7c02e03f0,ALDEIAS DA SERRA COMERCIO DE COMBUSTIVEL E SERVICOS LTDA
7139,a5c818f9ec7f,AUTO POSTO G4 LTDA
7140,a5cc0bd99467,DIGOS VILA NOVA COMERCIO DE COMBUSTIVEIS LTDA
7141,a5ce4fa3e3b3,GAIZA COMERCIO DE COMBUSTIVEIS LTDA
7142,a5ceb30a04b9,CONJUNTO COMERCIAL OREL LTDA
7143,a5d4d4efc1d5,AUTO POSTO VIDIGAL LTDA
7144,a5d85451a4c4,AUTO POSTO PARADA AZUL LTDA
7145,a5da8d8b0222,AUTO POSTO NACIONAL DE SAO CARLOS LTDA
7146,a5e9b7e9b84d,COM.DE DERIVADOS DE PETROLEO PAULICEIA DE CAMPINAS LTDA
7147,a5f6a2212ac1,DIAS COMERCIO DE COMBUSTIVEIS EIRELI
7148,a5fb9da6d4d6,COMÉRCIO DE COMBUSTÍVEIS LOURIE LTDA.
7149,a60fa9c93c52,SAO FRANCISCO PETROLEO LTDA
7150,a6135c3aa817,CAMOBI COMERCIO E TRANSPORTES LTDA
7151,a62627a6b2c3,POSTO PINHEIRO BORGES LTDA
7152,a62df1376292,POSTO TOP TAGUATINGA COMERCIO DE COMBUSTIVEIS LTDA
7153,a63084e29020,247 COMERCIO LTDA
7154,a643d3d6cf30,N. M. C. DE MELO COMBUSTIVEIS
7155,a6460fcba646,AUTO POSTO SEIS PRIMOS LTDA
7156,a64d81a47277,EVANGELISTA E CERQUEIRA LTDA
7157,a64eefa78019,J.C. MARQUES & CIA LTDA
7158,a6558b6dd129,VITORIA - PETRO DERIVADOS DE PETROLEO LTDA
7159,a666f4d76d07,CENTRO AUTOMOTIVO ARCO DO TRIUNFO LTDA.
7160,a6777101aea7,AUTO POSTO RIOS BATISTA LTDA
7161,a67d67b49122,TRI-ZYME REPRESENTACOES COMERCIAIS LTDA
7162,a67e5ed2eea0,GASLUB - COMERCIO DE DERIVADOS DE PETROLEO LTDA - ME
7163,a683c5665ad6,POSTO SERRA NEGRA LTDA
7164,a6869d0ae6b5,POSTO FIUZZA AUTO SERVICE LTDA
7165,a6917e3ee300,AUTO POSTO E CENTRO AUTOMOTIVO WENCESLAU BRAZ LTDA
7166,a69403a09234,AUTO POSTO MUNDIAL DE VOTORANTIM LTDA
7167,a697e0eba65e,POSTO DAS DUNAS DE CABO FRIO LTDA
7168,a69d97f32797,POSTO CHICAGO LTDA
7169,a6a071433d64,MACEDO & ANDRADE COMBUSTIVEIS LTDA
7170,a6a45b9b094b,CENTER SUL AUTO POSTO LTDA
7171,a6ab38d088c5,WMS SUPERMERCADOS DO BRASIL LTDA.
7172,a6bf01efe6eb,POSTO ARAPIRACA LTDA
7173,a6c0a59fccc8,AUTO POSTO GRANERO LTDA.
7174,a6c331113887,POSTO DE COMBUSTIVEIS ESTACAO LTDA
7175,a6c6b4f6fbf7,CASCOL COMBUSTIVEIS PARA VEICULOS LTDA
7176,a6c73c88b2db,POSTO ROMANO COMERCIAL DE COMBUSTIVEIS LTDA
7177,a6d1479eac48,SAO JORGE AUTO POSTO LTDA
7178,a6f023164d98,TULEMON COMERCIO LTDA
7179,a6f15513c5e3,POSTO ESTRADEIRO METROPOLITANO LTDA
7180,a6f21043df90,VARSOVIA AUTO POSTO LTDA
7181,a6f4417d9bea,L M COMERCIO DE DERIVADOS DE PETROLEO LTDA
7182,a70a5060be5a,AUTO POSTO TX BA LTDA
7183,a70c8563a2c9,AUTO POSTO POSITIVO LTDA
7184,a72062758ab0,AUTO POSTO DO TRABALHO DE NILOPOLIS LTDA
7185,a723c46ca66c,AUTO POSTO IPE DE PIRACICABA LTDA
7186,a728c3782689,SANTO ANTONIO COMERCIO DE COMBUSTIVEIS LTDA
7187,a72ae9363cc4,RENASCER COMBUSTIVEIS LTDA
7188,a731f3891f15,DB POSTO DE SERVICOS E COMBUSTIVEIS LTDA
7189,a73dd26d6823,GLAMA COMBUSTIVEIS & NEGOCIOS LTDA
7190,a73df1761f19,POSTO CERTO LTDA
7191,a74105b8e5f4,AUTO POSTO NOTA 1000 LTDA.
7192,a7417e0f04cb,VERANEA CRISTINA DIRKSEN
7193,a741a1fe7f95,AUTO POSTO ZONA LESTE LTDA.
7194,a74f07859560,AUTO POSTO BABALU LTDA
7195,a75538e1ca23,POSTO EXPOPEC EIRELI
7196,a75aead23f7a,CENTER POSTO LTDA
7197,a762359e9a82,AUTO POSTO MALIBU DE RIO CLARO LTDA
7198,a7636897a131,AUTO POSTO NOVA RADIAL LESTE LTDA
7199,a763b3710954,AUTO POSTO PATROPI LTDA
7200,a770798cab9d,AUTO POSTO MISTRAL LTDA.
7201,a774126f5125,POSTO AUTOMOTIVO PORTAL DE SUMARE LTDA
7202,a775322758fa,SERVALE PETROLEO LTDA
7203,a77e46af2133,CASCOL COMBUSTIVEIS PARA VEICULOS LTDA
7204,a7865316ae6e,POSTO DE COMBUSTIVEIS JARDIM ESPERANCA LTDA
7205,a7871cbfa4a8,POSTO BOM JESUS COMERCIO SERVICOS E DERIVADOS DE PETROLEO LTDA
7206,a7878037185b,A. SOUZA FECHINE & CIA LTDA
7207,a788eab89b8f,POSTO PARACATUZINHO PORTAL DE MINAS V LTDA
7208,a7905142997c,DISTRIBUIDORA DE COMBUSTIVEIS FRONTEIRAS LTDA
7209,a793b31923ef,POSTO DE GASOLINA BARRETO E SILVA LTDA
7210,a796a7624bc3,AUTO POSTO MONACO LTDA
7211,a7a8b8eb9c4c,AUTO POSTO MARECHAL DOMINGUES LTDA.
7212,a7a911bc0951,POSTO DE SERVICOS RAFAELA LTDA.
7213,a7b293e33ce8,AUTO POSTO FORTALEZA LTDA
7214,a7b60c7900b1,QUEENS AUTO POSTO LTDA.
7215,a7c11fd0afac,AUTO POSTO UNILESTE LTDA
7216,a7c2d5637dc5,AUTO POSTO JARDIM ITALIA LTDA.
7217,a7d3efd89b38,GARCIA & PINHEIRO LTDA
7218,a7da5c8afee6,AUTO POSTO RMR LTDA
7219,a7dade067776,AUTO POSTO DONA GERTRUDES LTDA
7220,a7dfb167c414,CARAUBA AUTO POSTO LTDA
7221,a7e780441707,TEXAS SENADOR AUTO POSTO LTDA
7222,a7f382ef9b13,POSTO MALACARNE LTDA
7223,a7f9165e1a10,PONTES & LANDIM PETROLEO LTDA
7224,a7fcaa6aedea,REDE LK DE POSTOS LTDA
7225,a804b3b772f2,AUTO POSTO MORRO AZUL LTDA
7226,a8053dec3671,POSTO LOBO JUNIOR LTDA
7227,a822c5db7e19,CARMONA & GONCALVES QUALIDADE EM COMBUSTIVEIS EIRELI
7228,a824ad6c5f62,AUTO POSTO INVICTO LTDA.
7229,a82c41ef4fa4,POSTO GAS GAS DE DUAS PEDRAS COMERCIO DE COMBUSTIVEIS LUBRIFICANTES E LOJA DE CONVENIENCIA LTDA
7230,a82d4685cfa8,POSTO MAURITANIA LTDA
7231,a83441d0e9d7,RECANTO OIL AUTO POSTO LTDA
7232,a839e1e4ba17,POSTO DE GASOLINA DOS ITALIANOS LTDA
7233,a83ffacc4019,AUTO POSTO CASAN LTDA
7234,a840a94f8085,AUTO POSTO RT 37 LTDA
7235,a8436d451bd8,J R FERREIRA EIRELI
7236,a858a3fbec30,CARLAN OLEO E COMBUSTIVEL LTDA
7237,a85a83c91d56,POSTO UNI MIRAGAIA II LTD
7238,a860184ea763,POSTO VILA SALES LTDA
7239,a862ed75319b,OLIVEIRA CARNEIRO COMERCIO DE COMBUSTIVEIS LTDA
7240,a8648f5e11f8,A . F. DE OLIVEIRA JUNIOR
7241,a86819beee8d,AUTO POSTO CHU II LTDA
7242,a8688f273d42,POSTO PREDILETO COMERCIAL DE PETROLEO LTDA
7243,a86a7a9b953d,AUTO POSTO EXPRESSA DE BETIM LTDA
7244,a86e371e0602,DECIO COMERCIO E SERVICOS RODOVIARIOS LTDA
7245,a87c00791b80,POSTO MONTE CARLO GUARAPUAVAO LTDA
7246,a885ef6a06ea,CENTRO AUTOMOTIVO ROYALE LTDA
7247,a8882c64e7d4,WANDERSON TEIXEIRA LACERDA CAMPOS
7248,a88e346fe282,POSTO IBIZA LTDA
7249,a88fb2408992,AUTO POSTO CALABRIA LTDA
7250,a891bfd65de9,ALVES DE JESUS COMBUSTIVEIS LTDA
7251,a8978f085a5f,IMPERIAL COMERCIO E TRANSPORTE DE COMBUSTIVEL LTDA
7252,a89988c93b42,DA COMERCIO DE COMBUSTIVEIS E LUBRIFICANTES LTDA
7253,a89d930a8aea,AUTO POSTO PARQUE DE ARARAQUARA LTDA
7254,a89e99d8312c,AUTO POSTO DO TRABALHO FERREIRAS LTDA
7255,a8bb751d0196,MACENA COMERCIAL DE COMBUSTIVEL LTDA
7256,a8bb9ac0491c,POSTO ALELUIA II LTDA
7257,a8bc0aac3d86,"ABASTECEDORA E GARAGEM""SS""LTDA"
7258,a8bf48c106ca,CITY CANTAREIRA AUTO POSTO LTDA
7259,a8c034a26a61,POSTO APEANO LTDA
7260,a8c27e0ae2f3,FLF COMBUSTIVEIS LTDA
7261,a8cc49767587,LG AUTO POSTO BOA VISTA LTDA
7262,a8cce3248cfc,AUTO POSTO AVENIDA I LTDA
7263,a8d61bdca12e,POSTO IRMAOS CAMATTA LTDA
7264,a8ec4e44632b,POSTOS BRASIL 5 COMBUSTIVEIS LTDA
7265,a8f08834dadd,SETE ESTRELAS COMERCIO DE DERIVADOS DE PETROLEO LTDA
7266,a8f147185216,AUTO POSTO DARIO LTDA
7267,a8f6b0b26c83,T8 ENERGIA - POSTO MAUA IV CENTENARIO LTDA
7268,a90115ce165d,GONCALVES & TORTOLA S/A EM RECUPERACAO JUDICIAL
7269,a9099d4b2575,MARTINELI & DATTOLO AUTO POSTO LTDA
7270,a91551332a0b,VIA EXPRESSA AUTO POSTO LTDA
7271,a91a4bd71bdc,SR COMERCIO DE COMBUSTIVEIS LTDA
7272,a9209b93f9d5,PALLADIO COMBUSTIVEIS LTDA
7273,a920a93a3ed6,AUTO POSTO SAO JOSE LTDA
7274,a9327d91b8e7,VALDEMARIN III COMERCIO DE COMBUSTIVEIS E DERIVADOS DE PETROLEO LTDA
7275,a93c783c1893,POSTO SANTA ALICE LTDA.
7276,a94a91bdfc65,DAVO SUPERMERCADOS LTDA
7277,a94def514216,POSTO DE GASOLINA JOCKEY RIO LTDA
7278,a95051d8bd58,POSTO SR BARCELONA LTDA
7279,a95235301797,POSTOS REOBOTE LTDA
7280,a953280ecdd9,AUTO POSTO CACULA LTDA.
7281,a959b22f981a,POSTO FLAMAREDI LTDA
7282,a95a3fc9fce5,AUTO POSTO ELDORADO DE JABOTICABAL LTDA
7283,a9642191434b,A.P.J. ALCANTARA COMERCIO DE COMBUSTIVEIS LTDA
7284,a965fe96f501,AUTO POSTO PEROLA INDEPENDENCIA LTDA
7285,a9673714b706,AUTO POSTO JD. COBRAL LTDA
7286,a96f66f6ee85,AUTO POSTO PARQUE UNIVERSITARIO AMERICANA LTDA
7287,a976f0761f41,AUTO POSTO ESTRELA DE DAVI COMERCIO DE COMBUSTIVEIS LTDA
7288,a97984469ed2,AUTO POSTO LORENA LTDA
7289,a97abddf9d5b,POSTO BEIEL LTDA
7290,a97f73a952d4,POSTO ABN LTDA
7291,a97fdfd27c37,POSTO LESTE OESTE LTDA
7292,a987ef80c839,G. J. G. DERIVADOS DE PETROLEO LTDA
7293,a98851e8f1b9,POSTOS ALPA LTDA
7294,a98d16afb618,DERIVADOS DE PETROLEO GEF LTDA
7295,a99003687a86,POSTO J H S LTDA
7296,a9988e2595f0,REDE AUTO POSTO SETE EIRELI
7297,a99a371fdc7d,CACIQUE PETROLEO LTDA
7298,a99c84c42ac8,CENTRO AUTOMOTIVO AGUA BRANCA LTDA
7299,a9a0567014da,SONAP SOCIEDADE NACIONAL DE PETROLEO LTDA
7300,a9a16304c7a3,POSTO DE GASOLINA SANTO ANTONIO LTDA
7301,a9a743c7b15d,POSTO VILA NOVA LTDA
7302,a9abadbaf63f,J. A. VALERINI FRANCA AUTO POSTO LTDA
7303,a9ac5c4255e3,AUTO POSTO ARUANA LTDA
7304,a9aceb3a8176,ORGANIZACAO DE PETROLEO SHOPPING LTDA
7305,a9b9f063a3f9,AUTO POSTO PIU BELLO LTDA
7306,a9bc4ec96908,AUTO POSTO DF 180 LTDA
7307,a9bca72618e6,POSTO BARAO LTDA
7308,a9bcd048f93c,POSTO ABASTECE TAMANDARE LTDA
7309,a9bdc9a1dffb,DIFERENCIAL COMERCIO LTDA
7310,a9c291691f19,EDSON G DE LIMA & CIA LTDA
7311,a9c2efd5bfaa,SOUZA COMÉRCIO DE PETRÓLEO E SERVIÇOS LTDA
7312,a9ca02be4b07,POSTO VILA FLORESTA LTDA
7313,a9cb4b1cdb73,POSTO UAI LTDA
7314,a9d29d290698,JOSE CICERO POSTOS LTDA
7315,a9db5c045873,PIU PIU AUTO CENTER LTDA
7316,a9dfe10dccfc,AUTO POSTO TRACYANNE LTDA
7317,a9e15d7cfb74,AUTO POSTO JARDIM ITALIA DE VOTUPORANGA LTDA
7318,a9f09b2300c9,POSTO DE GASOLINA PRAIA DE COPACABANA LTDA - ME
7319,a9f331b9c2ce,PARAISO LUBRIFICANTES LTDA
7320,aa04000a0eef,J C DA S FARIAS EIRELI
7321,aa04cdce3249,AUTO POSTO NOVA ERA UNIVERSAL LTDA
7322,aa06075d49e4,AUTO POSTO DALLABONA LTDA
7323,aa0b08c37cdb,POSTO ESTRADA DE PACHECO LTDA
7324,aa0da6bf6886,COMERCIAL DE COMBUSTIVEIS CASTELAO LTDA.
7325,aa1aeac63341,AUTO POSTO QUERUBIM LTDA
7326,aa1ffe8dd387,DP COMERCIO DE COMBUSTIVEIS E LUBRIFICANTES LTDA
7327,aa2592f17a69,ABASTECEDORA DE COMBUSTIVEIS ZAMBOM LTDA
7328,aa2c422c4124,POSTO DE COMBUSTIVEIS CIDADE NOVA II LTDA
7329,aa3318adb75b,POSTO AVENIDA CASTELO BRANCO LTDA. - ME
7330,aa36d7aca01b,AUTO POSTO VALE DO SOL LTDA
7331,aa37cdc8b668,FOKUSS COMÉRCIO DE COMBUSTÍVEIS LTDA.
7332,aa37f74a78f6,AUTO POSTO ASTI LTDA
7333,aa46e949a0c7,AUTO POSTO RIBEIRO LTDA
7334,aa46f80aaf32,CACUA COMERCIO DE COMBUSTIVEIS LTDA
7335,aa5f288c1805,AUTO POSTO GURGEL COMERCIO E DERIVADOS DE PETROLEO LTDA
7336,aa6f35341e0e,AUTO POSTO GUAÇU MIRIM LTDA
7337,aa713227ecce,POSTO 109 SUL DERIVADOS DE PETROLEO LTDA
7338,aa7754394538,AUTO POSTO E SERVICOS IMBASSAI LTDA
7339,aa7cf027d94c,POSTO AMIGAO E MACEDO COMBUSTIVEIS LTDA
7340,aa84111b1c60,POSTO FIJI COMERCIO DE COMBUSTIVEIS LTDA
7341,aa981e762ad4,MARTA CRISTINA SOBRAL
7342,aa9ad02469de,POSTO INTERLAGOS LTDA
7343,aaa4ea40d9fd,CCS  COMERCIO DE COMBUSTÍVEIS E SERVIÇOS LTDA
7344,aaaa5c206cce,BARUERI II AUTO POSTO LTDA
7345,aaab821ce81d,SILVA DE PAULA COMERCIO DE COMBUSTIVEIS LTDA
7346,aab80cf69a3f,CENTRO AUTOMOTIVO PENDOTIBA LTDA
7347,aabb13b3669c,"REDE FARROUPILHA GESTAO, VAREJO E INOVACAO LTDA"
7348,aacd0b5619da,POSTO Z1 LTDA
7349,aacf60159fe3,PLANALTO PETROLEO ALDEOTA LTDA
7350,aad0e82d990a,SETE ESTRELAS COMERCIO DE DERIVADOS DE PETROLEO LTDA
7351,aad108df47f6,AUTO POSTO JARDIM LIMOEIRO LTDA
7352,aad1207bf470,AUTO POSTO TALISMA LTDA
7353,aada1216975e,ABASTECEDORA DE COMBUSTIVEIS VARGAS LTDA
7354,aae074894fe4,AUTO POSTO TARUMA CURITIBA LTDA
7355,aae536853263,AUTO POSTO VIA CENTER COMERCIO DE COMBUSTIVEIS LTDA
7356,aaf223a9c9a2,UBRASPETRO COMÉRCIO DE DERIVADOS DE PETRÓLEO LTDA.
7357,aaf4032b0501,AUTO POSTO NOVA ODESSA LTDA.
7358,aafd98d2c6f0,SAO PEDRO COM VAREJ COMBUSTIVEIS LTDA.
7359,aafec13f462f,POSTO PIRAPITINGA LTDA
7360,ab05058ec949,CENTRO AUTOMOTIVO MODENA LTDA.
7361,ab097cc6bd90,POSTO PINHEIRO BORGES LTDA
7362,ab0b5540b149,POSTO MARIO ROBERTO PIT STOP EIRELI
7363,ab11f6be71a2,POSTO DE COMBUSTIVEL RANIA LTDA
7364,ab155f07ca65,AUTO POSTO E COMERCIO DE COMBUSTIVEIS MANOEL VALINHAS LTDA
7365,ab1cb38a0cea,CENTRO AUTOMOTIVO PRIME DE SOROCABA LTDA
7366,ab1d69173a9d,REVENDEDORA DE COMBUSTÍVEIS POTENGI LTDA
7367,ab2042b08a3d,POSTO DE ABASTECIMENTO TORCEDOR LTDA
7368,ab308ed96c2e,ABASTECEDORA DE COMBUSTIVEIS NONOAI LTDA
7369,ab366aaaf8be,AUTO POSTO MIKE LTDA EM RECUPERACAO JUDICIAL
7370,ab3713fe65a2,COTEGY COMBUSTIVEIS LTDA
7371,ab377b0c0dcd,TENDA ATACADO SA
7372,ab4786c018ad,AUTO POSTO TREVO LOPES DE OLIVEIRA LTDA - ME
7373,ab4bb562ccd9,POSTO DE COMBUSTIVEIS VACCARI LTDA
7374,ab4ddd698338,SQUIZZATO COMERCIO DE COMBUSTIVEIS LTDA
7375,ab54ca1d50ec,AUTO POSTO BATEL LTDA
7376,ab5dd8fd7926,POSTO SAO JOSE LIMITADA
7377,ab75409c5a21,HERO AUTO POSTO LTDA
7378,ab7d40286b67,3 IRMAOS MUTTON & CIA LTDA
7379,ab80bd0f6a8a,AP. TROPICAL LTDA
7380,ab8141d2890a,AUTO POSTO NPD LTDA
7381,ab818d5f0fae,AUTO POSTO BATALHA LTDA
7382,ab8486bc5122,AUTO POSTO 21 DE MATAO LTDA
7383,ab87d64818ec,ABASTECEDORA ABM LTDA
7384,ab910d1d3872,POSTO LIMEIRANEA LTDA
7385,ab971bf9d390,POSTO FACILITE LTDA
7386,ab9ef18de18b,AUTO POSTO BELAS ARTES III LTDA
7387,abad729c9eb8,COMERCIAL DE COMBUSTIVEIS FUNCIONARIOS LTDA
7388,abaf4cb5a79f,CENTRO AUTOMOTIVO CIDADE UNIVERSITÁRIA LTDA
7389,abb219d23593,FABIO ALHER & CIA LTDA
7390,abbc783255ab,POSTO AUTO SERVICE ONIX LTDA
7391,abc31b9f089a,CASCOL COMBUSTIVEIS PARA VEICULOS LTDA
7392,abcbd1c84148,PENTAGAS LTDA
7393,abcd57046222,SANTOS COMERCIO E DERIVADOS DE PETROLEO LTDA
7394,abd7e63ba196,CENTRO AUTOMOTIVO JARDIM SANTO ANDRE LTDA.
7395,abde3bcf9e6b,AUTO POSTO CARINHOSO JUNDIAI LTDA
7396,abde56573923,POSTO CARIOQUINHA LTDA
7397,abe5d047d10d,CENTRO AUTOMOTIVO LAGO VOSTOK LTDA
7398,abe62850760c,SAO LEOPOLDO POSTOS DE SERVICOS LTDA.
7399,abeee03f80b6,PRIMEIRO ALEGRETE DOIS COMERCIO DE COMBUSTIVEIS LTDA
7400,abf6ab298a97,AUTO POSTO BARCELLOS LTDA
7401,abf86f8d6bb1,AUTO POSTO MAERSK LIMITADA.
7402,ac003fd940dd,M SUPER COMBUSTIVEIS E LUBRIFICANTES LTDA
7403,ac1085a18712,SUPERCENTRO POSTOS DE SERVIÇO LTDA
7404,ac16589c4f3c,POSTO MOTOCAP LTDA
7405,ac285320cbc5,AUTO POSTO LIMA LTDA
7406,ac2a102347a5,REDE TIRADENTES POSTOS DE COMBUSTIVEIS LTDA
7407,ac41708d1f2c,AUTO POSTO PREMIER LTDA
7408,ac4246fa27ad,FORTALEZA COMERCIO DE PETROLEO LTDA.
7409,ac43b9e0769b,BANDEIRANTE AUTO POSTO LTDA
7410,ac4430513f1e,MONACO COMBUSTIVEIS LTDA
7411,ac493101a5bf,AUTO POSTO ITAMIRIM LTDA
7412,ac51d7019f61,AUTO POSTO CANELA LTDA
7413,ac55f18d5872,GAS ON LINE COMERCIO E SERVICOS LTDA
7414,ac5913eb990e,AUTO POSTO POJUCA II LTDA
7415,ac5f5875e424,RGM COMERCIO DE PETROLEO LTDA
7416,ac600bb2d34e,SOUZA & VITAL LTDA
7417,ac68e24613a7,MV COMERCIO E REPRESENTACAO DE COMBUSTIVEIS LTDA
7418,ac6d89cb5975,AUTO POSTO FASCINAÇÃO DA ZONA LESTE LTDA.
7419,ac7595663ef8,J A COMERCIO COMBUSTIVEIS LTDA
7420,ac786af2fc5d,COMERCIAL DIP POSTO DE SERVICOS LTDA
7421,ac78ec1b22f4,FLOR & CIA LTDA
7422,ac80727af835,DULCIMAR LOPES COIMBRA - ME
7423,ac8bbad34488,AUTO POSTO MARATAI LTDA
7424,ac927fd6299f,REDE GUAPO DE POSTOS DE COMBUSTIVEL LTDA
7425,ac92ccbd2246,POSTO MISSISSIPPI LTDA
7426,ac94daab82c0,AUTO POSTO NENINHA BEMBA LTDA
7427,aca0bcbaea67,AFL GAS NATURAL LTDA
7428,aca538a809eb,AUTO POSTO GENESIS DE JACAREPAGUA LTDA
7429,aca6aa90cafe,ITAUNA AGRO PECUARIA E MECANIZACAO LTDA
7430,aca90af55d6b,AUTO POSTO NOSSA SRA DO ROSARIO LTDA
7431,aca93364144f,POSTO ZAKA ALTO DA XV LTDA
7432,acac29ee5d5f,AUTO POSTO CIDADE SONHO LTDA
7433,acb7153db909,AUTO POSTO PORTAL DO ATLANTICO LTDA.
7434,acba25ec5b8f,POSTO ESTRELA GUIA DA TAQUARA LTDA
7435,acbc3db80ff8,AUTO POSTO ULTRAMARINO LTDA
7436,acbf33ff2919,AUTO POSTO PARADA OBRIGATORIA LTDA. - EPP
7437,acc2c7406a9b,PETRO KENNEDY COMERCIO E TRANSPORTE DE COMBUSTIVEIS LTDA
7438,acd272ea224b,AUTO POSTO SANTA LUZIA LTDA
7439,acd39d505fc0,FIGUEIRA CENTRO COMERCIO E DERIVADOS DE COMBUSTIVEIS LTDA
7440,acd5caeeef59,AUTO POSTO PAISAGEM DO M'BOI MIRIM LTDA
7441,acd7cfc695d5,AUTO POSTO BELAS ARTES II LTDA - EPP
7442,acdca731a8c8,KAWY - COMERCIO DE COMBUSTIVEIS LTDA
7443,acdcea5dde79,COMERCIO DE COMBUSTIVEIS NEVOEIRO LTDA
7444,acde53052c89,AUTO POSTO PELANDA 27 LTDA
7445,ace202f96dad,MANEZINHO COMERCIO DE COMBUSTIVEIS LTDA
7446,ace7fd407160,NERIS E SAMPAIO LTDA
7447,acfd1b0930c6,DK COMERCIO DE DERIVADOS DE PETROLEO LTDA
7448,ad02b6e1614d,RODOMAX COMERCIO DE COMBUSTIVEIS LTDA
7449,ad0e70fa5020,POSTO ELOHIM LTDA
7450,ad21fe10980d,CODEPEL -COMERCIO DE DERIVADOS DE PETROLEO LTDA
7451,ad22f44c4dd5,SIM REDE DE POSTOS LTDA
7452,ad2440f39d9f,IDEAL ANHANGUERA AUTO POSTO LTDA
7453,ad261c086833,BEETHOVEN BRANDAO EMPREENDIMENTOS LTDA
7454,ad270b685776,AUTO POSTO PARAISO DE SAO VICENTE LTDA
7455,ad2957bbb73f,ESQUINA DOS COMBUSTIVEIS LTDA
7456,ad2b868a1216,POSTO DOS SANTOS REIS LTDA
7457,ad2e4ec72cc3,PACHECO PETRO LTDA
7458,ad2e9e0d64b3,POSTO BERIMBAU LTDA
7459,ad361b25f40e,AUTO POSTO DADINHO LTDA
7460,ad3ee3d70d27,C R COMERCIO E DISTRIBUIDOR DE COMBUSTIVEIS LTDA
7461,ad41ae079b25,"BORTOLI, ARGENTA & CIA.LTDA."
7462,ad4338296748,LF CASTRO COMERCIO DE COMBUSTIVEIS LTDA
7463,ad4436f5d71c,REDE DE POSTOS NOVO HORIZONTE LTDA
7464,ad457488b961,POSTOS CARGA PESADA LTDA
7465,ad5bea5c5124,M.N.M. COMERCIO DE COMBUSTIVEIS E DERIVADOS LTDA
7466,ad6ad4e17a86,POSTO CANCUN LTDA
7467,ad6cf032fc49,AUTO POSTO PORTO DA IGREJA LTDA
7468,ad74dec17903,AUTO POSTO SETE DE TAUBATE LTDA
7469,ad752125f715,CAVALCANTE RABELO LTDA
7470,ad7be0d72194,LIG COMBUSTIVEIS E SERVICOS LTDA
7471,ad82539b2ae2,AUTO POSTO COUNTRY CASCAVEL LTDA
7472,ad86db8d13a6,WALBRAX 1 AUTO CENTER LTDA.
7473,ad884c3d1e62,KARSERV COMBUSTIVEIS LUBRIFICANTES E SERVICOS LTDA
7474,ad8f528fb7de,DEM & DEM COMERCIO DE COMBUSTIVES LTDA
7475,ad92d783b2e8,AUTO POSTO PLANALTO LTDA
7476,ad9b21b7c4f5,COMERCIAL MIGUEIS DE DERIVADOS DE PETROLEO LTDA
7477,ada083bee0e9,CASCOL COMBUSTIVEIS PARA VEICULOS LTDA
7478,ada18e748c45,UBIRATAN COSTA COMERCIO E SERVICOS EIRELI
7479,ada3276ba182,AUTO POSTO BRASIL HORTOLANDIA LTDA
7480,ada546f868da,MOTOGAS INDUSTRIA DE COMPRESSAO E COMERCIO DE GAS NATURAL LTDA
7481,adc1869aa183,TREVO COMBUSTIVEIS E LUBRIFICANTES LTDA
7482,add4b35a5a7a,BEREMBA COMERCIO VAREJISTA DE DERIVADOS DE PETROLEO LTDA
7483,add6212ee5f5,BR 304 COMERCIAL DE COMBUSTIVEIS DOMINGOS LTDA
7484,ade2937b5485,AUTO POSTO G5 LTDA
7485,ade81697ec34,AUTO POSTO BRASIL DE CACAPAVA LTDA
7486,adf10faad221,POSTO RIO MARINHO COMERCIO DE DERIVADOS DE PETROLEO EIRELI - EPP
7487,adf80c6c7058,AUTO POSTO SUPER PRESIDENTE LTDA
7488,adf924c5f21a,CASCOL COMBUSTIVEIS PARA VEICULOS LTDA
7489,adfb36c233ae,POSTO SAO MATHEUS COMERCIO DE COMBUSTIVEIS LTDA
7490,ae0261b5a572,SDDA COMERCIO DE COMBUSTIVEIS E LUBRIFICANTES LTDA
7491,ae0a7e9f276d,POSTO AMERICANO LTDA
7492,ae124151cc56,A A RABELO COMERCIO E TRANSPORTES LTDA
7493,ae19c40a12f3,FLAMINGO COMERCIO DE COMBUSTIVEIS LUBRIFICANTES E SERVICOS LTDA
7494,ae1ae0f26537,AUTO POSTO PASSARELLA DE MOGI GUACU LTDA
7495,ae1fd7d10785,SUELLEN QUEIROS PINHEIRO - ME
7496,ae206501bb1c,POSTO M7 EXPRESS LTDA
7497,ae23858aacaa,POSTO MARTINEZ LTDA - ME
7498,ae333559fbf1,POSTO TIO ZICO IV LTDA
7499,ae395aa7a751,AUTO POSTO TEX MARKET LTDA
7500,ae3e5e5a5b92,AUTO POSTO AMAPA LTDA
7501,ae3f03e5f59f,JOAO PAULO DE MENEZES FURTADO
7502,ae4640f051d2,PAPA 8 SERVICOS AUTOMOTIVOS LTDA
7503,ae4dc591f850,DF COMERCIO DE COMBUSTIVEL LTDA
7504,ae637b19568b,POSTO DE GASOLINA APACHE LTDA
7505,ae675772bacf,AUTO POSTO MUFFATO LTDA
7506,ae6e8c7c90c4,AUTO POSTO AMELIA ROSA LTDA
7507,ae74b6c50c24,QUINTINO E LEAO COMERCIO DE COMBUSTIVEIS LTDA
7508,ae75d24c0836,AUTO POSTO ESCALA II LTDA
7509,ae8451a77c56,AUTO POSTO PETROVEIGA LTDA
7510,ae84c4bd5453,AUTO POSTO SILGUEKRON LTDA
7511,ae87ccec4516,ZAGHINI & ZAGHINI LTDA.
7512,ae909b4272b3,LUCAS COMERCIO E DERIVADOS DE PETROLEO EIRELI
7513,ae9fd67ad9ff,POSTO DE GASOLINA CAMURI LTDA.
7514,aeaa97831288,AUTO POSTO FLORENSE LTDA
7515,aeaf5d560c87,DELTA AUTO POSTO DE PARAGUACU LTDA
7516,aeb4a2d95900,AUTO POSTO LIMEIRA LTDA
7517,aebdebc3ea6a,AUTO POSTO MASSARANDUBA LTDA
7518,aec108e8d70a,PETROTRUCK COMERCIO DE COMBUSTIVEIS LTDA
7519,aec2ccbc1cc4,AUTO POSTO ORNELAS LTDA
7520,aec9030b5e09,LEMA AUTO POSTO LTDA
7521,aed30835c06a,POSTO VILA DA SERRA LTDA
7522,aed59e05f30c,ESKINAO IV AUTO POSTO DE SERVICOS LTDA
7523,aed9c8af6435,MOCAFOR TRATORES E EQUIPAMENTOS AGRICOLAS LTDA
7524,aedfad96dc57,VACACAI COMBUSTIVEIS & LUBRIFICANTES LTDA
7525,aee2263e5c07,AUTO POSTO JAMILY LTDA
7526,aee9c600c990,C R C BARROSO E CIA LTDA
7527,aef209b7fd7c,POSTO DE COMBUSTIVEIS POINT DE NOVA IGUACU LTDA
7528,aef5c487c55f,BEZERRA E FILHO LTDA
7529,aef7c9d4717f,GARCIA COMERCIO DE PETROLEO LTDA
7530,af015bb18878,CHAVES E CAVALCANTE LTDA
7531,af04d04f53a5,SIM REDE DE POSTOS LTDA
7532,af08943cecbc,PETROCAL PETROLEO CAVALCANTI LIMITADA
7533,af09a5b4a340,AUTO POSTO SHIMA LTDA
7534,af25c2634843,AUTO POSTO RANCHO MINEIRO EIRELI
7535,af39cea7fd6e,S.A.BIAZUTTI LEITE - AUTO POSTO REDE SHOW LTDA
7536,af3d62b13009,AUTO POSTO GALANOS LTDA
7537,af3db5e5a171,AUTO POSTO BEACH BLUE LTDA
7538,af4471baeb42,AUTO POSTO TENENTE AVIADOR LTDA
7539,af47ee8824e4,AUTO POSTO DO TRABALHO S/A
7540,af506c464158,PLAZA AUTO POSTO LTDA.
7541,af540107377a,PETRO CAXANGA LTDA
7542,af57f7d803d2,POSTO CENTRAL DO GUARANI LTDA
7543,af5e3a99dfc8,PLANALTO PETROLEO MORADA NOVA LTDA
7544,af6197563b5c,TANGARA COMERCIO DE COMBUSTIVEIS LTDA
7545,af6de7c931ab,AUTO POSTO VANS EIRELI
7546,af6e2e914fb0,COMERCIAL RIO BRANCO DE PETROLEO LTDA
7547,af6e4148ce8d,NAMO COMERCIO DE COMBUSTIVEIS LTDA
7548,af78bc4f673a,AUTO POSTO BELLAGIO LTDA
7549,af7d5012e309,AUTO POSTO JARDIM EUROPA LTDA
7550,af7ec679ef86,PETRO SAO FRANCISCO COMBUSTIVEIS LTDA
7551,af84086f75fd,POSTO GUARAPARI LTDA
7552,af84fb0be74e,DK COMERCIO DE DERIVADOS DE PETROLEO LTDA
7553,af8908dc5ab3,PONEI POSTO DE GASOLINA LTDA
7554,af8ccea44c85,JHONY & JOSEMAR X PETROLEUM LTDA
7555,af95f4a11520,AUTO POSTO PETRO NACOES BAURU LTDA
7556,af9a3db2bd29,SOBRAL & PALACIO PETROLEO LTDA
7557,af9f09587a80,POSTO DE COMBUSTIVEIS GIRASSOL LTDA
7558,afa25e98d55a,AUTO POSTO JARDIM LONDRES LTDA
7559,afa599a9121d,F C OLIVEIRA COMBUSTIVEIS LTDA
7560,afb08d6afd3f,COMERCIO DE COMBUSTIVEIS BRAGANCA LTDA
7561,afb2c0ac7d7c,AUTO POSTO CANDAMAM LTDA
7562,afb6bfff3b28,PERES MULLER LTDA.
7563,afbd43e816e9,AUTO POSTO INHUMAS LTDA
7564,afc20e065cb2,COOPERATIVA TRITICOLA REGIONAL SAOLUIZENSE LTDA
7565,afc8cea427dc,D P N-DISTRIBUIDORA DE PRODUTOS NORDESTINOS LTDA
7566,afcd5c4a1f0f,AUTO POSTO DE COMBUSTIVEIS JOSE AMERICO LTDA
7567,afd04f2752b5,AUTO POSTO LEAOVIP LTDA
7568,afd3658966b4,A.B. SILVA & CIA LTDA
7569,afd7068ca963,CASCOL COMBUSTIVEIS PARA VEICULOS LTDA
7570,afdd98e5b863,DISCO COMBUSTIVEIS ITAPERUNA LTDA
7571,afdd9f0011b5,POSTO CANAL TERRA LTDA
7572,afded04b0cb6,J S FREITAS COMÉRCIO DE DERIVADOS DE PETROLEO LTDA
7573,afe5f69a3a1a,ORGANIZACAO HELIO MEIRELES PETROLEO LTDA
7574,afe7628ada05,AUTO POSTO ROTA 22 LTDA
7575,afea76449620,POSTO ARIBE EIRELI
7576,afead27c9c19,POSTO Z16 LTDA
7577,afeb45ad9ff5,IRMAOS PORCINI - RIO PRETO LTDA.
7578,afec1415a721,FRENTANA POSTO DE SERVICO LTDA
7579,afed29430030,SHEILA AUTO POSTO LTDA
7580,aff02519788c,ARAUJO PETROLEO LTDA
7581,aff890dffff1,AUTO POSTO EXPRESS DE JAFA LTDA
7582,affb6ee00a61,AUTO POSTO INTEGRACAO LTDA
7583,b0002a8acde5,POSTO OASIS COMERCIO VAREJISTA DE COMBUSTIVEIS LTDA
7584,b0004e57d29b,J A C CAMARGO COMERCIO DE COMBUSTIVEIS E DERIVADOS LTDA
7585,b0009cc6f9fc,AUTO POSTO JOTI  - EIRELI
7586,b0053ad5270f,CENCOSUD BRASIL COMERCIAL S.A.
7587,b010a4ef77de,M W P PINHEIRO COMBUSTIVEIS EIRELI
7588,b015654544b3,AUTOPOSTO SAUDE LTDA
7589,b0193d4995e7,ICOARACI COMBUSTIVEIS LTDA
7590,b027a7ad9a3b,COMÉRCIO DE COMBUSTÍVEIS SGARBOSSA LTDA
7591,b02a41f3b3b0,AUTO POSTO PETRUS LTDA
7592,b04469e677f5,AFJ COMERCIO DE COMBUSTIVEIS LIMITADA
7593,b04d26bc0573,E M C COMERCIO DE REFINADOS DE PETROLEO LTDA
7594,b051c812b741,COLOMBO COMBUSTIVEIS LTDA
7595,b051f156bc34,POSTO PHOENIX LTDA
7596,b05254d6a5cc,POSTO SANTA GEMA LTDA
7597,b054da60cef3,SR COMBUSTIVEIS E LUBRIFICANTES EIRELI
7598,b055f2d987d9,CENTRO COMERCIAL DE COMBUSTIVEIS DOMINGOS LTDA
7599,b058be36a1f5,ECCO PLUS POSTO DE SERVICOS LTDA
7600,b05e94372e04,POSTO ITAMARATY COMERCIO E REPRESENTACOES LTDA
7601,b0650d4c75af,DISTRIBUIDORA DE COMBUSTIVEIS SAVAR LTDA
7602,b065d99e5578,G M PETROLEO E VEICULOS LTDA
7603,b069f5efcd79,VIVA PETROLEO LTDA
7604,b06d5ac6d1dc,FARIAS ALVES & CORREIA LTDA
7605,b076c67f74b2,AGORA BR 40 ANOS POSTO DE COMBUSTIVEIS LTDA
7606,b08077af8e24,FECHINE & FECHINE LTDA
7607,b081d2adaa9e,AUTO POSTO MACEDO & TANNUS LTDA
7608,b084591437ec,PETRO  IDEAL REVENDA DE COMBUSTIVEIS LTDA
7609,b085e09674cd,C & C AUTO CENTER LTDA.
7610,b09228d93d19,SALVIANO DE OLIVEIRA & CIA LTDA
7611,b093b6c69d3a,JOLVER-COMERCIO DE COMBUSTIVEIS LTDA
7612,b09478112a47,AUTO POSTO SAO SEVERO LTDA
7613,b09c03d9ef4f,LUWA AUTO POSTO LTDA
7614,b0b05bae2f3b,COMLUC - COMERCIO DE LUBRIFICANTES E COMBUSTIVEIS LTDA
7615,b0b4cfbe6ccb,AUTO POSTO ROTATORIA DE MOGI GUACU LTDA
7616,b0b73ca23c6d,POSTO MACACO 3 LTDA
7617,b0b7f76ce9f0,F.F.STAEVIE COMBUSTIVEIS LTDA
7618,b0b9777b2f5a,AUTO POSTO DOS PASSAROS LTDA
7619,b0ba0831ca90,MATTAR E MATTAR AUTO POSTO LTDA.
7620,b0bba5636036,ABASTECEDORA DE COMBUSTIVEIS MOOSHERR LTDA
7621,b0bcfff94406,RODRIGUES - POSTO E SERVICOS LTDA
7622,b0bedb5c04c9,COMERCIAL BUFFON COMBUSTIVEIS E TRANSPORTES LIMITADA
7623,b0c138c60da8,J R EQUIPAMENTOS PARA COMUNICACAO EIRELI
7624,b0c59ae8ee8c,STAEVIE & CIA LTDA
7625,b0c9acabb1d7,POSTO BRIGADEIRO LTDA
7626,b0d166e86fa0,SGM COMBUSTIVEIS LTDA
7627,b0d7235df508,CASCOL COMBUSTIVEIS PARA VEICULOS LTDA
7628,b0df6dbeb7e6,AUTO POSTO ESTRELA DE CUMBICA LTDA
7629,b0e86e438e08,J. C. COMERCIO DE DERIVADOS DE PETROLEO LTDA
7630,b0f3af1954d8,ARRUDA AUTO POSTO COMBUSTIVEIS LTDA
7631,b0fee84343c6,ASA NORTE COMBUSTIVEIS LTDA
7632,b10170b54228,POSTO DE SERVICOS LOSPER LTDA .
7633,b1060da2c14a,RL POSTO DE SERVICOS AUTOMOTIVOS LTDA
7634,b1063375ab8a,AUTO POSTO GONZAGAO LTDA
7635,b107b0387b0b,POSTO VILA NOSSA SENHORA DE FATIMA LTDA
7636,b10917790f28,POSTO FREI DAMIAO LTDA
7637,b10ce0251b28,AUTO POSTO CREMONEZE LTDA
7638,b115a68f0f7d,POSTO DE COMBUSTIVEIS 32 LTDA
7639,b11c56e14406,TELMO CLEMENTE GUIZOLFI & FILHO LTDA.
7640,b11f52ae5c5b,AUTO POSTO CAPAO DA IMBUIA LTDA
7641,b1209f2f5d7a,AUTO POSTO NOSSA SENHORA DO SORRISO LTDA
7642,b12209649033,POSTO DE GASOLINA YAGO E MONIQUE LTDA
7643,b12663cb03a3,POSTO INDEPENDENCIA DE LUBRIFICACAO LTDA
7644,b12a2d339c7e,DISTRIBUIDORA DE PETROLEO MENDES LTDA
7645,b134ee146442,SODIC SOCIEDADE REVENDEDORA DE COMBUSTIVEIS LTDA
7646,b135ce2f8a41,POSTO D.AUGUSTA LTDA
7647,b13861dfaa45,COLORAMA COMERCIAL LORA DE MATERIAIS AUTOMOTIVOS LTDA
7648,b13b0120ddc0,MUCURIPE COMERCIO DE COMBUSTIVEIS LTDA
7649,b144591589a2,CASCOL COMBUSTIVEIS PARA VEICULOS LTDA
7650,b1447cbb2dc0,A S DE CASTRO & CIA LTDA
7651,b1454f3bd638,POSTO PAGUE MENOS LTDA
7652,b14a2fd9ecc4,JORGE VICTOR CARVALHO LTDA
7653,b14df5cf38b7,POSTO MIME S.A.
7654,b15210cf57d1,COMERCIAL DE PETROLEO AGUIAR LTDA
7655,b1525ad728e8,AUTO POSTO ITAMARATY DE OSASCO LTDA
7656,b152e4403af6,A.M.S. AUTO POSTO LTDA
7657,b1575b29bd07,POSTO M. DEODORO DE SALTO LIMITADA
7658,b15800485e8e,STAR COMERCIO DE COMBUSTIVEL LTDA
7659,b158bdd39897,COMERCIAL DE DERIVADOS DE PETROLEO SOUZA LTDA
7660,b16ea82869a1,VALOR POSTOS PRAIA DO MORRO LTDA
7661,b16ef02a2066,AUTO POSTO SAMAPE EIRELI
7662,b17e10b9adc2,POSTO DO CRISTO COMERCIO DE COMBUSTIVEIS LTDA
7663,b182909f2737,ENERGIA E PETROLEO VITORIA DA CONQUISTA COMBUSTIVEIS LTDA
7664,b185a34e4b85,POSTO AVENIDA BQ LTDA
7665,b18ed8e9fe86,KOTINSKI & CIA LTDA
7666,b19109299299,MM COMBUSTIVEIS LUZIANIA LTDA
7667,b19507f1dee1,AUTO POSTO RIO DO PEIXE LTDA
7668,b19520a6aa6d,POSTOS WK CATALAO LTDA
7669,b19dc2694a36,GOMES & COE COMERCIO DE COMBUSTIVEIS E REPRESENTACOES LTDA
7670,b1a1eebbf221,AUTO POSTO SAO BENTO DE ITU LTDA
7671,b1a9267537a4,AUTO POSTO SERENA LTDA.
7672,b1a974578c36,A NETO COMERCIO DE COMBUSTIVEIS
7673,b1bbb9df77bb,AUTO POSTO PRA FRENTE BRASIL LTDA
7674,b1bcb76f248a,AUTO POSTO COMBUSSERV LTDA.
7675,b1bd757128bd,AUTO POSTO SANTA BRANCA LTDA.
7676,b1ce36789ec7,AUTO POSTO A3 LTDA
7677,b1dd0f7ffdbc,POSTO MONTE CRISTO LTDA
7678,b1e2a3f4bcf8,O BARATEIRO COMERCIAL DE COMBUSTIVEIS LTDA
7679,b1e3399b9a69,ACOPEL - AMERICO COMERCIAL DE PETROLEO LTDA
7680,b1e49787d168,ACOPEL - AMERICO COMERCIO DE COMBUSTIVEIS LTDA
7681,b1eecd4b575d,AUTO POSTO MARINI LTDA
7682,b205a46403bf,POSTO GIRASSOL LTDA
7683,b2080dfe767d,POSTO SERENA CANADA LTDA
7684,b20a38563552,POSTO SHOPING MANGUE LTDA
7685,b20aae84df23,POSTO UNIVERSIDADE BM LTDA
7686,b2111e0b1aa1,POSTO DE GASOLINA A C LTDA
7687,b219cc4fb5c3,CSM - COMERCIO DE DERIVADOS DE PETROLEO LTDA
7688,b21be8ba0de9,POSTO CEU LTDA
7689,b229e80c9f6f,AUTO POSTO AVENIDAS FRUTAL LTDA
7690,b22f44d66720,AUTO POSTO MX LTDA
7691,b238d0c1f318,POSTO OLEGARIO MACIEL LTDA
7692,b23ea66bad5f,GRAN DIADEMA AUTO POSTO LTDA
7693,b245226a50a3,PHOENIX AUTO POSTO LTDA
7694,b245685d68c3,AUTO POSTO SALVATERRA LTDA
7695,b24baee81cfc,POSTO VA VER COMERCIO DE COMBUSTIVEIS LTDA
7696,b24fb63865c5,AZULAO AUTO POSTO LTDA
7697,b254d8e6197a,FERRADAS COMERCIO E DERIVADOS DE PETROLEO LTDA
7698,b25548b1dfff,AUTO POSTO PEROLA AGUAS LINDAS LTDA
7699,b259bc954dd8,PETROSHOP COMERCIO DE COMBUSTIVEIS LTDA
7700,b25f4e180079,POSTO 3 LTDA
7701,b25f91542b76,SUPER POSTO ECONOMICO LTDA
7702,b2735e6f7f84,SLG - COMERCIO DE COMBUSTIVEIS MILENIUM LTDA
7703,b276a3439121,CENTRAL COMERCIO VAREJISTA DE DERIVADOS DE PETROLEO LTDA
7704,b2862aebe000,AUTO POSTO DEZ SOROCABA LTDA .
7705,b2899548985c,CENTRO AUTOMOTIVO PORTAL JARDIM SUL LTDA
7706,b28c33d68648,MONEZI & MONEZI AUTO POSTO LTDA.
7707,b29621ed23d5,POSTO PARADA VITORIA LTDA
7708,b299f7632874,RF VALINHOS COMERCIO E SERVICOS AUTOMOTIVOS LTDA
7709,b29c7fc66850,AROLDO ALBERTON SOBRINHO
7710,b2a755733488,VIVIANO AUTO POSTO COMERCIAL LTDA
7711,b2a8282e80db,COMERCIAL DE DERIVADOS DE PETROLEO DA HORA LTDA
7712,b2b342f20215,A M F COMERCIO DE DERIVADOS DE PETROLEO LTDA
7713,b2bbfae0ef11,POSTO JP MOSSORO LTDA
7714,b2bc33d82fab,POSTO DE COMBUSTIVEL MEGA ENGENHO NOVO LTDA
7715,b2bccb5391fb,AE COMERCIO DE COMBUSTIVEIS LTDA - ME
7716,b2bd3ab771b4,PIO XII COMBUSTIVEIS LTDA
7717,b2c845e9c84d,COMERCIAL BUFFON COMBUSTIVEIS E TRANSPORTES LIMITADA
7718,b2c934a05a16,GAZPARK PARTICIPACOES LTDA
7719,b2d483d58e77,REDE K COMBUSTIVEIS LTDA
7720,b2e059d33de8,AUTO POSTO VILA TIBERIO LTDA
7721,b2e2cef16684,SANDRA APARECIDA ROMA VISSOTO EIRELI
7722,b2efed84676a,AUTO POSTO JBF SERTAOZINHO LTDA
7723,b2f28b971afa,AUTO POSTO PORTAL DE INDEPENDENCIA LTDA
7724,b2f4f0c58349,LEDS COMBUSTIVEIS LTDA
7725,b2f89c811768,AUTO POSTO E CENTRO AUTOMOTIVO MONTE CARMO LTDA
7726,b304056ac418,POSTO DE COMBUSTIVEIS SILVA PEREIRA LTDA
7727,b3084f892521,MARTINS & CIA LTDA
7728,b30bde72bf4a,POSTO DO JAIRO LTDA
7729,b30dff0304b8,AUTO POSTO PETALA AZUL LTDA
7730,b30ea9127bde,POSTO DOIS MIL SALTO LTDA
7731,b3100694b3c4,POSTO DE SERVICOS DENGOSO LTDA
7732,b3116547af74,3F COMERCIO DE COMBUSTIVEIS LTDA
7733,b321a551af67,S C B COMBUSTIVEIS E LUBRIFICANTES LTDA.
7734,b3293af89741,AUTO POSTO CONTORNO LTDA
7735,b32985a521ee,POSTO ITAMARATI GENESIS LTDA
7736,b32a6b2ad34d,CAMATTA & CIA LTDA
7737,b32ed91018c4,AUTO POSTO APEX LTDA
7738,b32ee26e3a13,VALDEIR NICOLODI LTDA
7739,b33b08856abb,POSTO DOS CAVALEIROS LTDA.
7740,b33b5c8627d8,AUTO POSTO AMAURI REIS LTDA
7741,b361f0c9643d,POSTO ELEFANTINHO DE LINS LTDA
7742,b3638728ccce,R.Q.O AUTO POSTO LTDA
7743,b3736f42cd76,FERNANDO SILVINO DE LIMA COMERCIO VAREJISTA DE COMBUSTIVEIS LTDA
7744,b374621b627c,ABC DISTRIBUICAO DE PETROLEO LTDA
7745,b3885bbfedfe,R. L. S. - COMERCIO DE COMBUSTIVEIS LTDA
7746,b38ee3c0f560,OLIVEIRA & FREITAS LTDA
7747,b3a1d702a036,MOTTER COMERCIO DE COMBUSTIVEIS LTDA - ME
7748,b3b993d0e526,AUTO CENTER GALINA LTDA
7749,b3c24404b438,ECONOGÁS DO BRASIL DIST. DERIV. DE PET. BIOC. E GÁS NAT
7750,b3c3e9dc48f3,AUTO POSTO MAR PEQUENO DE SAO VICENTE LTDA
7751,b3d1e458176e,AUTO POSTO SOLUCAO LTDA
7752,b3d2a6fcb297,AUTO POSTO ICAVEL LTDA
7753,b3d5bfbc2263,THAWAN COMERCIO DE COMBUSTIVEIS LTDA
7754,b3d9df008cf1,A & S DERIVADO DE PETROLEO LTDA
7755,b3db3b6c2f24,AUTO POSTO PREMIUM LTDA
7756,b3dd2e5e6a71,AUTO POSTO CORDILHEIRA LTDA
7757,b3e00277412d,VALDIR DE ARAUJO - COMBUSTIVEIS - EPP
7758,b3e7359cc4d6,PADILHA XAVIER COMÉRCIO E SERVIÇOS LTDA
7759,b3e97b4226a4,POSTO CAPIM DOURADO LTDA
7760,b3ed1b290580,J A LIMA & CIA LTDA
7761,b3eecae768f0,TOCA DA ONCA COMERCIO DE DERIVADOS DE PETROLEO LTDA
7762,b402f9adea19,RBN COMERCIO DE COMBUSTIVEIS E ADMINISTRADORA DE BENS LTDA
7763,b4085858fa8b,AUTO POSTO AG6 LTDA
7764,b40a915f4b3e,REDE LK DE POSTOS LTDA
7765,b40d37be0856,AUTO POSTO PRACA PORTUGAL LTDA.
7766,b40f3ca75d7d,CONDOR AUTO POSTO CASTRO LTDA
7767,b41746de9919,TALISMA PNEUS E PETROLEO LTDA
7768,b41944c10b48,"POSTO GALOPINHO DE GASOLINA, LUBRIFICANTES E PECAS LTDA"
7769,b428e939973b,POSTO DE COMBUSTÍVEIS MARÍLIA LTDA
7770,b42b5e95facc,POSTO BRUNATA LTDA
7771,b42cb9378bcb,J L I COMBUSTÍVEL LTDA
7772,b42d40fdf3db,ALTO UMUARAMA COMBUSTIVEIS LTDA
7773,b434f7db6732,COOP. DOS MOTORISTAS PROFIS. DE CACHOEIRA DO SUL LTDA
7774,b434fd21f933,EDUARDO AFRANIO JUNQUEIRA
7775,b43d82be40d8,PETROVILA TRIRRIENSE LTDA
7776,b44344186f5b,BRZ SUL COMERCIO DE COMBUSTIVEIS LTDA
7777,b4510f95c9e9,AUTO POSTO PRINCIPAL HC LTDA.
7778,b451770fc58c,POSTOS ALDO LTDA
7779,b454f8c8ca1e,COMERCIAL DE COMBUSTIVEIS CASA TUA EIRELI
7780,b455746e570c,AUTO POSTO LUMIAR LTDA
7781,b45956c15f09,AUTO POSTO HELSID LTDA
7782,b45f8ce0c9dc,POSTO ROTA DO CAFE COMERCIO DE DERIVADOS DE PETROLEO LTDA
7783,b4620bfbd5be,CACIQUE PETROLEO LTDA
7784,b4641c774974,AUTO POSTO VILA FIGUEIRA LTDA
7785,b4727b424fa5,ACIPE - COMERCIO DE COMBUSTIVEIS LTDA
7786,b479b5adeb28,GEGEL AUTO POSTO LTDA
7787,b47df25fb15f,B.D.-2 AUTO POSTO LTDA
7788,b484b31bccaa,AUTO POSTO GRUBER LTDA
7789,b48627c1256a,COMLUC - COMERCIO DE LUBRIFICANTES E COMBUSTIVEIS LTDA
7790,b4869464df90,CARREFOUR COMERCIO E INDUSTRIA LTDA
7791,b491198206e7,AUTO POSTO VEMAX LTDA
7792,b49ff4d2f6a3,POSTO NOVA ARICANDUVA LTDA
7793,b4aa0e43d92e,AUTO POSTO RETAO DA DUTRA LTDA
7794,b4b3dcbefcc4,BALANCA COMERCIO DE COMBUSTIVEIS LTDA
7795,b4b859dbf07c,AUTO POSTO DANUBIO LTDA.
7796,b4bc58fb89e5,AUTO POSTO PORTAO LTDA
7797,b4bd7161141b,AUTO POSTO SKINÃO LTDA
7798,b4c8e6cbdb56,POSTO DE COMBUSTIVEIS MLN TAUBATE LTDA
7799,b4c9a4895e3a,AUTO POSTO GIRASSOL LTDA
7800,b4c9e39d9e7d,M H DA COSTA E CIA LTDA
7801,b4d1aa58c546,NOVO POSTO MODELO LTDA
7802,b4d513f6d661,AUTO POSTO FORTES DA LAGOA COMERCIO DE COMBUSTIVEIS LTDA
7803,b4d9a965d39e,POSTO DV DERIVADOS DE PETROLEO LTDA
7804,b4f021e06ab8,AUTO POSTO GOLDEN GAS LAGO LTDA
7805,b4f72e6e70c4,ABASTECEDORA DE COMBUSTIVEIS ROGUIL LTDA
7806,b4fbfefa0703,LIFE COMERCIO DE COMBUSTIVEIS LTDA
7807,b4fc2a517be3,POSTO EL SHADDAI BARREIRAS LTDA
7808,b4fe0b23ce01,AUTO POSTO ALAMEDA DE ARARAQUARA LTDA
7809,b4ff390e6145,POSTO SAO PEDRO LTDA
7810,b506f467ed7b,MIRANTE PETROLEO LTDA
7811,b5107ed73a95,LAGOS DOURADOS COMERCIO DE PETROLEO LTDA
7812,b527db7586ff,E. B. DOS SANTOS & BRITO LTDA.
7813,b5341e967735,POSTO ICCAR LTDA
7814,b5429355561a,POSTO DE COMBUSTIVEL E LANCHONETE NOSSA SENHORA DA CONCEICAO DE DONANA LTDA
7815,b5447780f7a0,AUTO POSTO PINHEIROS LTDA
7816,b5465c06df94,POSTO DE SERVICOS TIGRE DO VALE LTDA
7817,b5587c2bdef7,AUTO POSTO AMCG LTDA
7818,b56078400c65,AUTO POSTO L.M. DE CAMPINAS LTDA
7819,b562599ab69a,BARROS & ALMEIDA LTDA
7820,b5633ab4a065,SETE ESTRELAS COMERCIO DE DERIVADOS DE PETROLEO LTDA
7821,b563d2a6e81b,T.N.T POSTO DE SERVICOS E CONVENIENCIAS LTDA
7822,b56c3225c923,CENTRO DE SERVICOS FRANGO ASSADO -NORTE LTDA
7823,b57df983a156,POSTO ARCO LTDA
7824,b581e7d0f8b6,COMERCIAL TRES FIGUEIRAS LTDA
7825,b582822c6f69,AUTO POSTO SAO DOMINGOS DE BARRETOS LTDA
7826,b585b43ad6fb,DECIO AUTO POSTO LTDA
7827,b586ff0a1e9f,JAGUARA COMBUSTIVEIS LTDA.
7828,b58ba2372349,GRAN SUZANO AUTO POSTO LTDA
7829,b5997cd583ad,PALERMO CITY COMERCIO DE DERIVADOS DE PETROLEO LTDA
7830,b5a0bec1dad7,POSTO MENDES LTDA
7831,b5abbe8f42f5,AUTO POSTO HUGO SIMAS COMBUSTIVEIS E  CONVENIENCIAS LTDA
7832,b5ac929af953,CARVALHO & CARVALHO COMERCIAL DE COMBUSTÍVEIS LTDA.
7833,b5b143779517,AUTO POSTO BRASIL LIMITADA
7834,b5bc10e7acdb,GUERREIROS DE CAXIAS POSTO DE GASOLINA LTDA
7835,b5bc5122e572,CEMA CENTRAL MINEIRA ATACADISTA LTDA
7836,b5c06449afc9,POSTO DE COMBUSTIVEL AGUIA LTDA
7837,b5cb7f801ecc,SPLANADA DA RAPOSO AUTO SERVICE LTDA.
7838,b5ce10f8ceb3,MARIBRAX POSTOS DE SERVICOS LTDA
7839,b5cfeb3b3820,POSTO GAS STATION LTDA
7840,b5d83a7c563b,VR COMERCIO VAREJISTA DE COMBUSTIVEIS LTDA - EPP.
7841,b5d98ce58ea4,GAD COMERCIO DE COMBUSTIVEIS LTDA
7842,b5dd1520bfd6,J. C. S. GUIMARAES LTDA
7843,b5e85cdff436,AUTO POSTO DAMIZADE LIMITADA
7844,b5e9390569c7,POSTO ICCAR LTDA
7845,b5eac78fcff2,POSTO ITAPOA LTDA
7846,b5ee9edcdefc,PECOBRAL COMÉRCIO DE DERIVADOS DE PETRÓLEO BRASÍLIA LTD
7847,b5fc030ce24b,POSTO CRISTAL CAMPINAS LTDA
7848,b5feb85af7f6,POSTO ICCAR LTDA
7849,b5ff2c097c86,AUTO POSTO SHALOM LTDA
7850,b60174e77718,"POSTO PALACIO COMERCIO DE COMBUSTIVEIS, LUBRIFICANTES E SERVICOS LTDA"
7851,b6058342ebc4,MONTREAL MONTESE COMERCIO DE COMBUSTIVEIS E LUBRIFICANTES LTDA.
7852,b60e6d3abbcf,J&J COMERCIO DE COMBUSTIVEIS LTDA
7853,b61a39bb313f,AUTO POSTO JP LIMITADA
7854,b625f1cadd57,SABIA POSTO DE SERVICOS E CONVENIENCIAS LTDA
7855,b62a8e0ccf0a,H W COMERCIO DE PETROLEO LTDA
7856,b62ac21a3152,ABASTECEDORA DE COMBUSTIVEIS BR 116 EIRELI
7857,b62b842e6a38,BR SUL AUTO POSTO LTDA
7858,b6353713bdb3,FASE QUATTRO ANHANGUERA - COMERCIO VAREJISTA DE COMBUSTIVEIS LTDA
7859,b639299e5a57,MPS COMERCIO DE COMBUSTIVEIS LTDA
7860,b63ba1a5d8d5,BUCCIOLI AUTO POSTO LTDA
7861,b64731eafd1b,CHC AUTO POSTO LTDA
7862,b65593ea6e05,PARENTES REVENDA DE PRODUTOS DE PETROLEO LTDA.
7863,b6622e49b43a,REDE DE POSTOS 2000 III DE COMBUSTIVEIS LTDA
7864,b66a7c863be8,AUTO POSTO TIGRE DE ITU LTDA
7865,b66b7040b3ee,POSTO DE COMBUSTIVEIS MODELO LTDA
7866,b66ed0302eff,POSTO DE COMBUSTIVEIS CAPITAO ENGENHO NOVO LTDA
7867,b66fb44a812b,CENTRO AUTOMOTIVO ALDA LTDA
7868,b6711b44298e,IPIRANGUINHA COMERCIAL DE COMBUSTIVEL DOMINGOS LTDA
7869,b683eeb90c0e,AUTO POSTO CAPITAL LTDA
7870,b68716ae0901,AUTO POSTO BEIRA RIO DE UBA-MG LTDA
7871,b68af99925df,COMPANHIA BRASILEIRA DE DISTRIBUICAO
7872,b68b977ff9fe,POSTO ALVES CARVALHO LTDA
7873,b68de21dea9e,AUTO POSTO FLORIDA RIBEIRAO LTDA
7874,b691189c6cb2,AUTO POSTO BICHIM IV LTDA
7875,b694a808247d,AUTO POSTO GRACIOSA LTDA
7876,b69c0c84fd9b,POSTO ALTERNATIVA DE COMBUSTIVEL E SERVICO LTDA
7877,b69f595c4d1a,ESPLANADA DE BANGU POSTO DE GASOLINA LTDA
7878,b6a3456a79ba,REDE DE POSTOS APOLO LTDA
7879,b6a893deaf3a,AUTO POSTO DE COMBUSTIVEIS BAYEUX LTDA
7880,b6b4d4f72a37,ROGER SOUZA DA SILVA LTDA
7881,b6b70a95ca65,AUTO POSTO ARQUIPELAGO LTDA
7882,b6bef498f7f9,FORTUNATO & ZAFANI LTDA
7883,b6c117ea5bc5,POSTO ICCAR LTDA
7884,b6c2e6ba4c5b,COMERCIO DE COMBUSTIVEIS NOVA ALIANCA TRES CORACOES II LTDA
7885,b6ce576c2e91,AUTO POSTO JLP LTDA
7886,b6d43dddcd87,POSTO F1 RACING LTDA.
7887,b6d54e43bf27,RODEP COMERCIO DE COMBUSTIVEL E TRANSPORTE LTDA
7888,b6dcb7a174c9,W & S DERIVADOS DO PETROLEO LTDA
7889,b6e4e1eb1a03,POSTOS PIATA LTDA
7890,b6e5411419b1,ESMERALDA COMERCIAL DERIVADOS DE PETROLEOS LTDA
7891,b6e5cf7d02fc,POSTO 5.5. LIMITADA
7892,b6e75f537628,POSTOS PELANDA COMBUSTIVEIS LTDA
7893,b6e99ba50d7d,AUTO POSTO DIJON LTDA
7894,b6ec5152129d,CASCOL COMBUSTIVEIS PARA VEICULOS LTDA
7895,b6ef17ef1449,SOCIEDADE COMERCIAL SANTA MARIA LTDA.
7896,b6f5c06c9cd8,AUTO POSTO JEEPÃO LTDA
7897,b6f6db915b83,AUTO POSTO PRESOTTO LTDA
7898,b6f9d3c68395,M.C.S.S FREITAS COMBUSTÍVEIS
7899,b709d49709b3,AUTO POSTO PLAYCENTER LTDA
7900,b70a60a610f5,MONTE SIAO AUTO POSTO LTDA
7901,b71522bb5088,AUTO POSTO MUSEU LTDA
7902,b721cd8e2504,AUTO POSTO ESTRELA DA AMIZADE LTDA
7903,b724b20695e7,AUTO POSTO CASTELO LTDA
7904,b72782836162,CENTRO AUTOMOTIVO MAJESTADE LTDA.
7905,b72f9826acd9,AUTO POSTO NOVA ESTACAO DO PESSEGO LTDA
7906,b73266f740ec,BIRA & BIRA COMÉRCIO DE COMBUSTÍVIES LTDA
7907,b73fe1f50789,IGOR DAVID DA CUNHA GONCALVES
7908,b7408b9060ad,POSTO BRASIL LTDA
7909,b7413cd59b9a,POSTO DE SERVICOS DOM EDUARDO LTDA.
7910,b74741d3a43d,AUTO POSTO DAS AMOREIRAS LTDA
7911,b74873d75da5,POSTO DE COMBUSTIVEIS R13 SANTA MARIA LTDA
7912,b748e86095d0,AUTO POSTO PACOCAO KM 52 LTDA
7913,b74b47b9239f,POSTO AVENIDA MARGINAL ITU LTDA
7914,b74c1fdb0e4d,AUTO POSTO ZM LTDA
7915,b763b65afdc2,CACIQUE PETROLEO LTDA
7916,b766bb435259,FORTE COMERCIO DE DERIVADOS DE PETROLEO LTDA
7917,b76ba5453cc7,AUTO POSTO PREMIUM LTDA
7918,b77363213011,CHIESA & FILHO LTDA
7919,b77e4f62f503,BANDEIRANTE GAS LTDA
7920,b794338dc741,POSTO DE GASOLINA BRILHANTE DO PILAR LTDA
7921,b799095be8ee,POSTO GIGANTE DE OURINHOS LTDA
7922,b79b24fcb22f,AUTO POSTO BORGES & LOBO LTDA
7923,b7ab3258e26d,SOARES & NASCIMENTO LTDA
7924,b7b051298cb0,CASTANHAL COMERCIO DE COMBUSTIVEL E TRANSPORTE AQUAVIARIO LTDA
7925,b7b13c516405,POSTO FIGUEIRA LTDA
7926,b7b72e2abc59,AUTO POSTO ZAFANI RIO PRETO LTDA
7927,b7bbc9a8aed0,AUTO POSTO GUIQUIRINO LTDA
7928,b7bddbcdfaea,DIMENSÃO DISTRIBUIDORA DE DERIVADOS DE PETROLEO LTDA
7929,b7c062ffd51f,POSTO CANAA LTDA
7930,b7d243708d4b,AUTO POSTO GUACUANO LTDA
7931,b7d58aa1f472,POSTO GT LTDA
7932,b7daa32f4630,J.A COMERCIO DE COMBUSTIVEIS LTDA
7933,b7e9717aa653,PG COMERCIO E TRANSPORTES DE COMBUSTIVEIS LTDA
7934,b7f0b0ac3505,D S P COM DE COMBUSTIVEL E LOJA DE CONVEN LTDA
7935,b7f67a5dc12f,AUTO POSTO DO TRABALHO S/A
7936,b7f8edc0d35d,POSTO COLISEU LTDA
7937,b7f93cdabbe2,POSTO ICCAR LTDA
7938,b8047f84a6c8,COMERCIAL DE COMBUSTIVEIS VISCONDE US LTDA.
7939,b812ca23b568,ALVARES E DUTRA COMBUSTIVEIS LTDA
7940,b8192cf6cef1,PETROMILE COMBUSTIVEIS LTDA
7941,b81a49574166,AUTO POSTO E SERVICOS CENTRAL ART LIMITADA
7942,b81f52bb9676,OLIVEIRA COMBUSTIVEIS LTDA
7943,b822be1b299b,JACYARA PEREIRA DE MELO COMERCIO DE COMBUSTIVEIS LTDA
7944,b82430c67dd3,INTERLAGOS DERIVADOS DE PETROLEO LTDA
7945,b825c554de2c,C & C AUTO POSTO LTDA
7946,b826a74a4b0c,COMERCIO DE COMBUSTIVEIS BOSQUE DAS ARAPIRACAS LTDA
7947,b82c9a69f63e,AUTO POSTO ML AYRTON SENNA LTDA.
7948,b82d28f8ed83,BATARA COMERCIO DE PETROLEO LTDA
7949,b83444400fb1,AUTO POSTO JAMEL CECILIO LTDA
7950,b83b236d571a,POSTO CENTENARIO 900 PIRACICABA LTDA.
7951,b83c550e310b,BR - 116 AUTO CENTER LTDA
7952,b8412b9e92c2,POSTO PROVIDENCIA LTDA
7953,b841f17919cf,POSTO JARDIM PARANAGUA LTDA
7954,b851fd7b04b9,AUTO POSTO RM & FILHOS EIRELI
7955,b8609de528e9,AUTO POSTO PEROLA DO M'BOI MIRIM LTDA
7956,b86fb89d5869,COMERCIO DE COMBUSTIVEIS PASTORELLO S.A.
7957,b8761f40aeb5,AUTO POSTO ALAMEDA SANTOS LTDA
7958,b87d8c6a1dd7,AUTO POSTO PAVAO TATUI LTDA
7959,b88053685ba5,AUTO POSTO MANSSELL LTDA
7960,b8846a1aacad,R.R. THEISEN & CIA.LTDA.
7961,b89277093830,POSTO CRISTIANO MACHADO LTDA
7962,b89472a985b3,AUTO POSTO GAMA CENTRO LTDA
7963,b89d83d6aa26,C & V COMERCIAL LTDA
7964,b8a176a45fd1,POSTO DE COMBUSTIVEIS DA FELIX LTDA
7965,b8a33eecd39c,CASCOL COMBUSTIVEIS PARA VEICULOS LTDA
7966,b8a60d5cec1c,SIM REDE DE POSTOS LTDA
7967,b8b473ffac7a,PEDROSO & SANTOS LTDA
7968,b8b706b7b39d,COMERCIAL DE COMBUSTIVEIS GUARANI LTDA
7969,b8b9100ef366,CASA AVENIDA COMERCIO DE COMBUSTIVEIS LTDA
7970,b8bd88cfac72,SAO CRISTOVAO POSTO DE SERVICOS LTDA
7971,b8c19c7c1c48,POSTO TROPICOS LTDA.
7972,b8c314fcbd13,COMERCIO VAREJISTA DE COMBUSTIVEIS RT DEZOITO E MEIO LTDA
7973,b8c526a45fb1,AUTO POSTO CINCO ESTRELAS LTDA
7974,b8c9257c6e64,POSTO ICCAR LTDA
7975,b8cd1a381874,PETROPARK COMERCIO DE COMBUSTIVEIS LTDA
7976,b8ce1906c162,POSTOS SANTA MONICA LTDA
7977,b8dce81a4b35,AUTO POSTO J.J JUNIOR LTDA
7978,b8e4fe6df2ae,FIRMO DERIVADOS DE PETROLEO EIRELI
7979,b8e5c2036f11,AUTO POSTO VILA VERDE LTDA
7980,b8ec3bf4490a,AUTO POSTO TREZENTAO - EIRELI
7981,b8f56af17d1d,VIA REGIO AUTO CENTER LTDA
7982,b8f908543e4b,POSTO MARLIM BRANCO LTDA - ME
7983,b90242b32ff0,POSTO DE SERVICOS AUTOMOTIVOS E COMERCIO DE COMBUSTIVEIS TOURIGA LTDA
7984,b90f10767ec6,POSTO PORTICO LTDA
7985,b910c9c7b9a6,AUTO POSTO JPC DERIVADOS DE PETROLEO LTDA
7986,b91d15a291b9,RHAM AUTO POSTO LUZIANIA LTDA
7987,b91fbcac5f57,POSTO DE COMBUSTIVEIS 4Z LTDA
7988,b91ff2106915,K. F. G. TAVEIRA
7989,b92106db1f6c,POSTO VILA PICA PAU LTDA
7990,b932048412b0,NOSSO POSTO DE ITU LTDA
7991,b9374a9a4f2d,AUTO POSTO MILLENNIUM DE SÃO CARLOS LTDA.
7992,b93df909a877,AUTO POSTO SCHUENG LTDA
7993,b941a21a5d0d,SIM REDE DE POSTOS LTDA
7994,b941d005fe9d,AUTO POSTO IMPERADOR DE LIMEIRA LTDA
7995,b9483fede878,AUTO POSTO MIRANTE DE PIRACICABA LTDA
7996,b956cc7647b9,AUTO POSTO BOSQUE DOS JEQUITIBAS LTDA
7997,b95c6f2f500b,CABRERA AUTO POSTO LTDA
7998,b95fd1c50e1f,POSTO DE ABASTECIMENTO AIMEE LTDA
7999,b961d988f78d,NORTE GV COMBUSTIVEIS LTDA
8000,b965afac21b8,COMERCIAL DE COMBUSTIVEIS GUIMARAES LTDA
8001,b969451a8342,POSTO DE GASOLINA E LUBRIFICACAO ENGENHO DE DENTRO LTDA
8002,b96ac025de9d,AUTO CENTER OLINDA ELLIS LTDA
8003,b974fa41b477,AUTO POSTO DANY LTDA
8004,b9764b5b39da,ATAIDE BEZERRA E CIA LTDA
8005,b995b0aa26f2,AUTO POSTO SANTA RITA LTDA
8006,b99a68a681d8,AUTO POSTO IMOLA DE ARARAQUARA
8007,b99da8c055ad,AUTO POSTO SEIMAR LTDA
8008,b9a8bb877f1e,FUTURO DERIVADOS DE PETROLEO LTDA
8009,b9bb53dcf457,POSTO DE SERVICO NINO S LTDA
8010,b9bd3323dfcb,POCOES DERIVADOS DE PETROLEO LTDA
8011,b9be622739b1,TUTOIA COMERCIO VAREJISTA DE COMBUSTIVEIS LTDA
8012,b9bf177add49,AUTO POSTO VILAR DOS TELES LTDA
8013,b9c406accccb,POSTO DE SERVICOS SHOPPING TREVO LTDA
8014,b9de1f988331,W A BARRETO E CIA LTDA
8015,b9e59806b45f,IBN PINTO E SILVA & CIA LTDA
8016,b9ee0f56aa9b,POSTO JATOBA LTDA
8017,b9ee3c6b5e30,AUTO POSTO OZIVAL LTDA
8018,b9f82cbfa80b,AUTO POSTO PINHEIRO DO CAICARA LTDA
8019,ba04eb700a73,POSTO JOTA EME LTDA
8020,ba0d6d8acc70,REDE DE POSTOS PARATI LTDA
8021,ba10f8f087aa,POSTO Z + Z LARANJEIRAS LTDA
8022,ba15076b0a3a,COOPERCITRUS COOPERATIVA DE PRODUTORES RURAIS
8023,ba198d11b211,CENTRO AUTOMOTIVO INVICTO LTDA
8024,ba21c057e825,AUTO POSTO BULGARIN LTDA.
8025,ba2386d3c857,AUTO POSTO ANHAIA MELLO LTDA
8026,ba28f076aeaf,POSTO DA SANDRA COMERCIO DE COMBUSTIVEIS LTDA
8027,ba2bf0639c66,POSTO ESTEVES LTDA
8028,ba34eb902dce,TULIO & CIA LTDA
8029,ba3565990021,COMBUSTIVEIS IBIRAPUITA LTDA
8030,ba3f8592c5d0,AUTO POSTO DRI LTDA
8031,ba405a1f6e3c,B2F COMÉRCIO DE COMBUSTÍVEIS LTDA.
8032,ba535b8b703d,AUTO POSTO PETROSALES LTDA
8033,ba53d14af1e1,APULIA POSTO DE GASOLINA LTDA
8034,ba5c173afff8,AUTO POSTO GLOBAL ARENA LTDA
8035,ba5d1da58902,CENTRO AUTOMOTIVO JANDAIA LTDA
8036,ba5dd9c1f8ad,GONCALVES & DIAS LTDA
8037,ba6e8a74854e,POSTO PIT STOP INDEPENDENCIA LTDA
8038,ba749f217e63,T & T AUTO POSTO LTDA.
8039,ba752ea30f0a,PSJB PETROLEO LTDA
8040,ba78be2f3446,AGG COMERCIO DE COMBUSTIVEIS EIRELI
8041,ba7aeac8e51a,POSTO UNIVERSITARIO DE JUIZ DE FORA LTDA
8042,ba8050dc38b1,N. MATIASI & CIA. LTDA.
8043,ba82a45378a6,AUTO POSTO BOAZ LTDA.
8044,ba82c42bde2d,COMBUSTIVEIS LOBINHO LTDA
8045,ba84bb9173f6,V.C.EMPREENDIMENTOS LTDA
8046,ba877534091b,COMERCIAL JOAO FERREIRA PETROLEO LTDA
8047,ba8de1911a44,AUTO POSTO ISRAEL LTDA
8048,ba9166361288,MEGA POSTO ASSUNCAO LTDA
8049,ba9a1e3c9307,HSI DISTRIBUIDORA DE COMBUSTÍVEIS LTDA.
8050,ba9a6e9cbe2f,LVR COMERCIO DE COMBUSTIVEIS LTDA
8051,ba9cd6fe4a3d,PINHEIRO E FILHO COMERCIO DE COMBUSTIVEIS E DERIVADOS DE PETROLEO LTDA
8052,baa6fede1c72,TEX-17 SERVICOS AUTOMOTIVOS LTDA
8053,baab445c8ef5,TREVO DERIVADOS DE PETROLEO LTDA
8054,babb58811958,POSTO MAGNOLIA LTDA
8055,babee6027fc1,COMERCIAL BUFFON COMBUSTIVEIS E TRANSPORTES LIMITADA
8056,bac14ce5c751,AUTO POSTO JARDIM CARIOCA LTDA
8057,baccd5e70996,POSTO INDIANO LIMITADA
8058,bacda3197d16,MOTOCAP COMBUSTIVEIS LTDA
8059,bacef791959e,SIM REDE DE POSTOS LTDA
8060,bad1d0932f25,POSTO TREVO DA PONTE LTDA
8061,bad2aab38766,AUTO POSTO POLI PERUS I LTDA
8062,bada2d1a896e,MODELO COMÉRCIO DE COMBUSTÍVEIS LTDA
8063,bae20cac2b84,AUTO POSTO PROGRESSO LTDA
8064,bae84bd7c37e,BARRACUDA COMERCIAL DE PETROLEO LTDA
8065,baefe3d916d1,POSTO SOL COMERCIO DE COMBUSTIVEIS LTDA
8066,baf040f1429c,AUTO POSTO BELA VISTA LTDA
8067,baf45c55af26,E.GARCIA COMERCIO DE COMBUSTIVEIS LTDA
8068,bafea6879200,AUTO POSTO ALMIRANTE LTDA
8069,bb05c2798706,AUTO POSTO DA ILHA LTDA
8070,bb0f65dd51ad,ODETE FERNANDES DE ABREU LTDA
8071,bb17e8ceb152,POSTO SANTA MARIA COMBUSTIVEIS E CONVENIENCIAS LTDA - EPP
8072,bb18ed0862c6,POSTO XIMENES MOTOS LTDA
8073,bb227d256830,AUTO POSTO PINHEIRINHO NOVO LTDA
8074,bb2542df5bf2,AUTO POSTO JARDIM RINCAO LTDA
8075,bb28beb144a7,AUTO POSTO ROBERTO LTDA
8076,bb322c301584,POSTO DANUBIO LTDA
8077,bb3a315fc1f6,AUTO POSTO PRIMEIRAO DE RIO BONITO LTDA
8078,bb4cb2e875ad,MARIA TERESA AUTO POSTO LTDA
8079,bb4f814cd0a7,ANA LUIZA SILVA COTRIM
8080,bb56865864e4,POSTO RIOGRANDINA LTDA
8081,bb5cd0cb88b3,AUTOMAR COMERCIO DE DERIVADOS DE PETROLEO LTDA
8082,bb5d8863d256,CACIQUE PETROLEO LTDA
8083,bb5f1eb1d3cf,BERIMBAU AUTO POSTO LTDA
8084,bb5fe3858432,POSTO DE COMBUSTIVEL CAMPEAO 070 LTDA
8085,bb6a83782655,RIVIERA DEL SOL AUTO SERVICE LTDA
8086,bb75d8cfc56a,IGUATU COMERCIAL DE COMBUSTIVEIS LTDA
8087,bb7b240b7f44,ALMEIDA E LEITE COMBUSTÍVEIS LTDA.
8088,bb7eacda2de1,COMERCIAL INTERNACIONAL LTDA
8089,bb8130f8e271,COMERCIAL LAFAIETE DE COMBUSTIVEIS AUTOMOTIVOS LTDA
8090,bb9251cfda52,AUTO POSTO CAMPECHE LTDA
8091,bba814a5e109,AUTO POSTO ECOXAXIM LTDA
8092,bbb4efdd1da3,CENTRO AUTOMOTIVO VIA SARUTAYA LTDA
8093,bbb598b60dc1,COMERCIO E DISTRIBUICAO SALES LTDA
8094,bbc5706bcec5,PETRONORTE COMERCIO DE COMBUSTIVEL LTDA
8095,bbd35c906c58,TYRESOLES DE SERGIPE INDUSTRIA COMERCIO E SERVICOS LTDA
8096,bbda7c2ce1fa,AUTO POSTO ZURICK - EIRELI
8097,bbdbee794c19,DK COMERCIO DE DERIVADOS DE PETROLEO LTDA
8098,bbe606c72c45,GAD - COMERCIO DE COMBUSTIVEIS LTDA
8099,bbebb8a48501,AUTO POSTO ARRASTAO LTDA
8100,bbf55758dbf0,POSTO SAO JANUARIO LTDA
8101,bbfcbdd07a92,POSTO YPE LTDA.
8102,bbfd31f6389a,VAZ COMERCIO DE COMBUSTIVEIS LTDA
8103,bc00bdc34f25,CENTRO AUTOMOTIVO MARINAS DE SAO VICENTE LTDA
8104,bc0444b5aade,POSTO BARAO SEIS LTDA
8105,bc15add1a0b4,ALMADA & CIA LIMITADA
8106,bc1f935ebaab,AUTO POSTO H. P. RIO PRETO EIRELI
8107,bc29d8d575ba,AUTO CENTER SEREIA LTDA
8108,bc31e9b10b64,AUTO POSTO PASCHOAL ARDITO LTDA
8109,bc3e1e14ac2d,RIZZOTTO & CIA LTDA
8110,bc3e92a4f91a,PETRO JOQUEI COMBUSTIVEL LTDA
8111,bc4234380f3a,AUTO POSTO FLORES LTDA
8112,bc44c22cf0ed,MECCA & GUERIN LTDA
8113,bc4cf5c9211e,SIM REDE DE POSTOS LTDA
8114,bc5855550fbc,AMERICANO COMERCIO DE COMBUSTIVEIS LTDA
8115,bc5a051d22f7,AUTO POSTO RM & FILHOS EIRELI
8116,bc616248e0fa,AUTO POSTO AVENIDA ITALIA LTDA
8117,bc6b1aaaf8a5,247 COMERCIO LTDA
8118,bc74d2652311,SOCIEDADE COMERCIAL NEVES E MIRANDA LTDA
8119,bc7a69558378,R ROSENDO AMORIM ME
8120,bc7c778b56e2,POSTO ALVORADA LTDA
8121,bc857ddf86f6,POSTO DE SERVICO S S LTDA
8122,bc8866465c11,POSTO DO LAGO COMERCIO DE COMBUSTIVEIS E DERIVADOS LTDA
8123,bc88d766e904,POSTO IGREJINHA LTDA
8124,bc8c06b65593,AUTO POSTO CHALE LTDA.
8125,bc8d9786144b,AUTO POSTO MASTER MOGI LTDA.
8126,bc8def309e3c,POSTO SANTIAGO II LTDA
8127,bc932a75d220,POSTO CAMPEÃO DE ITAMBI LTDA.
8128,bc9338a8d914,SAO LUCAS AUTO POSTO LTDA
8129,bc9429f4e89b,AUTO POSTO CINCO ESTRELAS LTDA
8130,bc9b644e046c,MARANATA COMERCIO DE PETROLEO LTDA - ME
8131,bca4e525b291,WJ CHAVES COMERCIO DE COMBUSTIVEIS LTDA
8132,bcab2c0c638f,SAO LUIS - COMERCIO VAREJISTA DE COMBUSTIVEIS LTDA
8133,bcae434a8984,MENEGATTI BRUSQUE COMERCIO DE COMBUSTIVEIS LTDA
8134,bcb345ddabc2,AUTO POSTO QUATRO IRMAOS LTDA
8135,bcb5b61f0e6b,AUTO POSTO CURITIBA MASTER LTDA
8136,bcc6cead03a9,TARABAYNE & TARABAYNE LTDA - EPP
8137,bccfb8ef3a0f,POSTO ELEFANTINHO LTDA
8138,bccfbcbfe9a3,AMIGO DA RODOVIA AUTO POSTO LTDA
8139,bcd62bc9263e,AUTO SHOPP PAULISTA LTDA
8140,bcd6cac61389,CHAC COMERCIAL DE COMBUSTIVEIS LTDA
8141,bcd80cd7aa98,SIM REDE DE POSTOS LTDA
8142,bce72d4dfe7e,ANDRADE & FREIRE LTDA
8143,bcf452b4c073,COMERCIAL MC PLUS LIMITADA
8144,bcf47e9c46ba,AUTO POSTO GLOBAL REVENDEDORA DE COMBUSTIVEIS LTDA
8145,bcf4abd337f7,COMERCIO DE DERIVADOS DE PETROLEO NOVA CAPITAL LTDA
8146,bcf9c89d79d6,ULTRA COMERCIO DE COMBUSTIVEIS LTDA
8147,bd00b5769acf,AUTO POSTO GOIO LTDA
8148,bd05cfcd3b7a,MARPETRO - COMERCIO E DISTRIBUICAO DE COMBUSTIVEIS LTDA
8149,bd06d37692f9,CENTRO AUTOMOTIVO NOVO SAO BERNARDO LTDA
8150,bd09e1895f18,POSTO PAINEIRAO II LTDA
8151,bd10409484fc,POSTO TIC TAC DE MACAE LTDA
8152,bd1ff46a7e6f,POSTO DE COMBUSTIVEL VIA LTDA
8153,bd2a1ae5fe7b,POSTO LIMA LTDA
8154,bd2ed0405c4f,POSTO TREVAO CIMATEL LTDA
8155,bd413aad9274,M M COMERCIAL DE COMBUSTIVEIS PLANALTO LTDA
8156,bd425d1b32b1,POSTO NOVA BARRA LTDA
8157,bd45d7885413,K DERIVADOS DE PETROLEO LTDA
8158,bd491b8b4e67,IMPERIAL ANGRA AUTO POSTO LTDA
8159,bd4a70717ec7,CNS COMBUSTIVEIS E DERIVADOS LTDA
8160,bd4e63603fb0,FORESTI & SANT ANNA LTDA
8161,bd50ad70c08c,BRAZ-PETRO COMERCIO DE COMBUSTIVEIS E DERIVADOS DE PETROLEO LTDA
8162,bd5641b0e589,CASCOL COMBUSTIVEIS PARA VEICULOS LTDA
8163,bd5673b9568e,AUTO POSTO AMERICA DE IBITINGA LTDA
8164,bd588c89f20d,FEITOSA COM DE COMBUSTIVEIS E REPRESENTACOES LTDA
8165,bd62143a58b7,POSTO GRANDE PARADA LTDA
8166,bd719a5b2de7,POSTO TROPICAL DE FRANCA LTDA
8167,bd7a3929cf34,COMERCIAL GUACU DE PRODUTOS DE PETROLEO LTDA
8168,bd7bb161abc2,POSTO PIAUI LTDA
8169,bd7c8ff582a4,BOX 4 POSTO DE SERVIÇOS E CONVENIÊNCIAS LTDA
8170,bd8124712789,COOPERATIVA DOS PLANTADORES DE CANA DO OESTE DO ESTADO DE SAO PAULO
8171,bd85cef62937,POSTO GURI LTDA
8172,bda9b987a86e,AUTO POSTO MILLENIUM LTDA
8173,bdb2b99348de,COMERCIO DE COMBUSTIVEIS CASARIN LTDA
8174,bdbcaa70ba91,MPS COMERCIO DE COMBUSTIVEIS LTDA
8175,bdc89a6247d5,AUTO POSTO VERENKA 06 LTDA
8176,bdcbba73e04d,S P MAGALHAES EMPREENDIMENTOS LTDA
8177,bddbcd5fc4fd,CENTRO AUTOMOTIVO MARISTELA LTDA.
8178,bddf20c86b50,VALE DO CAFE AUTO POSTO LTDA
8179,bde0de283700,COMERCIO DE DERIVADOS DE PETROLEO LINS LTDA
8180,bdeca5d0d983,POSTO EXPRESSAO - COMBUSTIVEIS E CONVENIENCIAS LTDA
8181,bded56a36db8,AUTO POSTO CAETANO ALVARES LTDA
8182,bdee7f3fed31,ANDEBRAZ MEGA POSTOS LTDA
8183,bdf1e1ebc4fd,POSTO DE SERVICO BRASIL LTDA
8184,be001a3f389c,AUTO POSTO REDE DO VALE LTDA
8185,be0239762c01,J A LIMA & CIA LTDA
8186,be112abadcf4,AUTO POSTO DO TRABALHO ABOLICAO LTDA
8187,be15c30c10b4,AUTO POSTO ZERRENNER LTDA
8188,be1c5510266a,POSTO NOSSA SENHORA DE FATIMA BAURU LTDA
8189,be1cc1c743c9,REDE JG COMERCIO DE COMBUSTIVEIS E LUBRIFICANTES BELA VISTA LTDA
8190,be25360f788c,POSTO ALJIG LTDA
8191,be2954527556,GROENLANDIA AUTO POSTO LTDA
8192,be355d9207d9,POSTO TROPICO LTDA
8193,be356ed818b4,AUTO POSTO VOVO RAPHAEL LTDA
8194,be3ff39cd885,AUTO POSTO MJR LTDA
8195,be423f375fc6,AUTO POSTO E MECANICA BARAO LTDA
8196,be48fa90cb8d,AUTO POSTO BOLZANO LTDA
8197,be4ad1b45121,GLAUCO TINO CAPRIO LTDA
8198,be4f45607813,POSTO JATOBA DE RIBEIRAO PRETO LTDA
8199,be55dd5647ae,CENTRO AUTOMOTIVO HUMAITA LTDA
8200,be5a32ba17fe,FERLIM COMERCIO DE COMBUSTIVEIS LTDA
8201,be61d0f79c02,NOVASOC COMERCIAL LTDA
8202,be7489a77ac5,FIGUEIRA GRAVATAI COMERCIO E DERIVADOS DE COMBUSTIVEIS LTDA
8203,be85c9172fc1,AVANT BOM DESPACHO COMBUSTIVEIS LTDA
8204,be88ecd6985c,CACULINHA COMBUSTIVEIS LTDA
8205,be8af32ec9a3,AUTO POSTO TMJ - JOSE BONIFACIO LTDA.
8206,be8d3c56a8e5,REVENDA DE COMBUSTIVEIS BKR LTDA
8207,be8ebb43aa91,POSTO SALAZAR LTDA
8208,be92320480ab,POSTO LARISSA DE PRESIDENTE PRUDENTE LTDA
8209,be949bc68d48,S S COMERCIO DE COMBUSTIVEIS SA
8210,be9634c7ef92,POSTO BOULANGERIE LTDA
8211,be9f9eabf632,F.MURY DESIGN PROPAGANDA E PUBLICIDADE LTDA
8212,bea1927ec1dd,MARIA AMELIA AUTO POSTO LTDA
8213,bea23a366ebd,DENISE DE JESUS MAZURECHEN - AUTO POSTO EIRELI
8214,bea3efd6380d,POSTO ALMIRANTE COMERCIO VAREJISTA DE COMBUSTIVEIS E LUBRIFICANTES LTDA
8215,bea9430bbf75,CENTRO AUTOMOTIVO CASTELINHO LTDA
8216,beb2e928583b,AUTO POSTO VILA VITORIA LTDA
8217,beb8a91228cc,COMERCIAL DE COMBUSTIVEIS IDEAL LTDA
8218,beba499983b4,REDE DE POSTOS DE COMBUSTIVEIS APEU LTDA
8219,bebaba7de054,MINAS CENTRAL COMERCIO E SERVICOS LTDA
8220,bec06cc615f2,ESPIRITO SANTO COMERCIO DE COMBUSTIVEIS LTDA
8221,bec1d889aee0,POSTO VALENCIA LTDA
8222,bec8d2ffad49,POSTO DE COMBUSTIVEIS DORAL LTDA
8223,becae8b94601,POSTO DE GASOLINA NOTA 10 DO GRAJAU LTDA
8224,becca49f8f1e,COMERCIAL AMAZONIA DE PETROLEO LTDA
8225,becfb8d5333c,SIM REDE DE POSTOS LTDA
8226,bedf19765a1f,CAMPOS & MAYER COMERCIO DE COMBUSTIVEIS LTDA
8227,bee88664663e,AUTO POSTO CINCO PRIMOS LTDA
8228,bef1f199baff,AUTO POSTO RSE 2 LTDA
8229,bef7779a1801,COMPANHIA BRASILEIRA DE DISTRIBUICAO
8230,bf01e91d37f8,AUTO POSTO PETRUS DE JABOTICABAL LTDA
8231,bf13e5084b4b,AUTO POSTO CASCATINHA EIRELI
8232,bf18557d5251,RENASCENCA AUTO POSTO LTDA
8233,bf1f7f050d34,M. MADALENA DISTRIBUIDORA DE COMBUSTIVEL LTDA
8234,bf283f722f99,AUTO POSTO NOVA ERA DE SOROCABA LTDA
8235,bf37968fe4e2,J A SOBRAL & CIA LTDA
8236,bf510d186515,PARIS AUTO POSTO LTDA
8237,bf53247428bf,NARDI COMERCIO DE COMBUSTIVEIS E DERIVADOS DE PETROLEO LTDA
8238,bf5d21cc316c,COMERCIO DE PETROLEO PIMENTAO LTDA
8239,bf5d46c9165e,ABASTECEDORA DE COMBUSTIVEIS LUCIO BITTENCOURT LTDA
8240,bf5ef03ac42c,SETE ESTRELAS COMERCIO DE DERIVADOS DE PETROLEO LTDA
8241,bf61a1e7121f,RIBEIRA  COMERCIO DE COMBUSTIVEIS LTDA
8242,bf68efe41d6a,AVANTE AUTO POSTO EIRELI - ME
8243,bf702de70146,AUTO POSTO JN PIMENTA LTDA
8244,bf856f7cb310,REVENDEDORA SOPETRO LTDA
8245,bf8ca271a170,BARAO DE TATUI AUTO POSTO LTDA.
8246,bf8e71f3d1a2,SIDERACO COMERCIO DE COMBUSTIVEIS LTDA
8247,bf8f55006f92,ADELINO RODRIGUES FILHO
8248,bf9146085e6e,ALLOY AUTO POSTO II LTDA
8249,bf9554733689,VIANA & VIEIRA LTDA
8250,bf95d3b0a3f4,POSTO DE GASOLINA RECREIOMAR LTDA.
8251,bf96e5d61f32,AUTO POSTO TERMINAL INTERMODAL DE CARGAS CAMPINAS LTDA
8252,bf99cf70e0ab,MENESES - COMERCIO DE DERIVADOS DE PETROLEO LTDA
8253,bf99d231b190,POSTO F5 LTDA
8254,bf9afe07003d,P & J COMERCIO DE DERIVADOS DE PETROLEO LTDA
8255,bf9b30b8b4ac,POSTO JUPITER LTDA
8256,bf9f9bd43948,COX & GAMA LTDA
8257,bfa1d021d348,NOVO RIO COMERCIO DE COMBUSTIVEIS LTDA - EPP
8258,bfa420e11a22,POSTO MONTE CARLO EIRELI
8259,bfa620ab0b7b,MOURAO COMERCIO DE COMBUSTIVEIS LTDA
8260,bfa6ae657d8f,POSTO AVENIDA LTDA
8261,bfa8f4dbc928,BAMBINI AUTO CENTER LTDA
8262,bfaa631506bc,JS COMERCIO DE COMBUSTIVEL E DERIVADOS DE PETROLEO LTDA
8263,bfb2e5ecd9db,AUTO POSTO CENTRAL CAMBE LTDA
8264,bfb2edbc6dad,VARGAS PETROLEO LTDA
8265,bfb4d1ad68d3,AUTO POSTO PIO MONTE LTDA
8266,bfc325ef2a13,ESTACAO MAUA AUTO POSTO LTDA
8267,bfc79919f2d0,AUTO POSTO PIMENTA LTDA
8268,bfcba1fd883a,AUTO POSTO AZUL COMERCIO DE DERIVADOS DE PETROLEO LTDA.
8269,bfd5a5aca779,A S DE CASTRO & CIA LTDA
8270,bfe6ab6e6281,I L N CARMINATI LTDA
8271,bffb55d85467,M. H. SMIDT COMBUST VEIS EIRELI
8272,c0018228f9cb,AUTO CENTER TURBINADO LTDA
8273,c003b8e252c8,NOVA PARADINHA AUTO POSTO LTDA
8274,c00ec77d34be,GERALDO VIEIRA E CIA LTDA.
8275,c01d1905a388,POSTO MILANI ABADIA LTDA.
8276,c02590c5e209,AUTO POSTO GONCALVES & OLIVEIRA LTDA
8277,c025e1a14011,POSTO VILA VERA CRUZ LTDA
8278,c02ef4a2ed62,AUTO POSTO CRISTAL LEME LTDA
8279,c035fe9b282a,POSTO ABREU DOIS LTDA
8280,c03656393a58,COMERCIO DE COMBUSTIVEIS FAMA LTDA.
8281,c0428f4558db,COOPERCITRUS COOPERATIVA DE PRODUTORES RURAIS
8282,c04b59d0316b,AUTO POSTO CAPELA BANDEIRANTES LTDA
8283,c055a347a258,EALS POSTO DE COMBUSTIVEL LTDA
8284,c058f6b655c6,RIZZOTTO & CIA LTDA
8285,c076a64c432f,AC MORAIS COMBUSTIVEIS LTDA
8286,c079a335a632,DUAS AVENIDAS DE MOGI GUACU POSTO DE SERVICOS LTDA.
8287,c07ef1cc7e02,POSTO DE COMBUSTIVEIS CENTER SUL LTDA
8288,c07f280a77e7,POSTO PORTAL DE SUAPE LTDA
8289,c0800b75a1c3,AUTO POSTO LEBLON LTDA
8290,c080555aeed7,OMEGA COMERCIO DE DERIVADOS DE PETROLEO E TRANSPORTE LTDA
8291,c083665fbd22,POSTO DE COMBUSTIVEIS DAL RI LTDA.
8292,c08998cc924e,FALEIROS COMERCIO DE COMBUSTIVEIS LTDA
8293,c08a2ac545f9,POSTO PORTAL DE AMERICANA LTDA
8294,c08eed5a19b4,PETROTECH COMBUSTIVEIS LTDA
8295,c09772fe165b,AUTO POSTO JARDIM SOCIAL LTDA
8296,c09d36005344,SOBRAL & PALACIO PETROLEO LTDA
8297,c0a00da79d1a,POSTO ML 300 LTDA
8298,c0a2ce6bb433,AUTO SERVICO LINDOLFO COLLOR LTDA
8299,c0a2d18dd369,JOBRAL COMERCIAL DE COMBUSTIVEIS LTDA
8300,c0c4659d1abb,POSTO DE GASOLINA DA PAPA LTDA
8301,c0c57bec7252,RZR COMERCIO DE COMBUSTIVEIS LTDA
8302,c0c956f95f80,JMI COMERCIO DE DERIVADOS DE PETROLEO LTDA.
8303,c0c9c82f107b,AUTO POSTO SÃO JOSÉ JB LTDA
8304,c0caffa5aa65,RB COMERCIO DE COMBUSTIVEL LTDA
8305,c0d0c5edadb3,COMERCIAL DE COMBUSTÍVEIS APOLLO 2000 LTDA.
8306,c0d8ac0f3b44,SAVEGNAGO-SUPERMERCADOS LTDA
8307,c0d94335a81d,PORTAL JARDIM DAS ROSAS AUTO POSTO LTDA
8308,c0dbe9c66867,AUTO POSTO SAO MATHEUS LTDA
8309,c0df8377c1fe,ISL RIO VERDE COMERCIO DE COMBUSTIVEIS LTDA
8310,c0e3732343e1,IGUEP INCORPORADORA GUEDES PEREIRA LTDA
8311,c0f1b930262d,POSTO JOAO RAMALHO DE MARILIA LTDA
8312,c0f60b283afe,POSTO PAI E FILHA LTDA
8313,c103c5f0e5e6,AUTO POSTO 7 LTDA
8314,c108011f3ce7,POSTO MANACA DE RIBEIRAO PRETO LTDA
8315,c10b08010aa0,POSTO DE SERVICOS ALIANCA DE CAMPO GRANDE LTDA
8316,c10c48400dae,M. W. COMBUSTIVEIS LTDA - EPP.
8317,c1133fe563a9,J L POSTO VENDA GRANDE LTDA.
8318,c11de8a7b5a2,CENTRO DE SERVICOS FRANGO ASSADO -NORTE LTDA
8319,c1203bdf1efb,NENEN'S CHOPP POSTO DE COMBUSTIVEIS LTDA
8320,c122a68d4660,AUTO POSTO PARQUE CASCAVEL LTDA
8321,c124b57edf65,SIM REDE DE POSTOS LTDA
8322,c12a9843edff,AUTO POSTO TREVO DE ITATIBA LTDA.
8323,c1338063abae,POSTO DE SERVICOS ONZI LTDA
8324,c134ec58a101,AUTO POSTO SOBERANO LTDA
8325,c142c74aa5ce,JACARE COMERCIO DE COMBUSTIVEIS LTDA
8326,c143a03ba88b,L&O COMERCIO DE DERIVADOS DE PETROLEO LTDA
8327,c15e12e1af77,J R POSTO DE COMBUSTIVEIS LTDA
8328,c165256f151a,AUTO POSTO SAO MATEUS LTDA
8329,c1799a4d41dc,POSTO J LTDA
8330,c18ce79ebc06,AUTO POSTO LS COMERCIO DE DERIVADOS DE PETROLEO LTDA
8331,c18d5d4639b2,DESCOBRIMENTO COMERCIO DE COMBUSTIVEIS LTDA
8332,c18fa57ae353,POSTO NOVO BATEL LTDA
8333,c1908173308f,POSTO DE SERVICOS GUAIMIM LTDA
8334,c194a9b659b2,POSTO TASSARA LTDA
8335,c1a52d68595d,AUTO POSTO VIP ITAIPU LTDA
8336,c1afa8566c55,POSTO CASTELO BRANCO DE VINHEDO LTDA
8337,c1b143c5cc30,VALPARAISO REPRESENTACAO COMERCIAL DE COMBUSTIVEIS LTDA
8338,c1b6e20d71f9,AUTO POSTO TECO-TECO LTDA
8339,c1bbe39e274e,PACHECO PETRO LTDA
8340,c1bc2455bd35,AUTO POSTO DE SERVICOS BELROXO 1 LTDA
8341,c1c0bfb821a6,POSTO RODOBEL LTDA
8342,c1cad6cd15b7,POSTO HIDROLANDIA LTDA
8343,c1cf58764594,V. F. COMBUSTIVEIS LTDA
8344,c1d14f08dd33,F S G COMERCIO E TRANSPORTES DE COMBUSTIVEIS LTDA
8345,c1d82f5bda75,BARROS COMERCIO DE COMBUSTIVEL E CONVENIENCIA LTDA
8346,c1d94245797d,AUTO POSTO SAN CARLO LTDA
8347,c1e232a8003f,SIM REDE DE POSTOS LTDA
8348,c1e57050659b,AUTO POSTO BADU 2 LTDA
8349,c1e719caddcd,AUTO POSTO E MECANICA BARAO LTDA
8350,c1fde37bd008,AUTO POSTO JVR LTDA
8351,c1ff4db6ac43,POSTO DE SERVICOS NOVA ITAQUA LTDA
8352,c21124cf7b37,AUTO POSTO ESQUINA DA CAPELA LTDA
8353,c21a59627cfa,COMERCIAL DE COMBUSTÍVEIS DRUMAC LTDA.
8354,c21de6f489e4,POSTO VILA PARIS LTDA
8355,c229f3488937,KJSA COMERCIO DE COMBUSTIVEIS E LUBRIFICANTES LTDA
8356,c22a46c9e3ff,AUTO POSTO VENDRAMIN LTDA.
8357,c22d056100bb,AUTO POSTO GRANDE AZOR LTDA
8358,c22da745d96f,ROBERTO KLUGE LTDA
8359,c230f7fcb1f1,AUTO POSTO SENADOR LTDA
8360,c23a67d052bd,COMERCIAL DE COMBUSTIVEIS BOM RETIRO LTDA
8361,c23b7ee1ae3a,MULLER COMBUSTIVEIS E LUBRIFICANTES LTDA
8362,c23d3c17697f,JJP 88 POSTO DE ABASTECIMENTO E AUTO SERVIÇO LTDA.
8363,c249acc8539b,AUTO POSTO NOVA IPANEMA LTDA
8364,c25092ede718,AUTO POSTO PANAMERA LTDA
8365,c258fae2f95d,AUTO POSTO SANTA CRUZ DE TATUI LTDA
8366,c25ad45f4d8b,PORTAL DOIS COMERCIO VAREJISTA DE COMBUSTIVEIS LTDA
8367,c25d11ab88af,AUTO POSTO COQUEIRINHO LTDA
8368,c260e9798c46,CENTER CAR AUTO POSTO GASPARINI LTDA
8369,c2682eb28e07,AUTO POSTO BENEDETTI DE PRESIDENTE PRUDENTE LTDA
8370,c268810a24fb,L H DA COSTA COMBUSTIVEIS
8371,c2811aec1943,JB COMERCIO DE COMBUSTIVEL LTDA
8372,c28a32a1793b,VVA ALBINO MICHELETTO & CIA LTDA
8373,c290776808f6,AUTO POSTO DE COMBUSTIVEL CAPUAN LTDA
8374,c2a6519adbda,AUTO POSTO SINOP LTDA
8375,c2b7e5e20819,POSTO DE GASOLINA E SERVICOS RECREIO 2009 LTDA
8376,c2b9ff524c6d,COOPERATIVA REG DE PRODUTORES RURAIS DE S LAGOAS LTDA
8377,c2bd7243c274,POSTO NOVO AMIGO LTDA
8378,c2cb6e409904,CASAGRANDA DERIVADOS DE PETROLEO LTDA
8379,c2ce5562bd0b,AUTO POSTO CAMPO DOS AMARAIS LTDA
8380,c2d89dbab77d,SODIC SOCIEDADE REVENDEDORA DE COMBUSTIVEIS LTDA
8381,c2d9371e21dc,COMERCIO DE PETROLEO MAREZU LTDA
8382,c2df58ff9427,AUTO POSTO VIANA LTDA
8383,c2e3cf71f4bc,JIR COMERCIO DERIVADOS DE PETROLEO E CONSTRUCAO CIVIL LTDA  - ME
8384,c2e3d7f90aca,BENETTI COMERCIAL DE COMBUSTIVEIS LTDA
8385,c2e3f6f3bea5,AUTO POSTO MANSAMBO TRANSPORTES RODOVIARIOS LTDA
8386,c2ea66dad8e0,SOFIA AUTO POSTO II LTDA
8387,c2f5a07760d0,AUTO POSTO TAQUA LTDA
8388,c2f6dff85201,LUMMAR COMBUSTIVEIS TAMBORE LTDA
8389,c2f89d822e25,AUTO POSTO SYSTEM LTDA
8390,c2fd372c25c2,AUTO POSTO DAMINELLI LTDA
8391,c303c8ee0519,GMX COMERCIO DE DERIVADOS DE PETROLEO LTDA
8392,c310b0749525,AUTO POSTO NOVA CONCEICAO LTDA
8393,c313b15a1c8d,L. J. COMÉRCIO DE COMBUSTÍVEIS LTDA.
8394,c31af8053167,POGORZELSKI & ZABOT LTDA
8395,c31da421b4b7,QUALLI COMERCIO DE COMBUSTIVEIS LTDA
8396,c321e651c8c8,AUTO POSTO CARAGUA LTDA
8397,c3222ea9a12c,INOVAR COMERCIO DE COMBUSTIVEL LTDA
8398,c324ec6abc45,AUTO POSTO 3S PAULISTA LTDA
8399,c3263eb94f66,AUTO POSTO MASP MARANHAO LTDA
8400,c33a6b9bd739,CENTRO AUTOMOTIVO CRS LTDA
8401,c33f72fa526f,SQUIZZATO COMERCIO DE COMBUSTIVEIS LTDA
8402,c345c7d16c23,POSTO GONTIJO LTDA
8403,c3480d67aac2,MONACO COMERCIO DE COMBUSTIVEIS LTDA
8404,c34b0618daab,NOTRE DAME AUTO POSTO DE COMBUSTÍVEIS LTDA.
8405,c34d25a2ae76,RENY DE A. RODRIGUES EIRELI
8406,c3515253655f,POSTO CINCAO LTDA
8407,c351a56a49c3,CIDADE NOVA COMBUSTIVEIS LTDA
8408,c351e967c41d,SANTANA E CASTRO LTDA
8409,c35202dc6163,AUTO POSTO RAMALHÃO III LTDA
8410,c352dfa07043,CENTRO AUTOMOTIVO ALPHA CENTER LTDA
8411,c35661ca908c,POSTO VOLTA REDONDA LTDA
8412,c359016802b9,AUTO POSTO NOVO BUTANTA LTDA
8413,c35ca267bec3,POSTO SHOW 5 AVENIDA LTDA
8414,c365af6b3e97,AUTO POSTO ALBERTIN LTDA - EPP
8415,c367f6e2898e,POSTO SAO LUIZ LTDA
8416,c36c9633cd68,AUTO POSTO ALMIRANTE LTDA
8417,c36e34d2d368,LINEO FERNANDES DE SOUZA & CIA LTDA
8418,c390f6903309,AUTO POSTO CENTRO EXPRESSO LTDA
8419,c3931fea7c8d,DILUBRA COMERCIAL DE COMBUSTIVEIS E MAQUINAS LTDA
8420,c39ba76412a3,POSTO DO RAFA LTDA
8421,c3ad60e6f82d,KS COMERCIO DE COMBUSTIVEL E CONVENIENCIA LTDA
8422,c3baa898ba91,AUTO POSTO CASTELO BRANCO DE ADAMANTINA LTDA
8423,c3cf91823f7f,MAIS REVENDA DE COMBUSTIVEIS LTDA
8424,c3d20e8e9913,POSTO AMERICANO LTDA
8425,c3d45e1d4f8d,COMERCIO DE COMBUSTIVEIS STANG LTDA
8426,c3d47df8d141,CENTRO COMERCIAL VENETO LTDA
8427,c3d62ac53e30,AUTO POSTO IMBUIA DE AMERICANA LTDA
8428,c3da1407b2fe,AUTO POSTO PETROLUK LTDA
8429,c3db8235061c,AUTO POSTO SILVAO LTDA
8430,c3e38c565353,AUTO POSTO NOVO TEMPO LTDA
8431,c3e66c63ca8b,AUTO POSTO VIA MARTE LTDA
8432,c3e849b77174,AUTO POSTO GAZ PRIME CHICAGO LTDA
8433,c3ec958cb2bb,PC LIMA COMERCIO DE COMBUSTIVEL LTDA
8434,c3ed12a296cd,SANTORINI AUTO POSTO LTDA
8435,c3f378e87caf,BLAYA AUTO POSTO LTDA
8436,c3f41574828e,ARARA AZUL REDE DE POSTOS LTDA
8437,c4088f1ce174,COMERCIO DE COMBUSTIVEIS POR DO SOL EIRELI
8438,c40dbf8c6f9b,AUTO POSTO THE BEST LTDA
8439,c415c7a12d0c,TIGRE AUTO POSTO LTDA
8440,c4193aaef81e,POSTO OLIMAR COMERCIO DE COMBUSTIVEIS LTDA
8441,c41bec6a546d,POSTO RIO SAO PAULO LTDA
8442,c41d0c2fc7b2,ROTA AUTO POSTO COMBUSTIVEL LTDA
8443,c41d678e090c,HELVETIA COMERCIO DE COMBUSTIVEIS E SERVICOS LTDA
8444,c41e5b6a14ae,JGJ COMERCIO DE PETROLEO LTDA
8445,c420cd3c77fc,AUTO POSTO ATACADAO LTDA
8446,c42a857d61a4,LBM COMERCIO DE COMBUSTIVEIS LTDA
8447,c42c7475e03e,DIGO'S COMERCIO DE COMBUSTIVEIS LTDA.
8448,c42e42633a63,AUTO POSTO PORTAL CIDADE LTDA
8449,c43292c537ab,JJS COMERCIO DE COMBUSTIVEIS LTDA
8450,c43a147b936e,L S COMERCIO E SERVICOS LTDA
8451,c447189ac3bd,AUTO POSTO ROBALO LTDA.
8452,c44bb612bc19,AUTO POSTO NOVO BARREIROS DE RAMOS LTDA
8453,c44bfcab3e66,REAL AUTO POSTO II COMERCIO VAREJISTA DE COMBUSTIVEIS LTDA
8454,c4511d417d18,POSTO ARAPIRACA LTDA
8455,c45fb4588b5e,AUTO POSTO SARITA LTDA
8456,c460843b1918,AUTO POSTO KERUBINS LTDA
8457,c4615c31895b,POSTO LULU LTDA
8458,c4692bfc8a61,AUTO POSTO SÃO TOMAZ LTDA
8459,c47cc5b4c6f6,AUTO POSTO CAMILA LTDA
8460,c48c24aa60f9,AUTO POSTO VALDEVEZ LTDA
8461,c48ee3b767cb,POSTO QUATRO RODAS LTDA
8462,c49726667038,J MENDES REVENDEDORA DE COMBUSTIVEIS E DERIVADOS LTDA
8463,c498d181acdf,ZAP AUTO POSTO LTDA
8464,c49f28d7b9d1,AGUIAR COMERCIO VAREJISTA DE COMBUSTIVEIS LTDA
8465,c4a1f171f292,COMERCIAL RECIFE - COMERCIO DE DERIVADOS DE PETROLEO LTDA
8466,c4a51f618a8d,GREEN COMERCIO DE COMBUSTIVEIS LTDA
8467,c4a6c95cfccf,PLATAMO II AUTO POSTO LTDA
8468,c4ab7f260773,AGPETRO COMERCIO DE PETROLEO LTDA
8469,c4b88524cbfb,SUPER AUTO POSTO RODEIO LTDA
8470,c4c26c4b1af2,CAMARGO COMBUSTIVEIS LTDA  - ME
8471,c4c680683a6e,POSTO RP CASPER LIBERO LTDA
8472,c4c825b5d215,AUTO POSTO EXPRESSO LTDA
8473,c4caae190a7d,REDE DE POSTOS PRESIDENTE LTDA
8474,c4cc7c2a05a4,AUTO POSTO 1 DE ABRIL LTDA
8475,c4ccfbba7c77,POSTO 2 IRMAOS DE MARILIA LTDA
8476,c4d089660cfb,RODOGAS POSTO PRESIDENTE LTDA
8477,c4d106a8ee83,POSTO PAULISTINHA LTDA
8478,c4d756fb006f,FERNANDO CORREA COMERCIO DE COMBUSTIVEIS LTDA
8479,c4db16b35c89,AUTO POSTO ADAMO LTDA
8480,c4e7be57d3d7,CACIQUE PETROLEO LTDA
8481,c4ec5a662e57,AGUIAR PETROLEO E LOCACOES LTDA
8482,c4eedc2303eb,POSTO MOSTEIRO DE RIBEIRAO PRETO LTDA
8483,c4f13926b9f5,REDE LK DE POSTOS LTDA
8484,c4f20ac32333,AUTO POSTO LAGOA DO MEIO LTDA
8485,c4ff5ec005f5,POSTO ECO-2000 LTDA
8486,c508d892f8af,AUTO POSTO REI DA CASTELO 3 LTDA
8487,c50b86743c9c,POSTO DULCE LTDA
8488,c50e946b6415,AUTO POSTO FLORAIS LTDA - ME
8489,c518226b10c1,AUTO POSTO RESSACA LTDA
8490,c51a249f42fd,AUTO POSTO BENETS LTDA
8491,c520bf314d66,ITAMARAJU COMERCIO DE COMBUSTIVEIS LTDA
8492,c520feb9e7a4,V12 COMERCIO DE COMBUSTIVEIS & CONVENIENCIA LTDA.
8493,c52ad303d778,AUTO POSTO CONFIANCA I LTDA
8494,c52c3da314e3,POSTO DA LUCAS COMERCIAL DE COMBUSTIVEIS LTDA
8495,c53265c35139,POSTO PERFEITO DE BARRA MANSA LTDA
8496,c5413635f789,BG LESTE PETROLEO LTDA
8497,c544fe851865,POSTO THIAVAN LTDA.
8498,c54b978cb81f,AUTO POSTO PETRO AMERICA LTDA
8499,c54cc91ce91f,POSTO MARTE LTDA
8500,c5555f994618,CENTRO AUTOMOTIVO ALOHA LTDA
8501,c555bf625e2c,CONTORNO DERIVADOS DE PETROLEO LTDA
8502,c55dabef55aa,AUTO POSTO LUAR DA RIO SANTOS II LTDA
8503,c5615e44d9dc,SIQUEIRA NOGUEIRA COMERCIO DE COMBUSTIVEIS LTDA.
8504,c56232b00af1,CENTRO AUTOMOTIVO SETE ESTRELAS LTDA
8505,c5626141b359,J.E COMERCIO DE COMBUSTIVEIS E DERIVADOS DE PETROLEO LTDA - ME
8506,c5655e23f259,POSTO PIRACICABAO COMERCIO DE COMBUSTIVEIS LTDA
8507,c577cf686f0a,AUTO POSTO MARA MIRU LTDA
8508,c57df171ca8d,COOPERATIVA MISTA DOS PRODUTORES DE LEITE DE MORRINHOS
8509,c581514b1b0e,AUTO POSTO KRON LTDA
8510,c58580b027a1,IDEAL GUAPO LTDA
8511,c58e2f74104b,AUTO POSTO IMACULADA LTDA
8512,c59103ef1975,POSTO DE SERVICOS ANCHIETA LTDA
8513,c5914f2e021c,FERNANDO O. B. BARRA E CIA. LTDA.
8514,c59b8c80d70b,CHAPARRAL COMBUSTIVEIS E LUBRIFICANTES LTDA
8515,c5a0b97b7f31,NT COMERCIAL DE PETRÓLEO LTDA.
8516,c5af6858a452,AUTO POSTO INACIO & BROIO LTDA
8517,c5b8b75ea50e,MD COMERCIO DE DERIVADOS DE PETROLEO LTDA
8518,c5ba76ec9bc9,LOCATELLI DERIVADOS DE PETROLEO LTDA
8519,c5be9b712297,GARAGEM PARQUE DO ARVOREDO LTDA
8520,c5cbce93dcc7,APEC VEICULOS S/A
8521,c5d000c99d50,ISMAEL DE OLIVEIRA PENA COMERCIO DE COMBUSTIVEIS
8522,c5d3d621ea7c,POSTOS PASSAREDO LTDA
8523,c5d3fa4c803b,AUTO POSTO ECLIPSE LTDA
8524,c5d57aeb642f,CONQUISTA COMBUSTIVEIS LTDA
8525,c5dcdba8ac5d,COMERCIAL BUFFON COMBUSTIVEIS E TRANSPORTES LIMITADA
8526,c5e2ccb2b734,FLORIDA COMERCIO DE COMBUSTIVEIS LTDA
8527,c5e674aa9b46,POSTO DE GASOLINA ATALAIA LTDA
8528,c5e9b1036775,RAFA COMERCIO DE COMBUSTIVEIS LTDA
8529,c5ea006c0929,POSTO DISTRITO COMERCIO DE COMBUSTIVEIS LTDA
8530,c5f24bc5fe6c,AUTO POSTO SANTA IZABEL LTDA
8531,c5f2bd68d0bb,ALBERTI COMERCIO DE DERIVADOS DE PETROLEO LTDA
8532,c5f5efceb506,ABASTEC ABASTECIMENTO LAVAGENS E LUBRIFICACAO LTDA
8533,c5f5f0114b12,POSTO DE COMBUSTIVEIS VILA COYOTE LTDA
8534,c5f89235514c,PETROGAL 10 AUTO POSTO LTDA
8535,c605581c10b8,POSTO SERVUS LTDA.
8536,c606a381e66f,ALFA AUTO POSTO LTDA
8537,c60898301657,AUTO POSTO VICENTE II LTDA.
8538,c6096cc96035,AUTO POSTO SIRIO LTDA
8539,c60f9dad049d,SIM REDE DE POSTOS LTDA
8540,c61de8cd10c7,POSTO JANAUBA LTDA
8541,c6237ea11793,AUTO POSTO GERLIN LTDA
8542,c62a0e4af5c6,AMD COMERCIO VAREJO DE COMBUSTIVEIS LTDA
8543,c62e8527e3b6,POSTO DE GASOLINA BANDEIRANTES LTDA
8544,c635d7412e22,POSTO CASA GRANDE LIMOEIRO LTDA
8545,c636fe9c04ea,POSTO DE COMBUSTIVEIS MAVERICKS LTDA
8546,c637eb3300ce,AUTO POSTO DE COMBUSTIVEIS SERRANO LTDA.
8547,c63d13b68f30,BATISTA E CUSTODIO COMERCIO DE COMBUSTIVEL LTDA
8548,c64b2f3bb3d3,AUTO POSTO D. B. MOGI LTDA
8549,c64e6a814c4f,PETROBOM COMERCIO DE COMBUSTIVEIS LTDA
8550,c65abafdaa63,POSTO TONATTO LTDA
8551,c664110753ee,POSTO DUBAI III LTDA
8552,c676bcf80b36,POSTO MONZA LTDA
8553,c67acb140906,VDK COMERCIO DE COMBUSTIVEIS LTDA
8554,c6826cfa01ab,AUTO POSTO WANEL VILLE LTDA
8555,c6835ef60639,AUTO POSTO SABARA LTDA.
8556,c695c44357bc,CARATINGA COMBUSTIVEIS LTDA
8557,c69d4a8800d9,SERVI POSTO GASOLEOS COHATRAC LTDA
8558,c6a6b1559c6d,POSTO PAMPAS LTDA
8559,c6aa347bd58a,POSTO DE COMBUSTIVEIS DAL RI LTDA.
8560,c6dfcbdfacc5,TREVO DERIVADOS DE PETROLEO LTDA
8561,c6e2502cf0e7,COMERCIAL DE DERIVADOS DE PETROLEO UNIPETRO LTDA
8562,c6eb8af0b476,POSTO ABBA LTDA
8563,c6f426f283c5,POSTO AJURUTEUA LTDA
8564,c71f56d84eb3,SETE ESTRELAS COMERCIO DE DERIVADOS DE PETROLEO LTDA
8565,c722d250359f,CENTRO AUTOMOTIVO CONCORDIA LTDA
8566,c7244176bcda,PORTAL LESTE AUTO POSTO LTDA
8567,c7322d0f2304,R.B. COMBUSTIVEIS LTDA
8568,c73966764072,POSTO RIMA LTDA
8569,c73c63256e41,BARCA AUTO POSTO LTDA
8570,c75c4cae3e89,ABASTECEDORA DE COMBUSTIVEIS ROMADER LTDA
8571,c75dd47a07ba,AUTO POSTO EJM LTDA
8572,c76859fea2a2,AUTO POSTO BAND GUIDO ALIBERTI LTDA
8573,c776c892680e,SANTA TERESINHA COMBUSTIVEIS LTDA
8574,c77b2629104e,COMERCIAL DE COMBUSTIVEIS SELAU LTDA
8575,c780f1d1bf23,GDI COMERCIO DE COMBUSTIVEIS LTDA
8576,c7831b6efd26,AUTO POSTO TAMBORY III LTDA
8577,c787b0419958,AUTO POSTO SOF NORTE LTDA
8578,c793c181e61a,ROVIER TRANSPORTE E REVENDA DE COMBUSTIVEIS LTDA
8579,c7971d42544b,POSTO NORTE SUL LTDA
8580,c7a0f539739e,AUTO POSTO PEROLA DE SALTO LTDA
8581,c7ab412bfd23,G-10 ESTACAO DE SERVICOS AUTOMOTIVOS LTDA.
8582,c7ae935a7dfe,AUTO POSTO SAQUA LTDA
8583,c7aeb94c5aab,POSTO IRMAS MARTINI COMERCIO VAREJISTA DE COMBUSTIVEIS LTDA
8584,c7b01e05c4aa,AUTO POSTO CATARINENSE LTDA
8585,c7babe484925,AUTO POSTO CAPITAL LTDA
8586,c7c3aa567c57,POSTO VILA FERNAO DIAS LTDA
8587,c7c57f0df553,POSTO PRIME NORTE SUL LTDA
8588,c7c69e11ebaa,POSTO BOA VISTA BM LTDA
8589,c7cc8c5a2c16,AUTO POSTO SOUZA II LTDA. - EPP
8590,c7d042ce6ea6,AUTO POSTO RECIFE LTDA
8591,c7d1ecc39885,J.V.R COMÉRCIO DE PETRÓLEO LTDA
8592,c7d9a115ae7b,AUTO POSTO MANHATTAM DE ARACATUBA LTDA
8593,c7d9bd5f4e70,DIAL AUTO POSTO LTDA
8594,c7da816b056e,AUTO POSTO LADOME LTDA
8595,c7daa7acd71b,AUTO POSTO PIEMONTE DE ARARAQUARA LTDA
8596,c7daaf27f3fa,SSJT SERVICO DE AUTO POSTO LTDA
8597,c7dad55f7ebc,POSTO ET LTDA
8598,c7e34954bf7f,JARDINS RIBEIRAO - SERVICOS AUTOMOTIVOS LTDA
8599,c7e5c6f809ac,S. R. DERIVADOS DE PETROLEO LTDA
8600,c7f20f5c32ad,AUTO POSTO FERLIN LTDA
8601,c7f47af27be1,AUTO POSTO D6 LTDA
8602,c7fb75d03cce,",POSTO DE COMBUSTÍVEIS M RIBEIRO GOIANIA LTDA"
8603,c808c636bd35,POSTO MACACO 2 LTDA
8604,c817b42bf0dd,AUTO POSTO IMPERADOR RIO CLARO LTDA
8605,c82464cd0565,REDE MARTHA COMERCIO DE COMBUSTIVEIS LTDA
8606,c824ac9fd278,NASHE COMBUSTIVEIS LTDA
8607,c8261c11204c,VILELAO COMERCIO DE COMBUSTIVEIS LTDA
8608,c8389aa6545f,AUTO POSTO ERASTO GAERTNER LTDA
8609,c83c6548af96,AUTO POSTO ANDRADE LTDA
8610,c84456384a18,AUTO POSTO GUACU BRASIL LTDA
8611,c845977a4a97,POSTO DE GASOLINA TERNURA DE ITABORAI LTDA
8612,c845abd816e8,JOAO VALLE POSTO DE SERVICOS LTDA
8613,c85498f1ed03,VENEZA AUTO POSTO LTDA
8614,c856d22edc70,POSTO PIO XII LTDA.
8615,c86766629b23,AFG COMERCIO DE COMBUSTIVEIS LTDA
8616,c86daf91576f,BIO SEVEN POSTO DE COMBUSTIVEIS E LUBRIFICANTES LTDA
8617,c872145b1a93,AUTO POSTO PRAÇA 14 LTDA.
8618,c874aa038032,RORAIPETRO RORAIMA PETROLEO LTDA
8619,c87897134acd,POSTO CENTRAL COMERCIO DE COMBUSTIVEIS LTDA
8620,c87a2cfa81e4,AUTO POSTO JARDIM AEROPORTO LTDA
8621,c87af4c816d7,LUIZ DE OLIVEIRA
8622,c87c59c4c229,L S COMERCIO E SERVICOS LTDA
8623,c88415ef525a,POSTO DE SERVICOS P4 LTDA
8624,c88a3136e917,UNI AUTO POSTO DE ARACATUBA LTDA
8625,c8973a468e78,POSTO SIM LTDA
8626,c89e6990601c,CHECON DANTAS COMERCIO DE COMBUSTIVEIS LTDA
8627,c8a9342a32f6,POSTO GALO LTDA
8628,c8ab2a2f1360,CENTRO AUTOMOTIVO BRASIL BPX LTDA
8629,c8ae07baa5a2,POSTO DAS FLORES LTDA
8630,c8b7fdb41d1c,AUTO POSTO VALENÇA LTDA
8631,c8d1609a5a3c,POSTO DE COMBUSTIVEIS DAL RI LTDA.
8632,c8d3ed89140d,JUVENTUS VAREJISTA DE COMBUSTÍVEIS LTDA.
8633,c8da617f05c1,AUTO POSTO VAS CAS LTDA
8634,c8e00f2354eb,COMERCIAL DE COMBUSTIVEIS TAMANDARE LTDA
8635,c8e5be0d4459,IBN PINTO E SILVA & CIA LTDA
8636,c8e9a66ebde1,MEGA POSTO AVENIDA LTDA
8637,c8ea34201813,AUTO POSTO LITORANEA LTDA
8638,c8ebcc034bb6,ROFERA COMBUSTIVEIS LTDA.
8639,c8ebd72071d4,POSTO LAGOMAR DE MACAE LTDA
8640,c8ecce5f7634,POSTO RODA BRANCA LTDA
8641,c8f2e2c4eb21,POSTO ANTONELLI 20 LTDA
8642,c8f55098a183,RIO NEGRO DERIVADOS DE PETROLEO LTDA
8643,c8f7fb607c1e,IRMAOS FREIRE DE LIMA LIMITADA
8644,c914b55b615a,MARAMBAIA COMBUSTIVEIS LTDA
8645,c9157f4a2849,PETROBAND COMERCIO DE COMBUSTVEIS LTDA
8646,c916bce34060,AUTO POSTO V A LTDA
8647,c91c29c063a6,POSTO SOL DA DUTRA LTDA.
8648,c91fd668208f,R C POSTO DE COMBUSTIVEIS LTDA
8649,c928eefbd5b5,POSTO CHEGADA LTDA
8650,c9337cfdf114,POSTO SAO FRANCISCO LTDA
8651,c93542868df1,PETROLEO TAMBORIL COMERCIO VAREJISTA DE COMBUSTIVEIS LTDA
8652,c935e4529e85,AUTO POSTO VISCONDE LEOPOLDO LTDA
8653,c93b5bf617b6,COMERCIO DE COMBUSTIVEIS CVBM LTDA
8654,c94831b684cd,CENTRO AUTOMOTIVO NOSSA SRA. DE FATIMA LTDA
8655,c94833914e00,POSTO GARFORT LTDA
8656,c949ed0e6002,AS NEGOCIOS EMPREENDIMENTOS II LTDA
8657,c94d91464f3f,ARAXA COMBUSTIVEIS LTDA
8658,c94ed4d4a4d4,AUTO POSTO ICARO DE SANTO ANDRE LTDA
8659,c955d152d9ed,COMPANHIA BRASILEIRA DE DISTRIBUICAO
8660,c95d7420f62b,POSTO BERRES & KLERING LTDA
8661,c95ddfa6ce7d,TANCREDO POSTO DE SERVICO LTDA
8662,c96333d262f5,AUTO POSTO BATALHA LTDA
8663,c964bf7ae9f1,AUTO POSTO MEDIANI PIRES LTDA
8664,c96652e302a0,AUTO POSTO KM 35 LTDA
8665,c96ba85bafb4,TASCA AUTO POSTO LTDA
8666,c96e182d6243,CACULA COMERCIO DE COMBUSTIVEIS E LUBRIFICANTES LTDA
8667,c96ffb068e72,AUTO POSTO SENNA LTDA
8668,c97125a48870,POSTO GASAUTO MARECHAL LTDA
8669,c978e2eb0d79,FORTALEZA DISTRIBUIDORA DE COMBUSTIVEIS LTDA
8670,c979c2578285,AUTO POSTO CENTURYCAR LTDA.
8671,c97e8118cb44,POSTO 17 LTDA - ME
8672,c97ebc00ef8b,AUTO POSTO KLASS LTDA
8673,c97f1089d599,SERRA VERDE - COMERCIO DE COMBUSTIVEIS LTDA
8674,c98ec317b8cd,POSTO CURVA DO RETIRO LTDA
8675,c991f0dfeeb9,GABBIATTI & MENEGHETI LTDA
8676,c9999e888d7d,AUTO POSTO PRIME COSMOPOLIS LTDA
8677,c9a2f652fb69,REDE DE POSTOS PARATI LTDA
8678,c9a4b2c8d951,COMERCIAL DE PETROLEO REIS LTDA
8679,c9b761eea764,PILLON COMERCIO DE COMBUSTIVEIS LTDA
8680,c9b8d7817a53,CASCOL COMBUSTIVEIS PARA VEICULOS LTDA
8681,c9cc685228f8,ALMEIDA CHAVES COMERCIAL DE PETROLEO LTDA
8682,c9cf6b9a7151,POSTO ACACIAS LTDA
8683,c9d2d630fec3,SOBRAL & PALACIO PETROLEO LTDA
8684,c9d4f9ca45aa,POSTO TRIANGULO ITAPERUNA LTDA
8685,c9d86805783c,CARLOS MAGNO COMERCIO DE COMBUSTIVEIS EIRELI
8686,c9d93e450c81,AUTO POSTO JARAGUA LTDA
8687,c9def5299e48,RODRIGUES & DIAS COM. COMBUSTIVEIS LTDA
8688,c9e5f4cde62c,POSTO DE GASOLINA PORTAL DA SERRA LTDA
8689,c9e858dbdaa7,AUTO POSTO E SERVICO BAM BAM LTDA
8690,c9f3052b207c,MACPLAN AUTO POSTO SAO MATEUS LTDA
8691,c9f70ed2cc1f,POSTO MONTE CARLO BADY LTDA CARLO BADY LTDA
8692,c9f73ce83645,REDE DE POSTOS PRESIDENTE LTDA
8693,c9f907088b12,AUTO POSTO PAU SECO LTDA
8694,c9fcb07a07d0,AUTO POSTO PIGNATTA LTDA
8695,c9fd95a36e16,POSTO CHAMPAGNAT LTDA
8696,ca0244b18783,CENTRAL PARK ABC AUTO POSTO LTDA
8697,ca0908cbea2b,ABASTECEDORA DE COMBUSTIVEIS CASAGRANDE LTDA
8698,ca0b38f4ebcd,AUTO POSTO NOVA VIDA 2 COMERCIO DE COMBUSTIVEIS LTDA
8699,ca11684b0ac3,ABASTECEDORA DE COMBUSTIVEIS SINOS LTDA
8700,ca1d3f651b57,AGUA BRANCA COMBUSTIVEIS E SERVICOS LTDA
8701,ca1d792414a6,POSTO NOVA BARRA LTDA
8702,ca1ee9caaea4,AUTO POSTO V8 JK LTDA
8703,ca23c296646e,COMERCIAL DE COMBUSTIVEIS GOULART LTDA
8704,ca2e02384f91,POSTO MARAJA LTDA
8705,ca300f8349d7,POSTO CARMENIA S.A
8706,ca3fcd29b7eb,AUTO POSTO PERSEU LTDA
8707,ca414b009665,SANTO ALEIXO COMERCIO DE COMBUSTIVEIS LTDA
8708,ca4182ced726,AUTO POSTO PETRO PIMPA LTDA
8709,ca419bc1214a,CENTRO COMERCIAL DOM AGUIRRE LTDA
8710,ca461b875bea,AUTO POSTO SAO MATHEUS DE ASSIS LTDA.
8711,ca4da04871d4,AUTO POSTO CHIC LTDA
8712,ca4e82f299f8,COMERCIO DE COMBUSTIVEIS JT LTDA EM RECUPERACAO JUDICIAL
8713,ca505a5aeb1a,AEROCAR COMERCIO VAREJISTA DE COMBUSTIVEIS LTDA
8714,ca5200849bbf,AUTO POSTO POA FUEL LTDA
8715,ca6003166251,LPJ COMBUSTÍVEIS LTDA.
8716,ca63f0141336,AUTOMOTO - AUTOMOVEIS DO AMAPA LTDA
8717,ca652cae95e9,POSTO ALPHA W COMERCIO DE COMBUSTIVEIS LTDA
8718,ca6d2f685df8,CENTRO AUTOMOTIVO ANCORA LTDA
8719,ca6e95490a71,AUTO POSTO DISTRITO LTDA
8720,ca70ba782d6b,AUTO POSTO CAVALLARI LTDA.
8721,ca77b25ff3dd,BARRA DO CORDA COMBUSTIVEIS LTDA.
8722,ca811f51d430,POSTO CANCELA SERVICOS E COMERCIO LTDA
8723,ca81ed10ffa5,AUTO POSTO AVENIDA ESMERALDA LTDA
8724,ca81f3c2e23b,AUTO POSTO BENEDETTI DE SAO JOSE DO RIO PRETO LTDA
8725,ca8bbda934d0,POSTO DE SERVIÇOS ELYON LTDA
8726,ca8c1e3bd289,KRC COMERCIO DE COMBUSTIVEL LTDA
8727,ca8fc2909fd5,AUTO POSTO LUNA RIO PRETO LTDA.
8728,ca943bf7dd25,AUTO POSTO PETROLS CURITIBA LTDA
8729,ca9a248aac96,EDUARDO XIMENES DE AGUIAR
8730,ca9bba5b18c0,MARLUCE E NETO AUTO POSTO LTDA
8731,caa0b7c51a94,AUTO POSTO PREMIUM LTDA
8732,caadd460c895,POSTO OURO NEGRO LTDA
8733,caaf70eb404a,AUTO POSTO NOVA AMERICA LTDA
8734,cabe5c104b16,PETRO CABO LTDA
8735,cac13207a709,SOBRAL & PALACIO PETROLEO LTDA
8736,cac42335bf94,STANG & STANG LTDA
8737,cacdf3d73cd3,ABDELNOR II COMERCIO DE COMBUSTIVEIS LTDA
8738,cad47f672e58,AUTO POSTO DUQUE ZAGOTTIS LTDA.
8739,cadbf5758721,POSTO LA CORUNHA COMERCIO DE COMBUSTIVEIS LTDA
8740,cadcd049c401,POSTO CARAJAS COMERCIO DE COMBUSTIVEIS LTDA
8741,cade84c02a6f,POSTO PONTO AZUL LTDA
8742,cae84ab112e2,POSTO ECO LTDA
8743,caf8e871687d,SAYONARA COMERCIO DE PETROLEO LTDA
8744,cafb33b4da3a,IRMAOS ALCANTARA & CIA LTDA EM RECUPERACAO JUDICIAL
8745,cb020b7bcd57,COMERCIAL DE PETROLEO F.CORREA LTDA
8746,cb04c62a7de9,AUTO POSTO STERFESON LTDA
8747,cb0cee758cb8,TIC POSTO LTDA
8748,cb0d25728184,POSTO TREVO COMBUSTIVEIS EIRELI
8749,cb214673137c,2000 ABASTECIMENTO E SERVICOS LTDA
8750,cb21901f29df,AUTO POSTO ESTANCIA TURISTICA LTDA
8751,cb2ae3ae8d5b,AUTO POSTO ITAPECERICA DA SERRA LTDA
8752,cb2c3333f23b,REDE DE POSTOS APOLO LTDA
8753,cb391853e6db,POSTO DE GASOLINA DAS AMERICAS LTDA
8754,cb4bcff2e46a,DEM & DEM COMERCIO DE COMBUSTIVES LTDA
8755,cb4c9e4674ae,POSTO FILINHO COMERCIO DE COMBUSTIVEIS LTDA
8756,cb5defaeedaa,BRUTUS COMERCIO DE COMBUSTIVEIS LTDA
8757,cb6002e6b7af,POSTO 7 VAREJISTAS LTDA
8758,cb6d9b2a9916,AUTO POSTO MILLENIUM PIT STOP LTDA
8759,cb6dce12a58b,AUTO POSTO JARDIM DO EDEN LTDA
8760,cb74ef237f64,POSTO XAVANTE ITAUNA LTDA
8761,cb76b1b7dc29,PORTO ALEGRE COMERCIO DE COMBUSTIVEIS LTDA
8762,cb770186c459,POSTO TEX KAR LIMITADA
8763,cb806365fd49,CERNOV COMERCIO DE COMBUSTIVEIS LTDA
8764,cb83f96fa336,CENTRO AUTOMOTIVO PACO DE SOUZA LTDA.
8765,cb8b3c7ca1bb,SORRISO COMERCIO DE COMBUSTIVEIS LTDA
8766,cb9596a697b2,POSTO GLORIA LTDA
8767,cba9fb12f8f0,POSTO GIRASSOL DE VISTA ALEGRE LTDA
8768,cbae5956d865,COLUMBIA COMERCIO DE COMBUSTIVEIS LTDA
8769,cbb7b35ef0a3,POSTO NOVO HORIZONTE GOIATUBA LTDA
8770,cbbe3c421a20,COMERCIAL DE COMBUSTIVEIS SONANG LTDA
8771,cbc17242371d,AUTO POSTO VERENKA LTDA.
8772,cbc4bc17a31b,AUTO POSTO ART CLOR LTDA
8773,cbc615347a64,ANTONELLI E VITORINO COMERCIO DE COMBUSTIVEIS II LTDA
8774,cbcd8d6c2ecf,POSTO APIPUCOS LTDA
8775,cbd24d13940e,POSTO MIRANTE DO GOLF LTDA
8776,cbdd2429636c,AUTO POSTO FESTA LTDA
8777,cbdfd5faaebb,AUTO POSTO ROBERTO DE ALMEIDA LTDA
8778,cbe5a347e356,POSTO DE COMBUSTIVEIS TEIXEIRA LTDA
8779,cbedd53cf5a9,AUTO POSTO MANHATTAN TRADICAO DE ARACATUBA LTDA
8780,cbee6d97724b,AUTO POSTO CAMPINEIRA LTDA
8781,cbfa7b6176fc,LM & JB AUTO POSTO LTDA
8782,cbfd291d8df1,ORION AUTO POSTO LTDA
8783,cbfd68b599c2,RHESUS-RIO AUTO POSTO LTDA
8784,cbff30b5627b,AUTO POSTO 130 LTDA
8785,cc066c6b6854,POSTO ATLANTICO LTDA
8786,cc09bb401fab,AUTO POSTO VILA BARONI LTDA
8787,cc0e05ef296f,AUTO POSTO PETROPEN ANHANGUERA LTDA
8788,cc0f0e027b07,UBATUBA SERVICOS AUTOMOTIVOS LTDA
8789,cc183942c9ba,AUTO POSTO AGUA VERDE LTDA
8790,cc1bc7b4c214,CARLOS E. L. BRAGA POSTO
8791,cc1cafb5a786,POSTO ITAMARATI MATEC LTDA
8792,cc1ec18e1bbf,AUTO POSTO SABIA BAURU LTDA
8793,cc35a5938b73,POSTO DE GASOLINA REAL GRANDEZA LTDA
8794,cc38c3022805,POSTO CAMPO LARGO LTDA
8795,cc3bece3fd18,ITHIBAN COMERCIO DE COMBUSTIVEIS LTDA
8796,cc4047c70092,MARIA DE CASSIA BERGAMASCHI
8797,cc48fefcee98,AUTO POSTO UNIVERSITARIO BOTUCATU LTDA
8798,cc4bee37d740,AUTO POSTO PANGEIA LTDA.
8799,cc5516fb3af2,POSTO NACIONAL EIRELI
8800,cc573207c287,OTONI AUTO POSTO LTDA
8801,cc5879c43043,POSTO MADRI LTDA
8802,cc5a007bbc61,AUTO POSTO GAZ PRIME OKLAHOMA LTDA
8803,cc61fd01a4da,TUFAO COMERCIO DE COMBUSTIVEIS LTDA
8804,cc660b037909,AUTO POSTO ITALIA CENTER LTDA
8805,cc685a50ce52,POSTO ICCAR LTDA
8806,cc6b34932366,AUTO POSTO AMG PRUDENTE LTDA
8807,cc6c3ae9c7c8,CENTRO AUTOMOTIVO PORTAL DO JARAGUA LTDA
8808,cc7497c295e5,ESTELLA MARIS DERIVADOS DE PETROLEO LTDA
8809,cc76bd82e7b4,3P REDE DE POSTOS LTDA
8810,cc797d5280ab,CONDOR AUTO POSTO WESTPHALEN LTDA
8811,cc8b20d6176c,COMERCIAL DE COMBUSTIVEL BR III LTDA
8812,cc8d6072c36d,DAMIAO BALDUINO DA NOBREGA COMBUSTIVEIS LTDA
8813,cc8dd88edcd2,MANAUARA AUTO POSTO LTDA
8814,cc90f5cf54b1,POSTO CACULA LTDA
8815,cc9c3464b466,J. CRUZ COMBUSTIVEIS LTDA
8816,cc9ca57a418f,AUTO POSTO PRIMAVERA DO MONTE ALTO LTDA
8817,cca3a41a4687,ALENUSIL - AUTO POSTO ACESSÓRIOS LTDA.
8818,cca6ddc088af,CENTRO AUTOMOTIVO COOPGAS LTDA
8819,cca73aba6523,ESTAÇÃO COMERCIO DE COMBUSTIVEIS LTDA
8820,ccb3d2262418,A.G.FUKAMI COMERCIO E SERVICOS LTDA
8821,ccb4fb323376,RODOPOSTO PARAISO LTDA
8822,ccb97d5a9b4c,POSTO CRUZEIRO DE FRANCA LTDA
8823,ccbab8b2e158,AUTO POSTO MONTEIROS DE SAO GONCALO LTDA
8824,ccbba390e1d9,JONELLUS AUTO SERVICO LTDA
8825,ccbe6e48d524,VAREA COMERCIO DE COMBUSTIVEIS LTDA
8826,ccc19e2fe8e1,AUTO POSTO BRAGA LTDA
8827,ccc3d031fb11,AUTO POSTO PESSEGAO II LTDA.
8828,ccc9a59cef0a,MAXXI GNV AUTO POSTO LTDA.
8829,cccf72077149,POSTO INTERVIAS DE SUMARE LTDA
8830,ccd34dde06b5,COMERCIO DE COMBUSTIVEIS SARDENHA LTDA
8831,ccd8d571d2f2,COMERCIAL D2 DE COMBUSTIVEIS LTDA
8832,cce7609af76b,AUTO POSTO MONEZI LTDA
8833,cce8f7be9c05,AUTO POSTO PITUBA LTDA
8834,ccf0c77434bc,CUNHA DERIVADOS DE PETROLEO LTDA
8835,ccf7f4c54744,POSTO 2000 COMERCIO DE COMBUSTIVEIS LTDA
8836,ccf802633b4d,POSTO ABASTECE MERIDIONAL LTDA
8837,ccf95d158bd4,BRASAL COMBUSTIVEIS LTDA
8838,ccfd844c3362,AUTO POSTO VIPAM LIMITADA
8839,ccfe9df2dd9b,AUTO POSTO PETROCENTER ECOVILLE LTDA
8840,ccfeda9b0934,COMPANHIA BRASILEIRA DE DISTRIBUICAO
8841,ccff340eef29,DESTAQUE AUTO POSTO COMERCIO DE COMBUSTIVEIS E LUBRIFICANTES LTDA
8842,cd0398e55114,POSTO TRES BARRAS LTDA
8843,cd058eacafea,A. FELIX DA SILVA & FELIX LTDA
8844,cd0787eb93ba,AUTO POSTO JOCKEY CLUB LTDA
8845,cd0e8d07f460,GREEN POSTOS DE COMBUSTIVEIS LTDA
8846,cd152bf0a91d,AUTO POSTO CASTANHEIRA LTDA.
8847,cd1d115b49d1,AUTO POSTO DE GASOLINA RECREIO LTDA
8848,cd33819a08b6,POSTO NOVO RECREIO LTDA
8849,cd34932870d7,ABASTECEDORA DE COMBUSTIVEIS AMAZONAS LTDA
8850,cd4d035f9c84,POSTO NOVA ERA DE JUNDIAI LTDA
8851,cd5108e809c1,COMERCIO E DISTRIBUICAO SALES LTDA
8852,cd5349d27978,AUTO POSTO AMANDO LTDA.
8853,cd5861276550,AUTO POSTO NAUTICA FREI GASPAR LTDA
8854,cd5fb97423cb,R.P SANTOS & CIA LTDA.
8855,cd65a3c6f47b,SANTA FÉ DISTRIBUIDORA DE PETROLEO LTDA.
8856,cd6cb202e7d1,POSTO 3 ABASTECIMENTO DE COMBUSTIVEIS LTDA
8857,cd75a6246f3e,CASCOL COMBUSTIVEIS PARA VEICULOS LTDA
8858,cd7e8d848d5d,POSTO ALPHIA I LTDA
8859,cd84aade70e8,AUTO POSTO DORNELAS LTDA
8860,cd85c91ee7d9,POSTO PINHEIRO BORGES LTDA
8861,cd88f2925d93,AUTO POSTO CONFIANTE LTDA
8862,cd9b4d8eca00,TERRA COMERCIO DE COMBUSTIVEIS E TRANSPORTE LTDA
8863,cda842d0800d,AUTO POSTO MATHIAS LTDA
8864,cdaa12aff303,AUTO POSTO ALDEIA DA PRAIA LTDA
8865,cdabc00c3cf3,ROSARUM AUTO POSTO LTDA.
8866,cdb70e2ad007,DIAS & DIAS COMERCIO DE COMBUSTIVEIS LTDA
8867,cdb89885cd54,COOPERATIVA TRITICOLA REGIONAL SAOLUIZENSE LTDA
8868,cdbdd6bb1c5f,POSTO MARCELA LTDA
8869,cdbf1bbd6edb,POSTO PTB LTDA
8870,cdc1be37a4fe,REDE QUALITY COMERCIO DE COMBUSTIVEIS LTDA
8871,cdc4ae5cc06a,POSTO CASTELO DE UMUARAMA LTDA
8872,cdd732e9f719,POSTO DUQUE MANILHA LTDA
8873,cddef99f8114,AUTO POSTO ANDREATA LTDA.
8874,cdf54f54e09c,BG COMERCIO DE COMBUSTIVEIS E LUBRIFICANTES LTDA
8875,cdf5f9f91e18,AUTO POSTO AEROPORTO LTDA
8876,cdfa93e44353,COMERCIAL DE COMBUSTIVEIS PROGRESSO LTDA
8877,cdfc697a1a60,COMERCIAL DE COMBUSTIVEIS VOTUPORANGA LTDA.
8878,cdfcf920fee7,A.B.C. AUTO SERVICOS LTDA
8879,ce0b9b0e22bb,VITTORIAM LTDA
8880,ce176b054428,AUTO POSTO RIBEIRO E PAIVA LTDA
8881,ce17babf0a1b,AUTO POSTO SAMBE LTDA
8882,ce215815aa22,A. SOUZA FECHINE & CIA LTDA
8883,ce3b65c83598,NICOLAU DERIVADOS DE PETROLEO LTDA
8884,ce3e2a4fa901,PENIEL REVENDEDORA DE COMBUSTIVEIS LTDA
8885,ce3ecc673f7a,MACK VIII COMERCIO DE DERIVADOS DE PETROLEO LTDA
8886,ce43b7ebc1a7,POSTO DE COMBUSTIVEL CONQUISTA SUL LTDA
8887,ce474efb2678,COMERCIAL DE COMBUSTIVEIS TIMOTEO LTDA
8888,ce7916f4a94a,ALMEIDA E SILVA LTDA - ME
8889,ce7998e5faa9,COMDEPE COMERCIO DE DERIVADOS DE PETROLEO LTDA
8890,ce7cba572355,AUTO POSTO SÃO JERÔNIMO DE AMERICANA LTDA
8891,ce8286c1327d,AUTO POSTO DE COMBUSTIVEIS VALENTINA LTDA
8892,ce85e4a02a39,AUTO POSTO DO LAGO LTDA - EPP
8893,ce884e5273a7,PALMARES COMÉRCIO DE COMBUSTÍVEIS LTDA
8894,ce8a2481178e,ORGANIZACOES NOVO BELVEDERE LTDA
8895,ce94319fb7c2,BERTOLAI CAMARGO & CAMARGO LTDA.
8896,ce9af2f7a6b0,FERRARI DISTRIBUIDORA DE COMBUST E LUBRIFICANTES LTDA
8897,ce9df2b30356,POSTO TIBERIO LTDA
8898,ce9e92a9796c,POSTO LEAO DA ILHA LTDA
8899,cea09871cce7,ABDELNOR COMÉRCIO DE COMBUSTÍVEIS LTDA.
8900,cea0f2916667,POSTO DAS AGUAS LTDA
8901,cebdfd5d1a7f,CONCEITO AUTO POSTO LTDA.
8902,ced32c12c87c,POSTO VIA TORRES LTDA
8903,cedd5e060208,SETE ESTRELAS COMERCIO DE DERIVADOS DE PETROLEO LTDA
8904,cede7ff7c883,FARIA REVENDEDORA DE COMBUSTIVEIS LTDA
8905,cededa563625,MUCELIN- COMERCIO DE COMBUSTIVEIS LTDA
8906,cee1a02cde2e,POSTO LEAO DERIVADOS DE PETROLEO LTDA
8907,ceee4a2db6b6,J.L.R POSTO DE SERVIÇOS LTDA
8908,ceef2a6a6165,RUSCHEL COMERCIO E DISTRIBUICAO LTDA
8909,ceefbe195bb9,AUTO POSTO BRASIL GAS MOGI LTDA
8910,cef6d47b40fd,ABASTECEDORA DE COMBUSTIVEIS RIOXEL LTDA
8911,cefa9e8faea2,R. DE F. BORGES FILHO LTDA
8912,cefcbae77cf4,ABASTECEDORA DE COMBUSTIVEIS TITON LTDA
8913,cefe182625e3,JL LEMOS COMBUSTÍVEL LTDA.
8914,cf006587a735,POSTO UBN LTDA
8915,cf00df9fd65e,POSTO JARIVA LTDA
8916,cf0286976ecd,POSTO BELO JARDIM LTDA
8917,cf02d47c41c8,POSTO SAO JOSE DO LAGO LTDA
8918,cf056f2309f0,CENTRO AUTOMOTIVO THOMAS EDISON LTDA
8919,cf0b42ed5fc8,AUTO POSTO DO TRILHO LTDA
8920,cf0caee73c8e,GAZOZA DERIVADOS DE PETROLEO LTDA
8921,cf105a0a743f,DSL COMERCIO DE COMBUSTIVEIS LTDA
8922,cf13c86780e6,DALLAS AUTO POSTO DE MARILIA LTDA
8923,cf20c967d1f8,PARELHAS GAS LTDA
8924,cf2d325effc4,AUTO POSTO OESTE VERDE LTDA
8925,cf2dd3cc28a6,AUTO POSTO JOIA DA SAPOPEMBA LTDA
8926,cf30617539b9,CARREFOUR COMERCIO E INDUSTRIA LTDA
8927,cf347f7a8f0b,COMPANHIA BRASILEIRA DE DISTRIBUICAO
8928,cf37b43344e2,ENERGY DERIVADOS DE PETROLEO LTDA
8929,cf3a407c516b,COMERCIO DE COMBUSTIVEIS MONACO LTDA
8930,cf3e9f232e27,AUTO POSTO NOVO CAMPECHE LTDA
8931,cf44fa50725b,POSTO ATLANTIDA LTDA
8932,cf4661f1f6c3,SUPER POSTO GOIANIA CENTRO LTDA
8933,cf47d45bd71a,AUTO POSTO GOMES NOGUEIRA LTDA.
8934,cf55c819eaf0,GAROTINHO COMERCIO DE COMBUSTIVEIS LTDA
8935,cf55fc223a18,VALE DO PITINGA COMERCIO DE DERIVADOS DE PETROLEO LTDA
8936,cf5ae7dd8fc7,AUTO POSTO DE COMBUSTIVEIS LITORAL NORTE LTDA
8937,cf618cdbc4fb,POSTO PARADA CERTA COMERCIO DE COMBUSTIVEIS E LUBRIFICANTE LTDA
8938,cf61c0b7bb59,AUTO POSTO SCHUENG LTDA
8939,cf7290c64259,VICMAR COMERCIO DE COMBUSTIVEIS E LUBRIFICANTES LTDA.
8940,cf73be2eca37,POSTO SAO JOAO DE COMBUSTIVEIS DE SERTAOZINHO LTDA
8941,cf773a733022,VITORIA REGIA COMERCIO DE COMBUSTIVEIS EIRELI
8942,cf7f49ca4cff,AUTO POSTO ATHIBAIA LTDA
8943,cf836b5d96d4,COMERCIO DE COMBUSTIVEIS NORBEOIL LTDA
8944,cf8ba54f10a3,COMERCIAL DE COMBUSTIVEIS GASFORT 1 LTDA
8945,cf916c9dac6d,AUTO POSTO LP FRANCIS LTDA.
8946,cf9eb080cfc8,AUTO POSTO LIDER DE ITAQUERA LTDA
8947,cf9f69eb7a57,MDESTRI COMBUSTIVEIS E LUBRIFICANTES LTDA
8948,cfa5c2267e22,TREVO DERIVADOS DE PETROLEO LTDA
8949,cfa6990985fe,AUTO POSTO IMIGRANTES DE BRAGANCA PAULISTA LTDA
8950,cfb09ed3ad95,COMERCIAL DE COMBUSTIVEIS TAMANDARE LTDA
8951,cfb18c921ddb,VISAUTO COMERIO VAREJISTA DE COMBUSTIVEIS LTDA
8952,cfb71628450b,AUTO POSTO CAFE LTDA
8953,cfb997592567,LUIGI COMERCIO DE COMBUSTIVEIS EIRELI
8954,cfbafce24148,INDUSTRIALPG COMERCIO DE COMBUSTIVEIS LTDA
8955,cfbb38b5ef14,POSTO SAITO UNIAO LTDA
8956,cfbd68ea60d8,AUTO POSTO BARCELLOS LTDA
8957,cfc86743d816,POSTO DE COMBUSTIVEL ESTRADA PARQUE LTDA
8958,cfd89fa58b00,AUTO POSTO ESTAIADA LTDA
8959,cfdfc06e8caf,POSTO DE COMBUSTÍVEIS TOMAZI LTDA
8960,cfe499279a66,AUTO POSTO ILHABELA LTDA
8961,cfeb46a5b205,SIM REDE DE POSTOS LTDA
8962,cfec71e38c56,COOPDIESEL-COOPERATIVA DE PESSOAS FISICAS E JURIDICAS NO SEGMENTO DE TRANSPORTES EM GERAL
8963,cff00cf63e93,POSTO PENDOTIBA LTDA
8964,cff7a0f1a413,PADRE PIO COMERCIO DE COMBUSTIVEIS LTDA
8965,cfff83648677,TEBERGA & FERNANDES LTDA.
8966,d0002fdb84ac,POSTO D-PETRUS SERRA LTDA
8967,d0172cdd9e0d,CENTRO AUTOMOTIVO DINAMITE LTDA
8968,d0180c2eefc4,AUTO POSTO PORTO SEGURO LTDA
8969,d01928bc37a0,J REZENDE & CIA LTDA.
8970,d022be91854c,HS - DERIVADOS DE PETROLEO LTDA
8971,d0310bb6b610,AUTO POSTO JARDIM BANDEIRANTES LIMITADA
8972,d03368433756,POSTO DE SERVICOS PEIXOTO EIRELI
8973,d03cbf9f3abd,CACIQUE PETROLEO LTDA
8974,d03ccd590657,AUTO POSTO ITARARE DE SAO VICENTE LTDA
8975,d03dba33e8a3,AUTO POSTO MONTE MORIA LTDA
8976,d03e409c1286,REAL COMERCIO DE COMBUSTIVEIS LTDA
8977,d03ee213d907,J P COMERCIO VAREJISTA DE COMBUSTIVEIS LTDA
8978,d042a5435cbf,AUTO POSTO PITUCO LTDA
8979,d046164ed9e0,POSTO E HOTEL PITUBA LTDA
8980,d04a4d814c4d,POSTO VICTORIA 2 LTDA
8981,d04b606e0827,CHAVES COMERCIO DE DERIVADOS DE PETROLEO LTDA
8982,d04c470f1ab7,POSTO DE PRODUTOS DE PETROLEO OASIS LTDA
8983,d04cbdb92a46,CENTRO AUTOMOTIVO SKIPPER LTDA
8984,d0536aa57802,CENTER AUTO POSTO DE ITAPEVA - EIRELI
8985,d06144111b96,ABASTECEDORA DE COMBUSTIVEIS RCR LTDA
8986,d063b39c1ca1,AUTO POSTO LUZ DA LUA LTDA
8987,d06735a87484,AUTO POSTO COTIA I LTDA
8988,d073a6b2722f,AUTO POSTO REOBOTE LTDA
8989,d076cc7a944b,COOPERATIVA (MISTA) DOS TRANSPORTADORES E OUTROS DO OESTE CATARINENSE - COTRAOCA
8990,d07d666aa121,FREE COMERCIO DE COMBUSTIVEIS LTDA
8991,d08309381e8f,ANDRADE COMBUSTIVEIS LTDA
8992,d08341553d99,AUTO POSTO CRISCAR LTDA.
8993,d08c499b2e8a,TIGRAO COMERCIO DE COMBUSTIVEIS LTDA
8994,d08cdb2c5ab9,S S COMERCIO DE COMBUSTIVEIS SA
8995,d09703fdb60b,AUTO SERVICOS PRIMAR COMERCIO DE COMBUSTIVEIS LTDA
8996,d0995cb7df9c,FRANCISCO DE SALES DANTAS
8997,d09b6a71f11e,POSTO SOFIA LTDA
8998,d09e976a11d9,AUTOMOTO - AUTOMOVEIS DO AMAPA LTDA
8999,d0a5c6e39c76,AUTO POSTO JAVALLI LTDA
9000,d0a65e53479d,EVANGELISTA E CERQUEIRA LTDA
9001,d0b0ef09a8ed,COMERCIAL DE COMBUSTIVEIS JR AVENIDA LTDA
9002,d0b0fa130b40,MARINHO POSTO DE SERVICOS E CONVENIENCIA LTDA
9003,d0c2144797e4,CACULINHA COMBUSTIVEIS LTDA
9004,d0c3f1acecc5,AUTO POSTO TS LTDA
9005,d0c73239c773,POSTO MARCELOFARIA LTDA
9006,d0c7af8e55a1,AUTO POSTO LESTE-OESTE LTDA
9007,d0dacdb6c254,POSTO REDE NOTA 10 LTDA
9008,d0e0b05179bf,CARREFOUR COMERCIO E INDUSTRIA LTDA
9009,d0e81eef6aaa,AUTO POSTO MALERBA LTDA
9010,d0eaa759b22c,V. R. SCHNEIDER & CIA LTDA
9011,d0eae4dba650,POSTO BELA VISTA LTDA
9012,d0f4dca66726,TAUARI COMERCIO DE COMBUSTIVEIS LTDA
9013,d1048e898b21,AUTO POSTO NIPPON COMERCIO DE COMBUSTIVEL LTDA
9014,d10498615311,AUTO POSTO PORTO CARRERO LTDA
9015,d108ec66d9b7,AUTO POSTO CATARINENSE LTDA
9016,d10cd57bc587,AUTO POSTO MORRO AZUL DE ITATIBA LTDA
9017,d10d86e60f4d,SAO LUIS COMBUSTIVEIS LTDA
9018,d10de1e68336,AUTO POSTO FLIP LTDA
9019,d1159f378909,AUTO POSTO IGACABA LTDA
9020,d11873883459,JAGUAQUARA COMERCIO DE COMBUSTIVEIS E LUBRIFICANTES LTDA
9021,d130173af482,POSTO ENSEADA DO NORTE LTDA
9022,d1426a64e5bc,CENTRO AUTOMOTIVO MOLEQUE TRAVESSO JUNDIAI LTDA
9023,d145cabf02f1,AUTO POSTO VOTU LTDA.
9024,d1481a226736,POSTO DE SERVICOS GRANDE ALIANCA LTDA
9025,d148757c6443,AUTO POSTO FIALLA II LTDA
9026,d14a4aad2d09,AUTO POSTO SAO BARTOLOMEU OSASCO LTDA
9027,d14d55544a6e,ARGOS COMBUSTIVEIS E LUBRIFICANTES LTDA
9028,d1510f3f0b77,AUTO POSTO ALMIRANTE LTDA
9029,d1518aa95ed4,POSTO PRESIDENTE RIBEIRAO LTDA
9030,d15a32fd2d31,JAIC AUTOPOSTO LTDA
9031,d16a36778294,AUTO POSTO TAPERA LTDA
9032,d16bf15060e3,AUTO POSTO OROESTE DE ITAPOLIS LTDA - EPP
9033,d170096c98a0,AUTO POSTO INDEPENDENCIA LTDA
9034,d17536a5b7d2,VAGNER F. DOS SANTOS LTDA
9035,d1761421a5cb,MALURE AUTO POSTO LTDA
9036,d183351457fe,FERREIRA COMERCIO DE DERIVADOS DE PETROLEO LTDA
9037,d183b3b634e6,AUTO POSTO PORTAL DE GUARULHOS LTDA
9038,d1856f6ed778,POSTO ARIBIRI DO GAS LTDA
9039,d1885a32d14b,AUTO POSTO PLANALTO DE PAULINIA LTDA
9040,d18afb4ab975,COMERCIO DE COMBUSTIVEIS E LUBRIFICANTES FALMAR LTDA
9041,d197437b5e26,CEDRO COMBUSTIVEIS E SERVICOS LTDA
9042,d19f728ee1ff,A M COMERCIAL DE PETROLEO LTDA
9043,d1b98a966112,POSTO BARRA LINDA LTDA
9044,d1ba3dcf03ac,AUTO POSTO ITASUL LTDA
9045,d1bd617df475,AUTO POSTO ZAKA CHAMPAGNAT LTDA
9046,d1c1dbcb92dc,AGUIAR PETROLEO E LOCACOES LTDA
9047,d1c6e1bb5cbb,AUTO POSTO NOVA UNIÃO LTDA
9048,d1d2e9772a9a,MARTINS PORTO COMERCIO DE COMBUSTIVEIS LTDA
9049,d1d6241afa2a,AUTO POSTO PORTO PRINCIPE LTDA
9050,d1e422398190,AUTO POSTO DE COMBUSTIVEIS SAO PAULO LTDA
9051,d1e73cb37288,AUTO POSTO PRINCIPE III LTDA
9052,d1e8e70b0305,AUTO POSTO AGUIA LTDA
9053,d1ea128baafc,AUTO POSTO SANTO AGOSTINHO LTDA
9054,d1eab122c1e0,AUTO POSTO GAMELEIRA LTDA.
9055,d1f0fceeb996,POSTO J MACARIO LTDA
9056,d1f106f4642e,POSTO PARANAIBA DE COMBUSTIVEIS LTDA
9057,d1f4ce6a402f,AUTO POSTO MALIBU DE MATAO LTDA.
9058,d20207cb4f34,POSTO GALO BRANCO LTDA
9059,d203c261121b,POSTO FURACAO LTDA
9060,d2088fbd1e96,AUTO POSTO PETROMINAS LTDA
9061,d20e14c284a3,POSTO CAJUEIRO COMERCIO DE DERIVADOS DE PETROLEO EIRELI
9062,d21380ed7c3d,DIAMANTE COMERCIO DE DERIVADOS DE PETROLEO LTDA
9063,d2174d4e16c4,AUTO POSTO PRESIDENTE COSTA 2 LTDA
9064,d218381d94e0,AUTO POSTO A.R.F LTDA
9065,d21bcb98d983,NEYJHON COMÉRCIO DE DERIVADOS DE PETRÓLEO LTDA. - ME.
9066,d21e5209f741,DESTAQUE POSTO DE SERVICO EIRELI
9067,d224bc3981e4,POSTO DE SERVICOS MIAMI LTDA
9068,d225773bd5fc,POSTO PRAIA - EIRELI
9069,d2287c8f7a62,REDINHA COMERCIAL DE COMBUSTIVEL DOMINGOS LTDA
9070,d22f7a63f1dd,AUTO POSTO PRA FRENTE BRASIL LTDA
9071,d23d24e1fd11,AUTO POSTO KARIOCA COMERCIO DE COMBUSTIVEIS LTDA
9072,d23ffa9f05fe,EUROPA EMPREENDIMENTOS LTDA.
9073,d2435a80c267,JUNCO COMERCIAL LTDA
9074,d2449ec386fd,AUTO POSTO BERRANTAO BARRETOS LTDA
9075,d245573e4705,ARTAM COMERCIO DE COMBUSTIVEIS LTDA
9076,d248583cf4ef,CORREA & ALVARES LTDA
9077,d24cfc57568e,REDE DE POSTOS DA HORA LTDA
9078,d24f929466aa,GBI COMBUSTIVEIS LTDA.
9079,d24fd0219093,OLIRIO COMERCIO DE DERIVADOS DE PETROLEO LTDA
9080,d251ebb76a6f,",ANTONIO ROBERTO BATISTA"
9081,d25ab6b96a1c,AUTO POSTO ESTRELA DO NORTE LTDA
9082,d25b49b09a80,COMERCIAL DE COMBUSTIVEIS E LUBRIFICANTES VITAL LTDA.
9083,d25fd8ac1a2f,AUTO POSTO MIRANTE LTDA
9084,d26a85c8a7ac,SERVICOS AUTOMOTIVOS GIRASSOL LTDA
9085,d27776c4ad48,CENTRO AUTOMOTIVO LUIZ XII LTDA
9086,d28a7b85deb0,CRIVALE AUTO POSTO LTDA
9087,d28b4e1d3a98,CEU 070 COMBUSTIVEIS LTDA
9088,d28e2465e9d6,POSTO DE GASOLINA BEIRA RIO LTDA
9089,d29870dccd72,POSTO & HOTEL CENTER LTDA
9090,d29a18f47421,AMANDA FERREIRA DA SILVA 00294981209
9091,d29ed0af71fe,ABASTECEDORA DE COMBUSTIVEIS EMBOABA LTDA
9092,d2ae5f135000,AUTO POSTO MUFFATO LTDA
9093,d2b01d6be862,AUTO POSTO AGLE LTDA
9094,d2b48d77d617,AUTO POSTO CONFIANCA SHOPPING LTDA
9095,d2b7fb210165,L G CAUCAIA COMERCIO DE COMBUSTIVEIS LTDA
9096,d2bf999d35af,AUTO POSTO MARIANA LTDA
9097,d2c42a376cab,M T D PETROLEO LTDA
9098,d2c4a35bf0bb,BASE COMERCIO DE COMBUSTIVEIS LTDA.
9099,d2d3a5e7491b,AUTO POSTO E MECANICA BARAO LTDA
9100,d2dc5c863a94,POSTO SONHO MEU LTDA
9101,d2dd28ebc1b2,COMERCIO DE COMBUSTIVEL DIAMANTE LTDA
9102,d2e1f16a6e8f,AUTO POSTO LIDER-BANDEIRAS LTDA
9103,d2e2e2c95c85,POSTO DE COMBUSTIVEL CABRAL LTDA
9104,d2e94d05fe88,JOSÉ AMARAL BEZERRA DELGADO
9105,d2fe7a0466f2,AUTO POSTO BOULEVARD LTDA
9106,d3165f9fa801,POSTO TATINHA LTDA
9107,d31d932aff71,POSTO DE GASOLINA GREICIGIL LTDA
9108,d31e7a707dc4,DA COSTA & TORRES COMERCIO DE COMBUSTIVEIS LTDA
9109,d3204ed81f94,AUTO POSTO IPE DE ITANHAEM LTDA
9110,d33bd6a75157,T K COMERCIO DE COMBUSTIVEL LTDA
9111,d34dd8ec84a6,POSTO GT LTDA
9112,d3501f6d7133,BONATTO & BONATTO LTDA
9113,d357e21aaa68,AUTO POSTO SABELLA LTDA
9114,d360be9d8970,BG SUL PETROLEO LTDA
9115,d3617030303c,AUTO POSTO AVENIDA DE BARRETOS LTDA
9116,d36c57b2c77b,POSTO DE ABASTECIMENTO LAVA KAR' S LTDA.
9117,d36d494107a5,AUTO POSTO DO AVIAO LTDA
9118,d36dd8f90fcf,POSTO PINHEIRO BORGES LTDA
9119,d3750abba4c5,AUTO POSTO DO TRABALHO TIJUCA LTDA
9120,d37812fd71eb,AUTO POSTO GIRAO LTDA
9121,d3806a444d7a,AUTO POSTO SO NATA LTDA
9122,d381464d76d8,AUTO POSTO RETIRO LTDA
9123,d38be11f67ff,IDEAL GUAPO LTDA
9124,d392eb2a3a1a,J MARCOS ALVES TRINDADE & CIA LTDA
9125,d39f4d750d37,PESSEGO COMERCIO E SERVICOS DE COMB.E LUBRIF. LTDA
9126,d3ae53ae2186,IGUATEMI AUTO SERVICE ARARAQUARA LTDA
9127,d3b64ef0668f,JW COMBUSTIVEIS LTDA
9128,d3b69a019d44,LUMMAR COMBUSTIVEIS PIQUERI LTDA
9129,d3b7273d4a1c,POSTO PINGUIM LTDA
9130,d3c098771ec8,TOSO AUTO POSTO LTDA
9131,d3cbd12728b9,AUTO POSTO RIBEIRAO PIRES LTDA
9132,d3ccda923285,AUTO POSTO CONTORNO LTDA
9133,d3de5744fa99,POSTO DE SERVICOS VARZEA PAULISTA LTDA
9134,d3e1cc0927b4,A. ANGELONI & CIA. LTDA
9135,d3ec651f9940,AUTO POSTO 20V LTDA
9136,d3f40af13fd6,POSTO BELA VISTA DE CIANORTE LTDA
9137,d3fb3245c6ad,POSTO DE GASOLINA VASCO GAMA SOARES LTDA
9138,d3ffb7e6bdea,POSTO AGAPEAMA LTDA
9139,d4018a04ce7c,AUTO POSTO SANTO EDUARDO LTDA
9140,d421ebb4b6d2,AUTO POSTO PIRES PEREIRA LTDA
9141,d42239235fa9,REDE BRISAS PREMIUM COMERCIO DE COMBUSTIVEIS LTDA
9142,d4296f15007d,LOCVAN TRANSPORTE E TURISMO LTDA
9143,d42bab959d25,POSTO DE GASOLINA VARONEL LTDA
9144,d43528a7cc5f,REDE LK DE POSTOS LTDA
9145,d43f1911287e,BARP CIA LTDA
9146,d43f4fc6ff5a,LUNA I COMBUSTIVEIS SAO GONCALO LTDA
9147,d43f57813e3b,AUTO POSTO OURO VERDE LTDA
9148,d4427cd3a6fc,POSTO BOA VIAGEM LTDA
9149,d44ec9b0e164,TRANSPORTES E COMERCIO NOVO HORIZONTE LTDA
9150,d44fff3cb740,AUTO POSTO SAO GERMANO DE RIBEIRAO PIRES - LTDA
9151,d45230d9be03,ROBERTI & ROBERTI AUTO POSTO LTDA.
9152,d4553547cede,POSTO PLANALTO IPIRANGA LTDA
9153,d458bb76601a,AUTOPOSTO REIS LTDA
9154,d45941a497a3,J R SOARES & SOUZA LTDA
9155,d45e77aa35fa,AUTO POSTO PETROLEIROS LTDA
9156,d4697b17f502,COMERCIAL DE COMBUSTIVEIS VIA PORTO LTDA
9157,d471671a50c8,JFR COMBUSTIVEIS LTDA
9158,d47f299a2f39,GARCIL GARANHUNS MATERIAL DE CONSTRUÇÃO LTDA.
9159,d4845ff11df3,S & S AUTO POSTO LTDA.
9160,d48741aebae6,POSTO VILA DALLAS LTDA
9161,d487ee818414,OASIS COMBUSTIVEIS LTDA
9162,d489331558d4,POSTO DE COMBUSTIVEIS JARDINS LTDA
9163,d48cb768b43c,POSTO PRAIA GRANDE LTDA
9164,d48e7362260e,POSTO DE SERVICOS SAO JOSE LTDA
9165,d49277f8e970,SUPER POSTO JEQUITIBA LTDA
9166,d4942956a7c5,CARREFOUR COMERCIO E INDUSTRIA LTDA
9167,d4a2b3078a2d,PARAISO COMERCIO DE COMBUSTIVEIS LTDA
9168,d4aa2ca1b11f,J. ARAUJO DE OLIVEIRA
9169,d4ad4b4fefb0,S B COMERCIO DE PETROLEO LTDA
9170,d4bc29ebd2ce,BETHA SERVICOS AUTOMOTIVOS LTDA.
9171,d4beca85cc50,HD PETROLEO PICOS LTDA
9172,d4c9ccf87709,CASSIO ADRIANO DEZAN
9173,d4ca6e478d38,AUTO POSTO PARQUE VILLA LOBOS LTDA.
9174,d4ccbb036ba4,AUTO POSTO VIA PRAIA LTDA
9175,d4d5d97c646a,POSTO ITAMARATI - ANAHATA LTDA
9176,d4d66c920dd2,FM POSTO FLASH E DERIVADOS LTDA
9177,d4d6f1c05e29,AUTO POSTO MRP LTDA.
9178,d4f2a7164c16,VIP COMBUSTIVEIS LTDA
9179,d500a57b857a,POSTO CHEFAO CAMINHONEIRO DE ITAMBI LTDA
9180,d50892aae51f,SOBRAL & PALACIO PETROLEO LTDA
9181,d509a7081bc2,AUTO POSTO CEREJEIRA DO VALE LTDA - EPP
9182,d5101b44b096,POSTO PONTUAL DISTRIBUIDORA DE COMBUSTIVEIS LTDA.
9183,d533a96c389c,REDE LK DE POSTOS LTDA
9184,d53b08708a41,POSTO DOCENTRO VENDA DE COMBUSTIVEIS LTDA.
9185,d53c83ac6891,NATAL COMERCIO DE COMBUSTIVEIS LTDA
9186,d53e22a5df33,AUTO POSTO CANELA LTDA
9187,d5403fc281bb,AUTO POSTO CARAMURU LTDA.
9188,d5414a633b8a,MM 2 COMERCIO DE COMBUSTIVEIS LTDA
9189,d546f8b31c6d,JOSE JERONIMO DA SILVA NETO COMBUSTIVEL LTDA
9190,d54d316b3803,WMS SUPERMERCADOS DO BRASIL LTDA.
9191,d54fb2f5923a,IPANEMA COMERCIO E SERVICOS DE DERIVADOS DE PETROLEO LTDA
9192,d55a5d2dbc05,AUTO POSTO GISA PORTAL DE CAMPO LARGO LTDA
9193,d55bfa753b90,HOT POSTO LTDA
9194,d55cf84432a8,AUTO POSTO GASOSAN LTDA.
9195,d566e19b3b93,AUTO POSTO FLECHEIRA LTDA.
9196,d56b919d14ab,AUTO POSTO JARDIM AMBIENTAL LTDA
9197,d579b779aa06,F.NOBRE COMERCIO DE PETROLEO LTDA
9198,d588a31eb9fb,POSTO PIRANEMA LTDA
9199,d58eaa1ceec2,POSTO PORTAL DA POSSE LTDA.
9200,d5925a9eada1,AEROPORTO POSTO DE SERVICO LTDA
9201,d595b1604d86,AMW AUTO POSTO LTDA
9202,d5a105a6659b,RUIVO & MURINELLI LTDA
9203,d5abe4d67690,G A P POSTO DE SERVICOS LTDA
9204,d5bf142c76f5,2001 COMERCIO DE COMBUSTIVEIS EIRELI
9205,d5c372420061,AUTO POSTO NOVO LUZ DA RADIAL LTDA
9206,d5cc24b8c11e,CENTRO AUTOMOTIVO PINZETTA LTDA
9207,d5d367f2171c,CLASSE A SERVICOS AUTOMOTIVOS LTDA
9208,d5d91fcda325,AUTO POSTO UBIRATA LEAL LTDA
9209,d5e1b5555c60,POSTO 2005 DERIVADOS DE PETROLEO LTDA
9210,d5e2cb6a8bff,GAS BRAS LTDA
9211,d5ee31daef14,AUTO POSTO SENNA LTDA
9212,d5ef087a4710,AUTO POSTO SAO PEDRO DE LONDRINA LTDA
9213,d5f93edb49a4,AUTO POSTO E SERVICOS PHILIPS LTDA
9214,d600358ae978,AUTO POSTO TITAN DE JAHU LTDA
9215,d606afa22df0,COPRESAM COMERCIO E PRESTACAO DE SERVICOS AGRICOLA MECANIZADA LTDA
9216,d6093384d13e,DIPETROL - COMERCIO DE DERIVADOS DE PETROLEO LTDA
9217,d60e9cac489a,AUTO POSTO 2 M LTDA
9218,d616a27df209,REAL PETROLEO LTDA
9219,d627233711e2,COMERCIO DE COMBUSTIVEIS PINHEIRAO EIRELI
9220,d634cd73f35c,AUTO POSTO CIRCULAR LTDA
9221,d639b59d22af,AUTO POSTO LAGUNA LTDA
9222,d63a8e96ca45,POSTO DE SERVICOS SAO MIGUEL LTDA
9223,d63fe731d88b,BESSA POSTO E CONVENIENCIAS LTDA
9224,d64e28361610,CENTRO AUTOMOTIVO CASTHELLARI LTDA
9225,d652a7a20ea7,LE COMBUSTIVEIS EIRELI
9226,d65355baca75,HIPER MOREIRA AUTO POSTO LTDA
9227,d6563e04a45b,ARAUJO & ALBUQUERQUE COMERCIO DE COMBUSTIVEIS LTDA
9228,d65b651e8984,D L COMBUSTIVEIS LTDA
9229,d65ca76979f5,COLONIAL PRODUTOS E SERVICOS LTDA
9230,d6643c866142,R.S.COMERCIAL DE COMBUSTIVEIS LTDA
9231,d674e19b32e8,PORTO ESPORTIVO ITAJAI S.A.
9232,d683b49237f5,AUTO POSTO SAN FRANCISCO DE ITATIBA LTDA
9233,d685575d2648,CARREFOUR COMERCIO E INDUSTRIA LTDA
9234,d6864e6e73a4,ECODRIVE COMBUSTIVEIS LTDA
9235,d688551e16cc,CAPRI COMERCIO DE LUBRIFICANTES LTDA.
9236,d69afa403ef3,SHOPPING COMERCIAL E ABAST DE PROD DE PETROLIO C S LTDA
9237,d69d11781a6b,AUTO POSTO 2002 DE CAMPINAS LTDA
9238,d69e7e9441cd,VONE IX COMERCIAL DE COMBUSTIVEIS E LUBRIFICANTES LTDA
9239,d69f84d1a1f0,FALEIROS & CIA LTDA
9240,d6a266501526,ALL ' FORTE AUTO POSTO LTDA
9241,d6ae2f146476,POSTO DE GASOLINA PARQUE DAS ROSAS LTDA
9242,d6aef49fdeab,AUTO POSTO REKAR LTDA.
9243,d6b2547912ff,POSTO DE GASOLINA NOVA PONTE DE CAMPOS LTDA
9244,d6bf779e4b68,AUTO POSTO PRA FRENTE BRASIL LTDA
9245,d6c016665488,POSTO BOA VISTA LTDA
9246,d6c392f9e40a,GDO PARTICIPACOES S/A
9247,d6ce7ce133fd,MARIA ALICE CAVALCANTI DE MORAIS EIRELI
9248,d6d543f69345,CENTRO AUTOMOTIVO PSX58 LTDA
9249,d6dbbe23e91d,CACAPAVA COMERCIO DE PETROLEO LTDA
9250,d6dfbc61d435,AUTO POSTO PERNAMBUCO DE LINS LTDA
9251,d6e111f9acbb,AUTO POSTO VITORIA DE CAMPINAS LTDA
9252,d6e241d11de1,AUTO POSTO VILA LAVINIA LTDA
9253,d6e37edf32c3,MASTER POSTO LTDA
9254,d6eb3aa49322,HIPER MOREIRA AUTO POSTO LTDA
9255,d6eb4c6a923f,BOA VISTA AUTO POSTO LTDA
9256,d6eb9911df11,SEPE TIARAJU EMPREENDIMENTOS LTDA
9257,d6f55af2acb8,AUTO POSTO EUROGAZ DE CAXIAS LTDA
9258,d6fef014fe25,POSTO DE COMBUSTIVEIS CONTAINER LTDA.
9259,d705859a678b,POSTO DE GASOLINA VIA 22 LTDA
9260,d70736df5688,FRANZONI -COMERCIO DE COMBUSTIVEIS LTDA
9261,d70d1f38a653,POSTO ROSIM LTDA
9262,d712214aaa0b,SETE ESTRELAS COMERCIO DE DERIVADOS DE PETROLEO LTDA
9263,d71895126d5f,POSTO VENUS ARAUJO LTDA
9264,d7193cc842e2,POSTO CHAPADA DO ARARIPE COMERCIO VAREJISTA DE COMBUSTIVEIS LTDA
9265,d71e0b208f1c,FULIA - COMERCIO DE COMBUSTIVEIS - EIRELI
9266,d71eb4b276e0,AUTO POSTO PONTOCOM LTDA.
9267,d72060cbf60e,AUTO POSTO VALAO LTDA
9268,d724eb0ae97d,POSTO JEQUITIBA DE RIBEIRAO PRETO LTDA
9269,d72aa434812d,ECOPOSTO COMERCIO DE DERIVADOS DE PETROLEO E SERVICOS LTDA
9270,d7351a64fff7,POSTO VEM-CAR LTDA
9271,d73815e59028,CASCOL COMBUSTIVEIS PARA VEICULOS LTDA
9272,d7470678acd6,AUTO POSTO SANTO ANTONIO DE CAMPINAS LTDA
9273,d74745cefa95,AUTO POSTO SILVA & OLIVEIRA LTDA
9274,d74a53eef80b,POSTO QNO 01 LTDA
9275,d753d99e4485,VARGAS COMERCIO DE COMBUSTIVEIS LTDA
9276,d7552b5aa000,POSTO MARU S.A.
9277,d7564157b14f,COMERCIO DE COMBUSTIVEL FERRARI LTDA
9278,d76328571b75,JAILSON LOPES LEITE - EPP
9279,d76cf54f684b,COMERCIO DE COMBUSTIVEIS ANDRIOLI LTDA
9280,d77161881fd2,POSTO ALTO  DA SANTA RITA LTDA
9281,d7723920c512,COMERCIAL CHAVES DE COMBUSTIVEIS LTDA
9282,d7769e42fbff,COMERCIO DE COMBUSTIVEIS SAO CARLOS LTDA
9283,d778d5d24066,A MARINHO DE SOUSA - ME
9284,d779bbb33927,CENTRO AUTOMOTIVO PRIME DE BAURU LTDA
9285,d77db7139002,AUTO POSTO ITR LTDA
9286,d7801222dff4,EFAM COMERCIO VAREJISTA DE COMBUSTIVEIS LTDA
9287,d78b9211e5ab,MAXXI DELTA PETROLEO LTDA
9288,d795fa67c9c7,POSTO DE SERVICOS SAO SALVADOR LTDA
9289,d796242defe5,POSTO SAO VICENTE DA BARRA LTDA.
9290,d7979ffa1baf,GRAMADO POSTO DE SERVICOS E COMBUSTIVEIS LTDA
9291,d797ed8c25a5,MAIS COMERCIO DE COMBUSTIVEL CARIACICA LTDA
9292,d79ea5c20520,PANDA AUTO POSTO LTDA
9293,d7a530e7df99,POSTO ITUIUTABA LTDA.
9294,d7a8dc7e4416,COLLINA AUTO POSTO LTDA
9295,d7aef9dbf760,COMERCIO DE COMBUSTIVEIS GABRIELENSE LTDA
9296,d7b24723e1a6,AUTO POSTO SARUTAYA LTDA
9297,d7bb3fb3e492,BECHI & BECHI LTDA
9298,d7c2a2221613,POSTO SONHO MEU LTDA
9299,d7c49e8ef1c9,COMERCIAL HUSSEL ITABUNA I LTDA
9300,d7d13312874d,COMERCIO DE PETROLEO SAO FRANCISCO LTDA
9301,d7d5d228228d,F B S COMBUSTIVEIS LTDA
9302,d7da9cd0c9d2,VPS COMERCIO DE COMBUSTIVEIS LTDA
9303,d7ddf65d798f,TAGUA AUTO POSTO LTDA
9304,d7e41360dd88,CLECIR CEMBRANEL LANDO
9305,d7e5396f016e,VARANDA AUTO POSTO LTDA
9306,d7e618284e39,AUTO POSTO PARK JK LTDA
9307,d7e656eced9e,CARONE COMBUSTIVEIS LTDA
9308,d7f631fc304e,AUTO POSTO ARARA AZUL LTDA
9309,d7f9d3335683,AUTO POSTO MOGIANO LTDA
9310,d802ed041515,AUTO POSTO 3F RIO PRETO LTDA
9311,d80751e18318,MONTE ALEGRE DERIVADOS DE PETROLEO LTDA
9312,d80a1264eb02,AUTO POSTO NOVO GALEAO LTDA
9313,d80ad5166834,MONTE SANTO COMBUSTIVEIS LTDA
9314,d817b2afa354,AUTOMOTO - AUTOMOVEIS DO AMAPA LTDA
9315,d82c3de8957b,POSTO SOL DA DUTRA LTDA.
9316,d8315a7e8c45,POSTO ALTERNATIVA DE COMBUSTIVEL E SERVICO LTDA
9317,d8390bbdb064,POSTO DE SERVICOS TEX LTDA
9318,d83abd99f0a5,SUPERGAS COMBUSTIVEIS LTDA
9319,d83f2ae675d8,TREVO DERIVADOS DE PETROLEO LTDA
9320,d8428fc0011d,POSTO ANTONELLI VENEZA LTDA
9321,d845788b8deb,AUTO POSTO SAO BENTO LTDA
9322,d84bdef10a28,AUTO POSTO FANTINATO LTDA
9323,d862c00a9f3d,POSTO ALTEZA COMERCIO E INDUSTRIA LTDA
9324,d86ec2306b7a,REDE DE POSTOS SETE ESTRELAS LTDA
9325,d8720d98c5d6,AUTO POSTO CONQUEST LTDA
9326,d87fa837d84c,REDE DE POSTOS APOLO LTDA
9327,d884f07337ea,AUTO POSTO ABASTECE BELA VISTA LTDA
9328,d88c4645c341,AUTO POSTO ORTONA LTDA
9329,d88dbf7ea646,POSTO MODELO DE LIMEIRA LTDA
9330,d89222aae5b1,AUTO POSTO BRAGANCA COMERCIO DE DERIVADOS DE PETROLEO LTDA
9331,d893378cea06,POSTO TREVINHO LTDA
9332,d89939d6b094,SERVIÇOS E COMÉRCIO AUTOMOTIVOS LTDA.
9333,d89ebaa8f4c6,POSTO NITEROI 400 LTDA
9334,d8a0e71f5786,POSTO FEITOSA LUZ LTDA
9335,d8a275b65dcf,MABB - COMERCIO VAREJISTA DE COMBUSTIVEIS LTDA
9336,d8a5f21d6eeb,COMERCIAL DE COMBUSTIVEIS VERANEIO LTDA
9337,d8a9a2311b51,D M DINIZ EIRELI
9338,d8a9acf7b2e3,AUTO POSTO AYRTON SENNA 1016 LTDA
9339,d8ab75bbadde,COMERCIAL DE COMBUSTIVEIS INDAIA US LTDA
9340,d8ac00ad2691,AUTO POSTO SANTA ANA LTDA
9341,d8ac1be437a5,POSTO UNAI LTDA
9342,d8ad36884225,ARTAM ARARAQUARA COMERCIO DE COMBUSTIVEIS LTDA
9343,d8b39b56090d,AUTO POSTO REPUBLICA JULIANA LTDA
9344,d8c086a2c35d,AUTO POSTO UNIAO LTDA
9345,d8d0e51ed606,POSTO PALMEIRA LTDA
9346,d8d3670d23eb,BRAGA POSTOS E SERVICOS UNIPESSOAL LTDA
9347,d8d8ad1e9048,G LACERDA & CIA LTDA
9348,d8da34b72ce0,V8 COMERCIO DE COMBUSTIVEIS LTDA
9349,d8db4315eb90,AUTO POSTO GENUINU II LTDA
9350,d8dd861179f7,POSTO RIO BAHIA DE MURIAE LTDA
9351,d8e8dfdc1a5a,AUTO POSTO PORTAL MIRANDOPOLIS LTDA
9352,d8ef60b43521,AUTO POSTO SCJ LTDA
9353,d8f5b68a0cdc,ZTECX COMERCIO DE COMBUSTIVEIS LTDA
9354,d8f7f5fa48f5,P.G - COMERCIO DE COMBUSTIVEIS EIRELI
9355,d8f87bd6a6b5,E. C. AGUIAR COMERCIO DE COMBUSTIVEIS LTDA
9356,d903b2a9d78a,AUTO POSTO DA SERRA LTDA.
9357,d9097018c095,AUTO POSTO MAANAIM LTDA
9358,d9111df9c262,AUTO POSTO TORINO LTDA
9359,d911bd24a2cd,POSTO TRES PODERES LTDA
9360,d91a87afc804,AUTO POSTO GOMIDE & CASTRO LTDA
9361,d92113511575,POSTO VIPS LTDA
9362,d923480115ff,POSTO OKLAHOMA LTDA
9363,d926c2102cda,AUTO POSTO GUANDU LTDA
9364,d92b8c059bd8,POSTO SOARES BRAZ LTDA
9365,d930b0b1b7dd,POSTO DE SERVICOS ATLANTA UTINGA LTDA
9366,d933b63d57cc,POSTO PIGA 2000 LTDA
9367,d936d6805830,AUTO POSTO 81 LTDA
9368,d93e271094d9,AUTO POSTO JARDIM DOM BOSCO LTDA
9369,d943e016f1ea,POSTO LALA NOVO BONGIOVANI LTDA
9370,d94c14934741,J A COMERCIO COMBUSTIVEIS LTDA
9371,d95129eb2df2,PORTAL DO UMARIZAL AUTO POSTO LTDA .
9372,d95215901a4f,TEIXEIRA PIANOWSKI & CIA LTDA
9373,d9538ce9ba7f,POSTO J3 ARACATUBA LTDA
9374,d95bb9763b65,TIC POSTO LTDA
9375,d960a9e0de07,STARCOM COMERCIO DE COMBUSTIVEIS LTDA
9376,d9629ce4451f,AUTO POSTO FORMOSA LTDA
9377,d9653d89b0ae,VILA DE GOIANA COMERCIO DE COMBUSTIVEIS LTDA
9378,d967568e46f9,ZURANO AUTO POSTO LTDA
9379,d9734ca4d062,COMERCIAL ARAPONGAS DE COMBUSTIVEIS LTDA
9380,d981dee51abb,POSTO DE COMBUSTIVEL GUSTAVO LIRA LTDA
9381,d983c98e9b93,PERES MULLER LTDA.
9382,d9886f5fd589,WEST POINT CAR POSTO DE ABASTECIMENTO LTDA
9383,d989573e8fd5,LEONARDO DANNI QUINZZANI
9384,d994e7091121,COMBUSTIVEIS BAU LTDA
9385,d9a58d953e62,POSTO TREZE LTDA
9386,d9b209e07b27,AUTO POSTO SEIS LTDA
9387,d9b40b1bd620,AUTO POSTO QUARENTA E UM LIMITADA
9388,d9bfccc51053,AUTO POSTO TRASMONTANO LTDA.
9389,d9c4e0979220,AUTO POSTO RODICAR LTDA
9390,d9c961e0b7b4,FORMULA AUTOMOTIVO LTDA.
9391,d9d2e0a144c6,POSTO 318 REVENDA DE COMBUSTIVEIS LTDA
9392,d9d3d627fe65,VELHO GUERREIRO AUTO POSTO II LTDA
9393,d9d76253ef94,O.S. KANEMATSU & CIA LTDA
9394,d9e173de9ca2,AUTO POSTO MAX FOZ LTDA
9395,d9e5679249ae,AUTO POSTO CELSAO LTDA
9396,d9e598f41372,AUTO POSTO CHAFARIZ LTDA
9397,d9ef8095371c,POSTO BH AUTO CENTRO LTDA
9398,d9f0de5f15b9,PEDRO BRANCO FERRARO LTDA
9399,d9f61187cafb,COMERCIAL DE COMBUSTIVEIS PAINEIRA LTDA
9400,d9f77da3d68b,AUTO POSTO V12 LTDA
9401,da0016d10d42,AUTO POSTO BOA NOVA DE PÁDUA LTDA
9402,da0332b30c58,AUTO POSTO AMAZON COM RCIO VAREJISTA DE COMBUST VEIS LTDA
9403,da076da9f144,AUTO POSTO JPS DE ITAPOLIS LTDA - EPP
9404,da0c4ef900c3,SERV POSTO PERFIL LTDA
9405,da1078f0062f,POSTO TRIANGULO ITAPERUNA LTDA
9406,da15b63e2c61,POSTO ARISTON DE CARAPICUIBA LTDA
9407,da1c42d09fcc,AUTO POSTO VITORIA LTDA
9408,da1fb8ce3cff,REDE DE POSTOS SETE ESTRELAS LTDA
9409,da221dbbe1c5,SERV POSTO JARDIM MIRIAM LTDA
9410,da28730331b1,AUTO POSTO COMERCIO DE COMBUSTIVEIS MASP MEDICI LTDA
9411,da321e3123d7,AUTO POSTO SAO RAIMUNDO LTDA
9412,da3266917d53,MD1 COMERCIO DE COMBUSTIVEIS E DERIVADOS DE PETROLEO LTDA
9413,da32f61a572c,PARAISO COMÉRCIO DE VAREJISTA DE COMBUSTIVEIS LTDA
9414,da33adbae5c5,POSTO TRANCOSO LTDA
9415,da347c2b9cc9,AUTO POSTO MG & FERREIRA LTDA
9416,da3d86cf8eda,TURISMO POSTO DE SERVICOS LTDA
9417,da3fe73c22bf,POSTO BAUNILHA LTDA
9418,da420dc377b6,AUTO POSTO FENNER LTDA
9419,da444db4a647,LOC - CACHAPUZ LTDA
9420,da46808a071c,POSTO BOA VISTA LTDA
9421,da5dfba46bbd,CARMENCITA AUTO POSTO LTDA
9422,da6162e45caf,POSTO DE COMBUSTIVEIS BROCK E CIFRA LTDA
9423,da6455083501,DALPETRO ABASTECEDORA DE COMBUSTIVEIS LTDA
9424,da66973723d0,IGUATEMI DERIVADOS DE PETROLEO LTDA
9425,da705692e435,AUTO POSTO DA SERRA LTDA
9426,da72eea93670,AUTO POSTO VAZ DE LIMA LTDA
9427,da73f4343016,COMERCIAL AMAZONIA DE PETROLEO LTDA
9428,da74e3e9ebd1,POLI GNV COMERCIAL LTDA
9429,da78e8dc77c2,SETE ESTRELAS COMERCIO DE DERIVADOS DE PETROLEO LTDA
9430,da7d40e088b5,CONDOR AUTO POSTO SAO JOSE LTDA
9431,da7db9cd22e0,POSTO CERRI LTDA
9432,da8369bb1e88,POSTO DE COMBUSTIVEL ATLANTIC LTDA
9433,da8a515ed4f7,AUTO POSTO GABRIELA LTDA
9434,da933ec985ed,HORTO COMERCIO DE COMBUSTIVEIS E TRANSPORTES LTDA
9435,da9443dbd3cf,POSTO PERSONNALITE COMBUSTIVEIS LTDA
9436,da9760057379,WMS SUPERMERCADOS DO BRASIL LTDA.
9437,da98446bba4e,ARACI DERIVADOS DE PETROLEO LTDA
9438,da9b5637ecfa,POSTO JOAO ALVES LTDA
9439,daad11e7b2e5,REPUBLICA COMERCIO VAREJISTA DE COMBUSTIVEIS EIRELI
9440,dab0a237677f,POSTO CURIANGO LIMITADA
9441,dab2647c38b1,COMBUSTIVEL JOSE BONIFACIO LTDA
9442,dab41bb976f1,AUTO POSTO ESTRELA DE ITAQUERA LTDA.
9443,dab665a45315,AUTO POSTO TRANSAMERICA LTDA.
9444,dab941f8ada6,AUTO POSTO PIRES PIMENTEL LTDA
9445,dabbe1a3499c,AUTO POSTO ESTRELA DE FRIBURGO LTDA
9446,dac083d410e0,CODEPE COMBUSTIVEIS LTDA
9447,dac415eb95ae,AP MAGALHAES & CIA LTDA
9448,dac7981ada1f,CASCOL COMBUSTIVEIS PARA VEICULOS LTDA
9449,dacb4168dce1,SOCIEDADE COMERCIAL CAVALCANTI E FILHO LTDA
9450,dad408bd8732,CENTRO AUTOMOTIVO SILVERADO LTDA
9451,dae2025a6900,AUTO POSTO DE SERVICOS BOM RETIRO LTDA
9452,dae5520a378f,ECOPOSTOS - COMBUSTIVEIS E SERVICOS LTDA
9453,dafa85ef4b49,BAGRES AUTO SERVIÇO LTDA
9454,dafbc5f7023e,AUTO POSTO BRAZUCA LTDA.
9455,db0844b948d2,AUTO POSTO CORREA SEMPRE ABASTECE SOROCABA LTDA
9456,db0d78c55ebd,AUTO POSTO SANTA LETICIA LTDA
9457,db0f55509ac0,POSTO DE COMBUSTIVEL GOLFINHO LTDA
9458,db1cb6b171f1,AUTO POSTO NOVO CENTRO LTDA
9459,db25bd2f0dcd,ALPS AUTO POSTO LTDA
9460,db265650f2f4,D RIBEIRO LTDA
9461,db319ce2a4f8,MOTO MERCANTIL CAMPISTA S A
9462,db33e8a498f5,AUTO POSTO CINCO ESTRELAS LTDA
9463,db351d2732d8,AUTO POSTO JÓIA DO TABOÃO LTDA.
9464,db380c1f80ce,AUTO POSTO ATENAS DO SUL EIRELI
9465,db42d14b759f,CHAVES E NUNES COMERCIO DE DERIVADOS DE PETROLEO LTDA
9466,db4f6f1342a7,AUTO POSTO TWINGO II LTDA.
9467,db521bf1bb46,CIMINI PRAIS CIA LTDA - ME
9468,db56ffd3212b,POSTO MIRANDA LTDA
9469,db5a167cbceb,POSTO TARUMA COMERCIO DE COMBUSTIVEIS LTDA
9470,db5f0d67dd73,POSTO DU FIGUEIREDO II LTDA
9471,db63a4fe442f,AUTO POSTO NIPON DE CARAPICUIBA LTDA
9472,db71c454b6f3,AUTO POSTO JK EXPRESS LTDA
9473,db74a7459f22,AUTO POSTO PARQUE ECOLOGICO II LTDA
9474,db76e2bf8b5c,CENTRO AUTOMOTIVO DA SAUDADE LTDA
9475,db7b422d30a9,BRASIL SUL III AUTO POSTO LTDA
9476,db7d3cb79fd4,AUTO POSTO BITTIG LTDA
9477,db831558cc45,POSTO MILAO LTDA
9478,db849399180f,POSTO JARDIM PIEDADE LTDA
9479,db858e8476e1,WERSAN COMERCIO DE COMBUSTIVEIS LTDA
9480,db8db583cfc3,POSTO NASCIMENTO LTDA
9481,db917cbb64ff,PANDA COMERCIO DE DERIVADOS DE PETROLEO LTDA
9482,db93a6a565af,AUTO POSTO GALVAO 6 LTDA
9483,db997cd2561a,ABDELNOR IV COMERCIO DE COMBUSTIVEIS LTDA
9484,dbaf27e4ff91,SALGADO FILHO COMERCIO DE COMBUSTIVEIS LTDA
9485,dbb52128f71f,GAS JUNDIAI POSTO AUTOMOTIVO LTDA
9486,dbbdcf0543e9,"H.LANG FILHO COMERCIO,REPRESENTACOES E TRANSPORTES LTDA"
9487,dbc43bd19355,RIZZOTTO & CIA LTDA
9488,dbcc3b416d00,AUTO POSTO VEREDAS CASTELO LTDA
9489,dbdba2883d04,MAIS COMBUSTIVEIS TORRE LTDA
9490,dbe09921625a,AUTO POSTO DE ABASTECIMENTO DO PRE LTDA
9491,dbed8b2a78bf,DP3 COMERCIAL DE COMBUSTIVEIS E DERIVADOS DE PETROLEO LTDA
9492,dbf088202dc2,POSTO ATUAL SAO MATEUS LTDA
9493,dbf261a2e61c,POSTO DE COMBUSTIVEIS N2 LTDA
9494,dbf74cb073b0,POSTO JK PARACATU LTDA
9495,dc0271ca1d03,AUTO POSTO CIDADE SAO JOAO LTDA
9496,dc04a903da72,COMERCIO DE COMBUSTIVEIS ACUCENA LTDA
9497,dc0789737b09,COMERCIAL BUFFON COMBUSTIVEIS E TRANSPORTES LIMITADA
9498,dc0b38d5378e,POSTO WAP CRISTIANO MACHADO LTDA
9499,dc0b3cab6d5e,RUBENS SCHUENG FILHO
9500,dc0db030790e,COMERCIAL DE COMBUSTIVEIS BRINO LTDA
9501,dc18d6cdc0c7,FATIMA SANTA PICCINI EIRELI
9502,dc2967e3e6da,AUTO POSTO SUPER SOL LTDA
9503,dc2f680e3cbf,GASOLEOS PINHEIRO LTDA
9504,dc34b8a0941d,AUTO POSTO BRANQUINHO LTDA
9505,dc369b41e337,JMI COMERCIO DE DERIVADOS DE PETROLEO LTDA.
9506,dc382a7de644,POSTO DE COMBUSTIVEL AGUAS CLARAS LTDA
9507,dc50b9feb75d,AUTO POSTO DAIANE LTDA
9508,dc51fcd2d6b1,AUTO POSTO CONSOLACAO LTDA
9509,dc52f06fa49d,AUTO POSTO JR BREVE LTDA
9510,dc53b463e1b7,AUTO POSTO RELIX LTDA
9511,dc619ca068de,POSTO JARDIM ALVORADA DE SAO CARLOS LTDA
9512,dc70ff53e932,PSJ BARRETOS COMERCIO DE COMBUSTIVEIS LTDA
9513,dc750664788f,AUTO POSTO ATHENAS ARARAQUARA LTDA
9514,dc7fb2ef0edc,POSTO DE COMBUSTIVEIS FENIX LTDA
9515,dc85a3854638,SBRISSIA COMERCIO DE COMBUSTIVEIS LTDA
9516,dc8afc815768,VALE DO CAFE AUTO POSTO LTDA
9517,dc8e0a4e8702,POSTO RADAR COMERCIO DE DERIVADOS DE PETROLEO LTDA
9518,dc8e3c9d433c,GOL OLIMPICO COMBUSTIVEIS E SERVICOS LTDA
9519,dc90340c801d,SAO MATHEUS COMERCIAL DE GAS LTDA
9520,dc9566ce05d5,POSTO DE GASOLINA E LANCHONETE JRH VITÓRIA LTDA.
9521,dc9a3cc15215,AUTO POSTO SUL PARANA LTDA
9522,dc9c2ba026a7,POSTO DE COMBUSTIVEIS JEMAR LTDA
9523,dca0ed125951,UNI AUTO POSTO DE BIRIGUI LTDA
9524,dca8684c49d1,AUTO POSTO XIXOVA LIMITADA
9525,dca9a8a18f09,M.R.P. BARRA AUTO POSTO LTDA
9526,dcaff78cad45,AUTO POSTO G.F LTDA. ME
9527,dcb70f45d3da,POSTO PEDRAS COMERCIO DE COMBUSTIVEIS LTDA
9528,dcbba0f462e2,INGAZEIRA COMERCIO DE PETROLEO LTDA
9529,dcbc5adc1705,AUTO POSTO PORTAL DE MOGI LTDA.
9530,dcbf34410f3e,AP MAGALHAES & CIA LTDA
9531,dcc1e21e51c5,REDE DAKOTA I LTDA
9532,dcc5e8d9006e,M.P. COMERCIO DE COMBUSTIVEIS LTDA  - ME
9533,dcccd79177b3,POLTRONIERI COMERCIO DE COMBUSTIVEIS LTDA
9534,dccf2fafdc87,COMERCIAL SAVOIA LTDA
9535,dcd14e2a411f,POSTO RODOVIARIA LTDA
9536,dcd1f26310da,AVANT PARA DE MINAS COMBUSTIVEIS LTDA
9537,dcd33994e88b,AUTO POSTO KR 06 LTDA
9538,dcd74a35adc7,SIM REDE DE POSTOS LTDA
9539,dce0b04857d0,MILLENIUM-COMERCIO DE DERIVADOS DE PETROLEO LTDA
9540,dce1d1ca1587,COMERCIO DE COMBUSTIVEIS NEVOEIRO LTDA
9541,dce71a7456c9,AUTO POSTO RETAO DA DUTRA LTDA
9542,dcedc5c9435d,POSTO REI DOS REIS LTDA
9543,dcede44be635,POSTO PATRIMONIO EIRELI - ME
9544,dcf23db3194d,CONDOR AUTO POSTO ATUBA LTDA
9545,dcf94a7cc9c8,AUTO POSTO PORTAL DA LAGOA LTDA
9546,dd0308dbb3c8,AUTO POSTO CARBONARI LTDA.
9547,dd04a492d9a9,PETROFILTROS LTDA
9548,dd05b58b0529,SAO JOAO COMERCIO DE COMBUSTIVEIS LTDA
9549,dd0738002d7f,POSTO SANTA TEREZA LTDA
9550,dd0ef8ab6b48,S P COMERCIO DE COMBUSTIVEIS EIRELI
9551,dd11f7e26152,LAMBARI ESTACAO DE ABASTECIMENTO LTDA
9552,dd2f40eb1670,AUTO POSTO ICAVEL LTDA
9553,dd41da175dd8,AUTO POSTO CIDADE ORQUIDEA LTDA
9554,dd47c7046754,POSTO 13 CRUZ DE MALTA LTDA
9555,dd489404f63c,SETA COMERCIO DE DERIVADOS DO PETROLEO LTDA
9556,dd4a8536894d,POSTO GALINA RONDONOPOLIS LTDA
9557,dd4b8e61096a,ABC DISTRIBUICAO DE PETROLEO LTDA
9558,dd4ceb01d888,AUTO POSTO POR DO SOL LTDA
9559,dd50806d2517,DECIO COMERCIO E SERVICOS RODOVIARIOS LTDA
9560,dd56de84b907,CENTRO DE COMBUSTIVEIS E SERVICOS VENEZA LTDA
9561,dd5b53bccffb,AUTO POSTO CURITIBANO LTDA.
9562,dd6ad7203339,CAMPINA COMERCIO DE COMBUSTIVEL PLANALTO LTDA
9563,dd6db51a80d2,NOSSO POSTO DE ALFENAS LTDA
9564,dd73ccb9a4c3,BRASAL COMBUSTIVEIS LTDA
9565,dd83630f4345,AUTO POSTO MATSUBARA LTDA
9566,dd863fda698b,PREMIUM COMERCIO DE DERIVADOS DE PETROLEO LTDA
9567,dd86735c3a36,ARTEMIS COMERCIO DE COMBUSTIVEIS LTDA
9568,dd87789816ce,J MARTINS DERIVADOS DE PETROLEO LTDA - EPP
9569,dd8a997cd3e8,AUTO POSTO JOSE MARIA LISBOA LTDA
9570,dd8f4e1b8f3e,POSTO P. DA SILVA LTDA
9571,dda2cb4e5602,AUTO POSTO AMERICANENSE LTDA
9572,ddb6f1b87f37,AUTO POSTO SAN FRANCISCO LTDA.
9573,ddc43c0d1e19,AUTO POSTO NN 10 LTDA
9574,ddc51ab24ed6,AUTO POSTO JULIO DE MESQUITA FILHO LTDA
9575,ddc6bbc9264e,AUTO POSTO PARADA DA PRAÇA LTDA
9576,ddc74281a830,AUTO POSTO PETRO IGUAÇU LTDA.
9577,ddce54504447,AUTO POSTO RVM MAX LTDA
9578,dddd86b0d264,COMERCIO DE COMBUSTIVEL WW LTDA
9579,dde1063d4590,MARQUES'S PETER AUTO POSTO LTDA
9580,dde6f7ce6fd3,AUTO POSTO DAS OLIVEIRAS KM 274 LTDA
9581,dde8b18ea7c3,CARREFOUR COMERCIO E INDUSTRIA LTDA
9582,ddea1209d392,AUTO POSTO AUSTRIA LTDA
9583,ddf15efdaff0,AUTO POSTO TOLAINI LTDA
9584,ddfb113ddaf2,R. F. L. RIBEIRAO II AUTO POSTO LTDA
9585,de0430413e44,AUTO POSTO PRAIA CENTER LTDA
9586,de05f6a4344b,POSTO ARAXA VINTE E SEIS LTDA
9587,de066efb3607,PRIMAVERA COMBUSTIVEL LTDA
9588,de08e3d462d6,GILMAR NIQUINI & FILHOS EMPREENDIMENTOS LTDA
9589,de092d867648,LIMA COMERCIAL DE COMBUSTIVEIS LTDA
9590,de1c58c20836,AUTO POSTO ITAMARATY LEME LTDA
9591,de216408c77e,AUTO POSTO IGUALDADE LTDA
9592,de22253867ab,COMERCIAL AMAZONIA DE PETROLEO LTDA
9593,de23d1bc6776,LPC COMBUSTIVEIS LTDA
9594,de242c1f637c,AUTO POSTO ILHA DA MADEIRA LTDA.
9595,de247c148b77,AUTO POSTO BOA PARADA LTDA
9596,de27eeb96712,AUTO POSTO NOSSA SENHORA APARECIDA DE JABOTICABAL LTDA
9597,de2904f33c72,POSTO IRMAS MARTINI COMERCIO VAREJISTA DE COMBUSTIVEIS LTDA
9598,de2e92fb035c,ENZO PETROL COMERCIAL EIRELI
9599,de2f78acc795,AUTO POSTO REFORCO LTDA
9600,de32f0cadfbc,PORTO SEGURO COMBUSTIVEL E CONVENIENCIAS LTDA
9601,de395d0d3c7a,FECHINE & ALENCAR LTDA
9602,de42095473d2,IGAPO COMERCIO DE DERIVADOS DE PETROLEO LTDA
9603,de4209e34ba3,FORMULA I AUTO POSTO LTDA
9604,de449eb3300e,GRENAL COMERCIO DE COMBUSTIVEIS LTDA - ME
9605,de48d17dccde,AUTO POSTO SANTA FE LTDA
9606,de4c57fea570,POSTO GALVAO BRASIL LTDA
9607,de4d3cffbcf2,AUTO POSTO ROZETTI LTDA
9608,de5120d366f0,AUTO POSTO CADILLAC LTDA
9609,de5879dc31b7,J. GAVA AUTO POSTO LTDA
9610,de5cfa15453a,AUTO POSTO GP 7 - FIGUEIRAS LTDA
9611,de5da0bbad9a,AUTO POSTO DE COMBUSTIVEIS SERRA DO CARMO LTDA
9612,de5f7e504a9a,RODO POSTO SILVIO'S LTDA
9613,de60a085ac3f,AUTO POSTO DE ABASTECIMENTO VITRINE DE CAXIAS LTDA
9614,de60ced86d1d,POSTO DUBAI LTDA
9615,de61f50758fe,SERVICAR PAULINIA AUTO POSTO LTDA
9616,de644f31b660,AUTO POSTO NATURAFLEX LTDA
9617,de6c2f7869c0,UBIRATAN BARBOSA CAMPOS - EPP
9618,de6cf572d4f0,IGNOTTI COMERCIO DE COMBUSTIVEIS E LUBRIFICANTES LTDA
9619,de6eca3c7d2d,AUTO POSTO NOSSATERRA LTDA.
9620,de71e3a8cb79,SINO - COMERCIO E DISTRIBUICAO DE DERIVADOS DE PETROLEO LTDA
9621,de7342572d45,POSTO DE COMBUSTIVEIS NEVADA LTDA
9622,de7435005a63,AUTO POSTO T 14 LTDA
9623,de75ee3fae57,AUTO POSTO VILA NOVA LTDA
9624,de7818ce197f,AUTO POSTO CHICO DA MANCINHA LTDA
9625,de78f7c2a2f7,POSTO CAMINHO DAS MONTANHASLTDA
9626,de820added5a,SIM REDE DE POSTOS LTDA
9627,de8623c74cf0,AUTO POSTO AREIAS PETROLEO LTDA
9628,de87fd972f18,POSTO DE COMBUSTIVEIS E SERVICOS BRZINHO LTDA
9629,de89d9d9ec93,AUTO POSTO PRISMA LTDA
9630,de8a9096746b,VIEIRA & RABELO LTDA
9631,de8de573d0d6,POSTO KALILANDIA LTDA
9632,de8f04163e6b,CASCOL COMBUSTIVEIS PARA VEICULOS LTDA
9633,de917a4c36f4,COMERCIO DE COMBUSTIVEIS E LUBRIFICANTES CUNHA LTDA
9634,dea0320353f7,AUTO POSTO SAN MARTIN II LTDA.
9635,dea87e7ecfe1,PETRO FORTE COMBUSTIVEIS LTDA
9636,deaf86c515db,AUTO POSTO NOVO AMAZONAS LTDA
9637,deb1b451ba42,AUTO POSTO RENOVACAO LTDA
9638,debba02b569b,POSTO ELDORADO BOTUCATU LTDA
9639,debd0f1fdfee,POSTO E RESTAURANTE 3 VIAS LTDA
9640,decad2976ef2,COMPANHIA BRASILEIRA DE DISTRIBUICAO
9641,decb6612762c,FRASCHETTI COMERCIO DE COMBUSTIVEIS LTDA
9642,ded61bf3a402,ABT COMERCIO DE COMBUSTIVEIS LTDA
9643,ded726aac34b,POSTO JAMBREIRO LTDA
9644,dedd73bc278f,POSTO SANTA ADELIA DE RIBEIRAO PRETO LTDA
9645,dedfacdab8b1,ENERGIA E PETROLEO VITORIA DA CONQUISTA COMBUSTIVEIS LTDA
9646,dee300210a59,CARDOSO MARQUES COMÉRCIO DE DERIVADOS DE PETRÓLEO LTDA.
9647,dee360e0db6e,PLANALTO PETROLEO RESSURREICAO LTDA
9648,dee5d280cadf,AUTO POSTO E CONVENIENCIA BHX LTDA
9649,dee75b3f0ddf,POSTO JARDIM CASTRO DAIRE LTDA
9650,deebd78d22c6,AUTOPOSTO DE COMBUSTIVEIS MASP DOM PEDRO LTDA
9651,deed0c18b100,AUTO POSTO PRACA DAS FONTES LTDA
9652,deee485847cf,MACEDO & MACEDO POSTOS E SERVICOS LTDA.
9653,def4ca3e4ab0,L. CASTRO COMERCIO DE COMBUSTIVEIS LTDA
9654,def5ccc67385,AUTO POSTO CACIQUE II LTDA
9655,df01b5ee965d,LIMA COMERCIAL DE COMBUSTIVEIS LTDA
9656,df0563913a9b,POSTO DE SERVICOS PARQUE BOM RETIRO LTDA
9657,df0714c8fe27,POSTO ANA TERRA 05 LTDA
9658,df07aa88f27d,SIM REDE DE POSTOS LTDA
9659,df17d1069d94,J. S. PETROLEO E COMERCIO LTDA.
9660,df19fa0cd725,ROL COMERCIO DE DERIVADOS DE PETROLEO LTDA
9661,df1fdd144f2a,EUROPA EMPREENDIMENTOS LTDA.
9662,df200ea3b8f6,GALO BRANCO SERVICOS AUTOMOTIVOS LTDA - EPP
9663,df2f20b0a115,JVC COMERCIAL LTDA
9664,df355d6e76fe,AUTO POSTO CIDADE JARDIM DE VOTUPORANGA LTDA
9665,df4953b0c45d,POSTO MILLENNIUN DE VICOSA LTDA
9666,df5a99705fb6,AUTO POSTO GOLD PETRO LTDA.
9667,df5cc6a2e8bd,POSTO DE GASOLINA LIDACE LTDA
9668,df5cef961d20,POSTO VIP GAVIAO LTDA.
9669,df5df7eef1bf,AUTO POSTO ITAMARATI ABUNDANCIA LTDA
9670,df677113a81c,COMPANHIA BRASILEIRA DE DISTRIBUICAO
9671,df677781b77c,POSTO ALTO PARANAIBA EIRELI
9672,df6c4bc14afd,CARREFOUR COMERCIO E INDUSTRIA LTDA
9673,df6e380994a8,FERREIRA COMERCIO DE DERIVADOS DE PETROLEO LTDA
9674,df728022b14d,AEROPORTO COMBUSTIVEIS LTDA
9675,df73740170a3,POSTO DE COMBUSTIVEIS AMD EIRELI
9676,df7b1abc09c1,POSTO TAMINO CENTRO II LTDA
9677,df82c3416b43,MACEIO AUTO POSTO LTDA
9678,df8e09f27ce6,PARQUE DA FONTE COMERCIO DE COMBUSTIVEIS E LUBRIFICANTES LTDA
9679,df97398d7b04,AUTO POSTO D+ II LTDA
9680,dfa29643c28f,DISTRIBUIDORA AFM LTDA
9681,dfa6cf00a19c,AUTO POSTO ARAPONGAS LTDA
9682,dfb454346cec,AUTO POSTO KARAPITO DA BEIRA LTDA
9683,dfb6eb9d0aa7,PORCINO E ALVARES EIRELI
9684,dfbc84078ac5,RODA VIVA AUTO POSTO LTDA
9685,dfbfc4cbf26f,MAXI POSTO V LTDA
9686,dfc231bc8a71,AUTO POSTO GP-8 LTDA
9687,dfcb51ad9e55,AUTO POSTO JAPUIBA LTDA
9688,dfd29e842847,POSTO RESENDE LTDA
9689,dfd9aa7048fd,POSTO MEM DE SA LTDA
9690,dfdd4ac14365,NOVO DERIVADO DE PETROLEO LTDA
9691,dfe29e9eaa7b,COMERCIAL DE COMBUSTIVEIS INTERCAP LTDA
9692,dfeb1e258605,AUTO POSTO TREVO DE TATUI LTDA
9693,dfed260217e5,POSTO IRMAOS TRINDADE LTDA
9694,dfee6dcd0f37,AUTO POSTO ALEGRIA DO VALE LTDA - ME
9695,dff1a828c030,H.BRANDAO LTDA
9696,dff9eaa32b39,VIP POSTOS E SERVICOS LTDA
9697,dfffdb72a643,AUTO POSTO STOCCO LTDA
9698,e00676a9b8dd,POSTO MANDINHO LTDA
9699,e00836f2355c,SAO MIGUEL PETROLEO LTDA.
9700,e008d3a93577,B.C. COMERCIO DE DERIVADOS DE PETROLEO LTDA
9701,e008f89454ae,J. S. COMERCIO DE COMBUSTIVEIS LTDA
9702,e00c7b829541,POSTO DALMATAS LTDA
9703,e00f199f2fa1,WIA EMPREENDIMENTOS LTDA
9704,e01e29e5cb73,BOA VISTA SERVICO AUTOMOTIVO LTDA
9705,e02303cc8102,G.B. COMERCIO DE COMBUSTIVEIS LTDA
9706,e0236989801d,AUTO POSTO COSMOPOLIS LTDA
9707,e0256d906fcd,AUTO POSTO SANTA CLARA DE ITATIBA LTDA
9708,e02b4fcf2a42,FENNER & CIA LTDA
9709,e03714e4c64c,SALIM CAMAL COMERCIO E DERIVADOS DE PETROLEO LTDA
9710,e03e051723af,NOSSA CASA COMERCIAL DE COMBUSTIVEIS LTDA
9711,e04374671444,AUTO POSTO MEDIANEIRA LTDA
9712,e046a7fedec6,POSTO CANAL BELEM LTDA
9713,e04786d7eaaa,AUTO POSTO SOCIAL LTDA
9714,e0483b500b81,AUTO POSTO VIP CANAA LTDA
9715,e0484c7ef72c,POSTO DE SERVICOS PORTAL DE ITAPECERICA LIMITADA
9716,e056f8e315f2,RAQUEL DERIVADOS DE PETROLEO LTDA
9717,e0571b60a9a9,CHAMONIX LTDA
9718,e05842312d3e,AMAZON COMBUSTIVEIS PARA VEICULOS E CONSTRUCOES LTDA
9719,e058fa9b6da7,POSTO UBN LTDA
9720,e064a53f8703,PITUBA COMERCIO DE COMBUSTIVEIS LTDA
9721,e065d6a3ebd7,AUTO POSTO CRYSTAL DE CATANDUVA LTDA
9722,e066b8f9d350,GURGEL LOBO COMERCIO DE DERIVADOS DE PETROLEO LTDA
9723,e06d1a2c660a,TRANSSERVICE PETROLEO LTDA
9724,e06d5048f34c,POSTO SABADIN II LTDA
9725,e07e1b6080ef,POSTO SEABRA LTDA
9726,e080a2fad268,AUTO POSTO CATUAI LTDA
9727,e0822426ec58,COMERCIAL NOROESTE DE COMBUSTIVEIS LTDA.
9728,e085747f669a,POSTO ALIANÇA LTDA
9729,e0885688f1fe,J. M. DA SILVA & FILHOS LTDA
9730,e08fc32d8a70,AUTO POSTO BOM SAMARITANO COMERCIO DE COMBUSTIVEIS EIRELI
9731,e0933b4f1e66,AUTO POSTO DANTE EIRELI- EPP
9732,e099d88b8c65,QNL POSTO DE COMBUSTIVEL LTDA
9733,e09b20ed9a44,SAUDI COMBUSTIVEIS LTDA
9734,e0a8cf67fd3d,IRMAOS ALCANTARA & CIA LTDA EM RECUPERACAO JUDICIAL
9735,e0c2894a1bc1,AUTO POSTO KM 23 LTDA
9736,e0ca3d8f95c2,POSTO TEXAS R R DE CAMPINAS LTDA
9737,e0d23884bcfa,F DE A S CAMPOS DE  ABREU COMBUSTIVEIS E LUBRIFICANTES LTDA
9738,e0dce0d8f022,POSTO DE COMBUSTIVEL DA FIGUEIRA LTDA
9739,e0dd9da9256b,AUTO POSTO GALEAO LTDA
9740,e0deecb5c513,AUTO POSTO 3 W LTDA
9741,e0e617009a03,AUTO POSTO PANORAMA DE ITAPIRA LTDA.
9742,e0e732d9428a,PHJ COMERCIO DE COMBUSTIVEIS LTDA - ME
9743,e0ea03a239ba,POSTO BALUARTE LTDA
9744,e0f1b1caa3d4,CLAUDIO FERREIRA DE LIMA & CIA LTDA
9745,e0f38166577b,LIMA & PINHEIRO LTDA
9746,e0fc4bb04b06,AUTO POSTO CITTY LTDA
9747,e0ff734ccd60,NETO COMERCIO DE COMBUSTIVEIS LTDA
9748,e10015c95bc2,POSTO TROLLER LTDA
9749,e101a5e74fa7,AUTO POSTO UNIVERSAL LTDA
9750,e119dfa66c3e,POSTO CARANDA BOSQUE LTDA
9751,e11b5cbd3341,BOMCAR COMERCIO E SERVICOS LTDA
9752,e1219974633a,POSTO VASCONCELOS COMERCIO DE COMBUSTIVEIS LTDA
9753,e12448f88d09,POSTO DE COMBUSTIVEL BOA VISTA LTDA
9754,e12609b28be0,COMERCIAL RIPARDO DERIVADOS DE PETROLEO LTDA
9755,e126d97841ad,REYSSOL COMERCIO E SERVICOS LTDA
9756,e12bf5042955,POSTO VILA SUKATA LTDA
9757,e1421d201526,SETE ESTRELAS COMERCIO DE DERIVADOS DE PETROLEO LTDA
9758,e14463ce338d,REDE BOM & BARATO LTDA.
9759,e14e11617d79,EMPREENDIMENTOS VIP LTDA
9760,e14e825e94ee,AUTO POSTO DA PEDRA LTDA
9761,e1504019a961,AUTO POSTO BARILOCHE LTDA
9762,e152b93c0387,AUTO POSTO CIDADE ESPERANCA LTDA
9763,e155446a736f,AUTO POSTO PROGRESSO PONTA GROSSA LTDA
9764,e1562551edd6,SAO PEDRO COMBUSTIVEIS LTDA
9765,e1568ac21e08,CENTRO AUTOMOTIVO REAL LESTE LTDA
9766,e15dee354d7a,POSTO SAO JOSE DE PARANAVAI LTDA
9767,e1600e6cf49b,REDE DOM PEDRO DE POSTOS LTDA.
9768,e1643ba75845,AUTO POSTO MARESIAS LTDA
9769,e16c123781ea,MIMIM COMERCIO DE COMBUSTIVEIS LTDA
9770,e17b5e47d45d,SO CAR DERIVADOS DE PETROLEO LTDA
9771,e17fe2e329a6,POSTO DE SERVICOS ROSARIO LTDA
9772,e180ab462c80,POSTO BOA VISTA LTDA
9773,e184a09a8ce4,LEONCIO & FILHOS LTDA
9774,e190a4be35a6,ORGANIZACAO COMERCIAL MARINHO LTDA
9775,e190cfe7ad23,POSTOS RENASCER LTDA.
9776,e1a06aa79009,POSTO DE SERVICOS AUTOMOTIVOS E COMERCIO DE COMBUSTIVEL LISBOA LTDA
9777,e1a41f877da4,DISTRIBUIDORA DE VEICULOS CONFIANCA LIMITADA
9778,e1a45b44a195,RIBEIRO COMERCIO VAREJISTA DE COMBUSTIVEIS LTDA
9779,e1a79852f140,J M C DERIVADOS DE PETROLEO LTDA
9780,e1b4c9c40979,POSTO DE COMBUSTIVEIS ABASTECE RIACHO FUNDO II LTDA
9781,e1c4df8b2f32,LCB ABASTECEDORA DE COMBUSTIVEIS LTDA
9782,e1c930436b5e,AUTO POSTO V8 DE FRUTAL LTDA
9783,e1d74c85fecd,NOVO POSTO CANAL DO BARREIRO LTDA
9784,e1d80269ded4,POSTO DE ABASTECIMENTO SAMUARA LTDA
9785,e1d80eed30c6,POSTO E RESTAURANTE BR-153 DE MARILIA LTDA
9786,e1e593f84e55,J & J COMERCIAL DE COMBUSTIVEIS E DERIVADOS DE PETROLEO LTDA.
9787,e1e6bf95fca3,AUTO POSTO BENEDETTI DE ARACATUBA LTDA
9788,e1e711aaecce,J A COMERCIO COMBUSTIVEIS LTDA
9789,e1e81c9518b3,H SOARES BRAGA COMBUSTIVEL EIRELI
9790,e1f61929fe68,POSTO COSTA AZUL LTDA
9791,e1f9ff752708,COMERCIAL MIGUEIS DE DERIVADOS DE PETROLEO LTDA
9792,e1fa253076ab,KMP COMERCIO DE PETROLEO LTDA
9793,e1fec1f86ac0,CASCOL COMBUSTIVEIS PARA VEICULOS LTDA
9794,e201ee7620b7,YOUSSEF T. HALABI
9795,e207a3bd852d,POSTO AVENIDA LTDA
9796,e208037c3da9,GBI COMBUSTIVEIS LTDA.
9797,e20f1a23bb84,POSTO CINTURAO DE COMBUSTIVEIS LTDA
9798,e227ea4a30fd,QG POSTO DE SERVICOS LTDA
9799,e228bb07757f,ANDEBRAZ MEGA POSTOS LTDA
9800,e22daa21dd46,AUTO POSTO PRACINHA LTDA.
9801,e23cb6d541eb,AUTO POSTO VERENKA 02 LTDA
9802,e2410d5d82bf,CAXIAS PARQUE AUTO POSTO LTDA
9803,e2494954b952,JB COMBUSTIVEIS LTDA
9804,e2501bb4a1da,VIENA AUTO POSTO EIRELI
9805,e25519042b88,AUTO POSTO MS LTDA
9806,e25594f469df,LEONISIA N. N. BARROSO LTDA
9807,e25601d01e37,MALTA & BARBOSA LTDA.
9808,e256a5341a30,VALPOSTO COMBUSTIVEIS LTDA
9809,e25cc7d501bc,MG JABOTICABAL AUTO POSTO LTDA
9810,e25e0d3b046b,CAROL COMERCIO DE COMBUSTIVEIS E DERIVADOS DE PETROLEO LTDA
9811,e263d04b2cdb,DERIVADOS DE PETROLEO SERRINHENSE LTDA
9812,e276016c01e1,POSTO DO CONTORNO LTDA
9813,e2776f2767af,AUTO POSTO UNICOOP DE BEBEDOURO LTDA
9814,e285f1be2aca,OSVALDO JORGE E CIA LTDA
9815,e291e3fad2a4,AUTO POSTO MAJESTIC DE GARCA LTDA
9816,e2a1fbc46e02,GUARANI EMPREENDIMENTOS LTDA - EPP
9817,e2a767e33bd0,POSTO AMIZADE LTDA
9818,e2b18d25f948,AUTO POSTO PR 323 LTDA
9819,e2b2b5df5ab7,YARED COMERCIO DE PETROLEO LTDA
9820,e2b34f716ae4,AUTO POSTO PILARZINHO LTDA
9821,e2b4ab5be0eb,SOBRAL & PALACIO PETROLEO LTDA
9822,e2b971359538,AUTO POSTO FAGA LTDA
9823,e2ba3b67ad00,AUTO POSTO METROPOLE LTDA
9824,e2bd3da254b3,E.A. TUSCHI COMBUSTIVEIS LTDA.
9825,e2c02196b1e1,J A COMERCIO COMBUSTIVEIS LTDA
9826,e2c52a35eb7f,CASCOL COMBUSTIVEIS PARA VEICULOS LTDA
9827,e2d51cae39a1,POSTO COLONIAL DO PARANA LTDA
9828,e2d72bdf8979,AUTO POSTO PADRAO LTDA
9829,e2e49d575c09,POSTO KALILANDIA LTDA
9830,e2f4c761c309,NICOLAU DERIVADOS DE PETROLEO LTDA
9831,e2fa91c58416,POSTO JARDIM DO VALE LTDA
9832,e306d9ed57d4,AUTO POSTO GNOMO LTDA
9833,e30d0578a870,TS COMERCIO DE COMBUSTIVEIS LTDA.
9834,e30eb8d3b272,AUTO POSTO BRITANIA DO LITORAL LTDA
9835,e3149b9a1ef1,BIG MALTE AUTO POSTO LTDA
9836,e31c0dcb9804,POSTO SANTA MARIA LTDA
9837,e31ef20f1530,POSTOMIO AUTOCAR LTDA
9838,e31f54cbdf46,AUTO POSTO FAMA 2 LTDA.
9839,e3215d31a09a,COMPANHIA BRASILEIRA DE DISTRIBUICAO
9840,e324c7de17f8,AUTO POSTO ROCAS LTDA.
9841,e3276289d6bf,CENTRO DE SERVICOS FRANGO ASSADO -NORTE LTDA
9842,e329c061b2e3,POSTO DE SERVICOS AUTOMOTIVOS E COMERCIO DE COMBUSTIVEIS BORDO LTDA
9843,e32a7c7498d6,MARCIO A SPOSITO TRANSPORTES LTDA
9844,e32b2ba6c638,POSTO PASSARELA ARICANDUVA LTDA
9845,e331a395ada3,AUTO POSTO PASETTO LTDA
9846,e3413747e9c2,COMERCIAL DE COMBUSTIVEIS ANTONIO CARVALHO BR 3 LTDA
9847,e3468f68b5e3,SAO PAULO DOIS COMERCIO VAREJISTA DE COMBUSTIVEIS LTDA
9848,e34c1a8c89b9,GOULART COMERCIO DE COMBUSTIVEIS LTDA.
9849,e35029aa4a27,TVC COMERCIO DE DERIVADOS DE PETROLEO LTDA
9850,e351f3d4d185,POSTO ZOOLOGICO LTDA
9851,e35bc70ba872,JP SANTA LUCIA COMERCIO DE COMBUSTIVEIS LTDA
9852,e35d142e97c0,AUTO POSTO E LANCHONETE JÓIA DE SÃO CARLOS LTDA
9853,e36052b934d4,AUTO POSTO MARGUI LTDA
9854,e3633fc55f20,VIOLETA VI AUTO POSTO LTDA
9855,e365fe5afdd5,AUTO POSTO SALVARO LTDA
9856,e367356b2588,AUTO POSTO MANOEL RIBAS LTDA.
9857,e369515939b2,PETROLIDER-COMERCIO DE COMBUSTIVEIS E DERIVADOS DE PETROLEO LTDA
9858,e378d87a3f69,AUTO POSTO QUEMIL LTDA.
9859,e379a63fa66a,POSTO MONTE CARLO JK LTDA
9860,e3844c6acf98,C. S. A. COMBUSTIVEIS LTDA
9861,e39cf4a2e25b,AUTO POSTO VALE DO RENO LTDA
9862,e3ab2eb69009,AUTO POSTO DISTRITO DE INDAIA LTDA
9863,e3b05f2b3cd6,POSTO UNIAO DE LIMEIRA LTDA
9864,e3b4e766491a,PETROLIDER-COMERCIO DE COMBUSTIVEIS E DERIVADOS DE PETROLEO LTDA
9865,e3b77ef09a98,AUTO POSTO LUIZ DE QUEIROZ LTDA
9866,e3c10c395b87,AUTO POSTO TORNADO LTDA
9867,e3cf2f41de7f,AUTO POSTO MANGABEIRAS LTDA
9868,e3d32f4a1ccb,POSTO MAHON LTDA
9869,e3d396439093,SOUSA PETROLEO E SERVICOS LTDA
9870,e3d5c9d8c295,AUTO POSTO E MECANICA BARAO LTDA
9871,e3d5ee429257,POSTO DE COMBUSTIVEIS DEA LTDA
9872,e3da943e2817,AUTO POSTO VOTUPORANGA GORAYEB LTDA
9873,e3dbc997a3f6,ANTONIO DE ALMEIDA CHAVES
9874,e3dc46d2a434,SIVINI PETROLEO LTDA
9875,e3e3c5288fae,JAGUAQUARA COMERCIO DE COMBUSTIVEIS LTDA
9876,e3ec1724fc43,POSTOS WK ANAPOLIS LTDA
9877,e3efbb3ec88c,AUTO POSTO PREMIUM LTDA
9878,e3f29f741819,CARDOSO E RIBEIRO LTDA
9879,e3f4ebaf682c,SALGUEIRO PETROLEO LTDA - EPP
9880,e3f77e1b81cb,BURITI SERTAOZINHO AUTO POSTO LTDA
9881,e40ddeacebd0,AUTO POSTO AVAREZAO LTDA
9882,e417327df1ca,AUTO POSTO MALIBU LTDA
9883,e42bf8de8204,POSTO NASCIMENTO LTDA
9884,e42c5bc7eda4,POSTO FIBRA COMERCIO DE COMBUSTIVEIS EIRELI
9885,e42e1bfb15b4,COIMBRA & SANTIAGO LTDA
9886,e43e3e3ca88b,AUTO POSTO LUAR DA RIO SANTOS I LTDA
9887,e442d110a1d1,SCAL SERVICOS COMBUSTIVEIS E ACESSORIOS LTDA
9888,e4491b65cc44,ARAUJO AUTO POSTO E SERVICOS LTDA
9889,e44db27865bf,COOPERATIVA AGROPECUARIA DE BOM DESPACHO LTDA
9890,e4500aaa65d4,RR AUTO SERVICE LTDA
9891,e45675449819,AUTO POSTO MATEUS LEME LTDA
9892,e45d2f0bff34,GAVEA PNEUS E PETROLEO LTDA
9893,e45fa662c34e,ECO EMPREENDIMENTOS COMERCIAIS LTDA
9894,e4635fee668c,I. G. BEZERRA COMBUSTÍVEIS
9895,e46660491612,AUTO POSTO R N M LTDA
9896,e468f2185132,AUTO POSTO AIMORES DE PRAIA GRANDE LTDA
9897,e47357ec2aad,R-2 POSTO DE ABASTECIMENTO DE GAS VEICULAR LTDA
9898,e48415c80f40,AUTO POSTO GAMBATO LTDA.
9899,e49110037ae7,POSTO GALO LTDA
9900,e491fd953f10,G. E. DA CRUZ & CIA. LTDA
9901,e49906025b7e,AUTO POSTO ZEBU LTDA
9902,e4a6cf662932,MARMONTELLO & MARMOUTELO LTDA
9903,e4baa1231674,ADALFREDO FERRISI & CIA LTDA
9904,e4c269e08b80,REDE DOM PEDRO DE POSTOS LTDA.
9905,e4c9f9a1b7ea,PRESIDENTE COMBUSTIVEIS E DERIVADOS DE PETROLEO LTDA
9906,e4cd277bda86,POSTO SAO ROQUE ALIANCA LTDA
9907,e4e94b4e69f3,AUTO POSTO VITORIA DA CABUCU LTDA.
9908,e4edf53463eb,MANADEL COMBUSTIVEIS LTDA
9909,e4ee090a08e0,POSTO JOYCE III EIRELI - EPP
9910,e4f03b849111,POSTO PROFETAS DE CONGONHAS LTDA
9911,e4f2d112e90d,CASAS DO JOSE LTDA
9912,e4f88179e31d,COMERCIO DE COMBUSTIVEIS FLORESTAL LTDA
9913,e5007ff094f1,AUTO POSTO TAKAO LINS LTDA
9914,e509223d0392,CRUZEIRO DO SUL COM DE COMBUSTIVEIS E SERVICOS LTDA
9915,e5095f441004,MIRIAN MILENIO AUTO POSTO LTDA
9916,e509e0f15902,POSTO DE GASOLINA DUAS PEDRAS LIMITADA
9917,e50d58f2ac6b,GARRA SANTO ANGELO COMERCIO DE COMBUSTIVEIS LTDA
9918,e50ef2c26219,CARLOS EDUARDO MACHADO OURINHOS
9919,e5108665ec2a,POSTO AVIAO LTDA
9920,e51305115ba2,POSTO ROTATORIA LTDA
9921,e51c2fffdd3b,SEVERINO ALMEIDA CHAVES
9922,e51f3326f403,CILZA CAROLINA DE SOUSA
9923,e52cbef24566,POSTO DE COMBUSTIVEIS ADVENTURE LTDA
9924,e5320710f77a,POSTO DE PETROLEO N SRA DE FATIMA LTDA
9925,e535a590bf52,AUTO POSTO SAO BENEDITO LTDA.
9926,e5378926dc95,AUTO POSTO BIZUNGAO ILHA VERDE LTDA
9927,e53842f90602,SILVA COMBUSTIVEIS E LUBRIFICANTES EIRELI
9928,e53cb0f3c0e8,2 KM COMERCIO DE COMBUSTIVEIS LTDA
9929,e53de60641fc,WF COMERCIO DE COMBUSTIVEIS E SERVICOS LTDA
9930,e543c2ca659a,AUTO POSTO BIZUNGA LTDA
9931,e54aaa8ecf85,AUTO POSTO SANTOS DUMONT LTDA
9932,e54c0d29cbfb,POSTO DE COMBUSTIVEIS CIDADE NOVA LTDA
9933,e54feffbacc1,SAO PAULO MINAS COMERCIO DERIVADOS DE PETROLEO LTDA.
9934,e55573a1d76b,A L C COMERCIO DE COMBUSTIVEIS LTDA
9935,e55f7a7c0902,AUTO POSTO NOVO HORIZONTELTDA
9936,e563c7846015,J P COMERCIO VAREJISTA DE COMBUSTIVEIS LTDA
9937,e567f21d04ae,COMERCIAL AMAZONIA DE PETROLEO LTDA
9938,e5701a9dcf7b,AUTO POSTO COLORADO LTDA
9939,e57350f4b2fe,POSTO SANTOS DUMONT DE FRANCA LTDA
9940,e5795ce411df,AUTO POSTO LIRITAPURA LTDA
9941,e57bf8671536,POSTO ATLANTICO PARANAGUA LTDA
9942,e581d1ca843f,JANGADA COMERCIO DE COMBUSTIVEIS LTDA
9943,e5892bfe0251,AUTO POSTO PESSOTTI & FONTES LTDA
9944,e5987a230794,COMERCIO DE COMBUSTIVEIS BONFIM LTDA
9945,e59b9030b2bb,ITA POSTO DE GASOLINA LTDA
9946,e59c921d8bd8,CACIQUE PETROLEO LTDA
9947,e5a2903063c8,POSTO BOA VISTA LTDA
9948,e5a6754b04b6,OKLAHOMA COMERCIO DE COMBUSTIVEIS LTDA
9949,e5a8d3ce7d02,MATA COMERCIO DE COMBUSTIVEIS LTDA
9950,e5ab10384320,POSTO DE COMBUSTIVEIS OCIDENTAL LTDA
9951,e5ac14db1fec,BARROS & GOMES COMERCIO DE DERIVADOS DE PETROLEO LTDA
9952,e5b1764a1e25,POSTO FAZENDINHA LTDA
9953,e5cbe52808ad,DAVO SUPERMERCADOS LTDA
9954,e5d079725455,ABASTECEDORA ABM LTDA
9955,e5d2026b1bb4,POSTO ALEGRIA LTDA
9956,e5de37e93f5c,AUTO POSTO VILA ANTARTICA LTDA
9957,e5e3f4820212,CONCORDIA POSTO DE COMBUSTIVEIS E LUBRIFICANTES LTDA
9958,e5e6746ecc58,JACARE AUTO POSTO LTDA
9959,e5eef9a118e5,CENTRO DE CONVENIENCIAS MILLENNIUM LTDA
9960,e5f0a918554c,DERIVADOS DE PETROLEO VALENCA LTDA
9961,e5f16224ab8a,REDE QUALITY COMERCIO DE COMBUSTIVEIS LTDA
9962,e5f846bbf340,DECIO COMERCIO E SERVICOS RODOVIARIOS LTDA
9963,e61719748a68,S F COMBUSTIVEIS LTDA
9964,e61978ddb7bc,POSTO DE ABASTECIMENTO A GAS SANTA AMELIA LTDA
9965,e619df3dd409,AUTO POSTO MESQUITA LTDA
9966,e62425551446,SIM REDE DE POSTOS LTDA
9967,e62d755955d5,POSTOS DE SERVICOS PARQUE IPANEMA LTDA
9968,e62f2e80d650,MONTEZUMA COMERCIO E SERVICOS DE PETROLEO LTDA
9969,e635240eeab3,AUTO POSTO IMIGRANTES JARDIM SAO LOURENCO LTDA
9970,e64178ed08e9,AUTO POSTO ESQUINA SUL LTDA
9971,e64f151636e2,CYBAMAR AUTO POSTO LTDA.
9972,e65a494d30fe,AUTO POSTO SUZANO-MOGI LTDA
9973,e65db4168646,POSTO SAO FRANCISCO I LTDA
9974,e66255143fd7,REVAMAR LOPES LTDA
9975,e67509d8487d,ROMEIROS 4 COMERCIO DE PETROLEO LTDA
9976,e6764994b13d,AUTO POSTO RODOTRUCK DE PRESIDENTE PRUDENTE LTDA
9977,e677edc264c9,AUTO POSTO COPA 70 LTDA
9978,e67b901b25d2,POSTO INDAIA LEAO XIII LTDA
9979,e67e0d82834e,RODRIGUES SILVA DERIVADOS DE PETROLEO LTDA
9980,e68094024414,POSTO ITAPIRACABA LTDA
9981,e6888ea1f8b0,POSTO DUAS COLUNAS LTDA
9982,e690f9685423,AUREVIS COMERCIO DE COMBUSTIVEIS E TRANSPORTES LTDA
9983,e69191ecf9f1,AUTO POSTO SIQUEIRA SALOMÃO LTDA.
9984,e69555f88f5a,LYRA & LYRA COMBUSTIVEIS LTDA
9985,e697fef3ac68,AUTO POSTO MAR AZUL LTDA
9986,e699fab04b2f,AUTO POSTO REDE LESTE COMERCIO DE COMBUSTIVEIS LTDA
9987,e69b49b33fd9,M L SOUZA & CIA LTDA
9988,e69c532f9df7,AUTO POSTO PIRAMIDES LTDA
9989,e69e84f2af61,POSTO CRISTOFORE LTDA
9990,e69f29b85989,AUTO POSTO PAPA JOAO XXIII LTDA
9991,e6a0b7720115,POSTO 7 LTDA
9992,e6b1ebd19502,AMORA E VASCONCELOS COMERCIO DE COMBUSTIVEIS LTDA
9993,e6b20d8d6c74,AUTO POSTO CARRO NOBRE LTDA
9994,e6b27144e697,PORTAL AGUA FUNDA COMERCIO VAREJISTA DE COMBUSTIVEIS LTDA
9995,e6b5aacfb968,POSTO MONSENHOR ESCRIVA LTDA
9996,e6bfc5224ac0,AUTO POSTO PRAIA DE SAO FRANCISCO LTDA
9997,e6ca3a5c1b60,AUTO POSTO JALES LTDA
9998,e6d41e163f82,BAUER POSTOS COMERCIO DE COMBUSTIVEIS E CONVENIENCIAS LTDA
9999,e6db05544c0e,SETE ESTRELAS COMERCIO DE DERIVADOS DE PETROLEO LTDA
10000,e6e3c1faefcc,AUTO POSTO PARANA LTDA
10001,e6e7d936182e,AUTO POSTO VAZ FILHO LTDA
10002,e6ebd22b525f,POSTO CIDADE AZUL LTDA
10003,e6edf1a05088,POSTO MIME S.A.
10004,e6f0bc4322a2,AUTO POSTO MORADA DO SOL LTDA
10005,e6f29be5a971,POSTO ITAMARATI - ANANDA LTDA.
10006,e6fa89a8aff2,AUTO POSTO PORTAL DE SANTANA LTDA.
10007,e6fd23a57dfd,POSTO ESTRELA DO NORTE LTDA
10008,e70cf868b7a4,T. ANDRADE COMBUSTIVEIS LTDA.
10009,e7158b091ec2,AUTO POSTO SANTAREM LTDA
10010,e71bbe529e1b,POSTO ARVOREDO LTDA
10011,e71ef5579094,J & R COMBUSTIVEIS LTDA
10012,e7225f7e83d6,AUTO POSTO ANEL VIARIO LTDA
10013,e72988272fb0,T S RODOVIARIO LTDA
10014,e72b896663bd,A. C. S. DERIVADOS DE PETROLEO LTDA
10015,e72f9d59003b,POSTO RIBEIRO GOULART LTDA
10016,e730d1ba398d,POSTO FILINTO DE ANDRADE LTDA
10017,e733991d4c34,AUTO POSTO VALE VERDE LTDA
10018,e74d63cf64fa,POSTO NOVA VR LIMITADA
10019,e75d52a321af,AUTO POSTO DA PEDRA LTDA
10020,e76cf1bce534,POSTO BAHAMA'S LTDA
10021,e770b7718e73,VIA MAIS REDE DE POSTOS S.A.
10022,e778bcaf4b89,CONDOR AUTO POSTO AVENIDA DAS ARAUCARIAS LTDA
10023,e7795229995f,TROPICAL CENTRO DE ABASTECIMENTO DE COMBUSTIVEIS LTDA
10024,e77fa9281279,L S COMERCIO E SERVICOS LTDA
10025,e78546da542f,POSTO C - 1 COMERCIO DE COMBUSTIVEIS EIREILI
10026,e785a5e94fee,AUTO POSTO MM MERCADO LTDA
10027,e797f6471e6b,A & K COMERCIO DE COMBUSTIVEIS LTDA
10028,e7997d513a4d,LM DANTAS REVENDEDORA DE COMBUSTIVEL LTDA
10029,e79f1b9226a7,POSTO NOVA JOAO DE ANDRADE LTDA
10030,e7a2fcde0bcd,ANTARES COMBUSTIVEIS LTDA
10031,e7aa4b59c852,POSTO DE SERVICO ARMANDO DE MORAES LTDA
10032,e7abc16a74a1,DUNAPETROL COMERCIO DE DERIVADOS DE PETROLEO LTDA
10033,e7ae15312207,AUTO POSTO 148 LTDA
10034,e7b4869277ef,TORK OIL ALTA FLORESTA COMBUSTIVEIS LTDA
10035,e7c3d16db04b,LUANNA DE FATIMA GALVAO VAZ DE MENDONCA FURTADO COMERCIO DE COMBUSTIVEIS
10036,e7c4eef62743,MP POSTOS E LOGISTICA LTDA
10037,e7de2cb56cc1,TRELRIUM COMERCIO DE COMBUSTIVEIS E CONVENIENCIA LTDA
10038,e7e20c849a9d,A ALEXANDRE E COMPANHIA
10039,e7e7093d8c82,IRMAOS CARVALHO AUTO POSTO LTDA
10040,e7f0c9385ffe,AUTO POSTO QNO LTDA
10041,e8006b647cf6,FELIPE BARTZ MACHADO LTDA
10042,e80304e35a67,AUTO POSTO TORONTO LTDA.
10043,e804fba83551,AUTO POSTO BASILICA LTDA
10044,e806fc26d916,POSTO GALO LTDA
10045,e8116c1dec4d,G & G AUTO POSTO LTDA
10046,e827a71c8f31,POSTO PONTA DE BAIXO COMERCIO DE COMBUSTIVEIS LTDA
10047,e829cbd242a1,POSTO QUALITY FIORANO LTDA
10048,e82b32e333fa,AUTO POSTO AGITO LTDA
10049,e835392e3a6c,MIGRA COMBUSTIVEIS LTDA
10050,e835590992a0,IMPERIAL COMERCIO DE COMBUSTIVEL EIRELI
10051,e836f4338f69,AUTO POSTO DALLAS CENTER LTDA
10052,e83b7a6cf057,AUTO POSTO BIXIGA LTDA
10053,e840873dba19,JADE COMERCIO DE DERIVADOS DE PETROLEO LTDA
10054,e840fca7822c,AUTO POSTO TULIO LTDA
10055,e843468d6aa9,TREZE DE MAIO-COMERCIO DE COMBUSTIVEIS LTDA.
10056,e843f65632f0,K.G. COMBUSTIVEIS LTDA
10057,e84bc51d6551,POSTO ILHA GUARUJA LTDA
10058,e84d69f53841,POSTO BRAGA CAMBEBA LTDA
10059,e85732f1e8a8,AUTO POSTO PRAIA CENTER LTDA
10060,e857ea9f667d,AUTO POSTO DOUTOR CARVALHO LTDA
10061,e85a5566db89,AUTO POSTO PRAIA GRANDE LTDA
10062,e85d34367c17,POSTO PARQUE SAO JORGE LTDA
10063,e85e55337f66,POSTO TUPY LTDA
10064,e85e85282c40,POSTO Z+Z SAO BENTO LTDA
10065,e86f4869eea7,AUTO POSTO DE COMBUSTIVEIS FREEWAY LTDA
10066,e87231189fe9,POSTO DE GASOLINA ESTACAO DE OLARIA EIRELI
10067,e884aaeca103,AUTO POSTO SAO JORGE DE BELFORD ROXO LTDA
10068,e88581e2b91c,PUMA AUTO POSTO CUIABA LTDA
10069,e89887eef31a,POSTO DE GASOLINA PIT STOP LTDA.
10070,e89d0040eb17,CENTRO AUTOMOTIVO DE VALINHOS LTDA
10071,e8a7a8a67209,JAPU COMERCIO DE DERIVADOS DE PETROLEO LTDA
10072,e8b086c641f6,POSTO ICCAR LTDA
10073,e8de73a0d13f,AUTO POSTO SATELITE IRIS LIMITADA
10074,e8e2abecdf3e,TRANSRODACE - TRANSPORTES RODOVIARIOS LTDA EM RECUPERACAO JUDICIAL
10075,e8e618ed124c,RAMOS E CHRISTOFFEL LTDA
10076,e8e753bad66e,COMERCIAL DE COMBUSTIVEIS MELO VIANA LTDA
10077,e8e84a242083,ABREU FLORES & PEREIRA LTDA
10078,e8e916f7d013,L S COMERCIO E SERVICOS LTDA
10079,e8f3ddc27843,CASA AVENIDA COMERCIO DE COMBUSTIVEIS LTDA
10080,e8f4f74e6c46,TAQUARALTO COMBUSTIVEIS LTDA
10081,e8fa1cef6ea6,AUTO POSTO PORA LTDA
10082,e900de4c06ac,VILA RICA COM DE COMBUSTIVEL LTDA
10083,e91535993751,COMERCIO DE DERIVADOS DE PETROLEO RIO DE JANEIRO LTDA
10084,e91943ba4114,AUTO POSTO CIDADE TIRADENTES
10085,e91b8071be8f,ALIANCA BEIRA RIO COMERCIO DE GNV LTDA
10086,e91e05bc8298,RONALDO A. NUNES LTDA
10087,e92af108cdda,ABASTECEDORA DE COMBUSTIVEIS ENGENHO VELHO LTDA
10088,e92e5b9e92b1,W L COMERCIO DE COMBUSTIVEIS E DERIVADOS DE PETROLEO LTDA - EPP
10089,e92f641d505d,POSTO DE SERVICOS DOM PEDRO LTDA
10090,e92fc0c55092,SULAMERICANO COMERCIO DE COMBUSTIVEIS LTDA
10091,e93142dab5f9,STANG & STANG LTDA
10092,e933a8a9c449,L C BARBOSA COMERCIO DE COMBUSTIVEIS LTDA
10093,e93c0520ce07,TENDA ATACADO SA
10094,e93f0c2c089e,CASSIANO COMERCIO DE COMBUSTIVEIS E CONVENIENCIAS LTDA
10095,e9410ee963a4,NORTE BRAZ LTDA
10096,e9458b622f5f,"RG COMBUSTIVEIS, TRANSPORTES E BEBIDAS LTDA"
10097,e959eaac2f88,PALLADIUM COMERCIO VAREJISTA DE COMBUSTIVEL LTDA
10098,e9629ee68fdc,SIM REDE DE POSTOS LTDA
10099,e96881a1e15b,AUTO POSTO ROTA DO SOL LTDA
10100,e96ace120da2,COMERCIAL APOLLO LTDA
10101,e96bbaeb227b,REDE HAVANA COMBUSTIVEIS JANAUBA LTDA
10102,e979fe2db5cc,AUTO POSTO ECODIARIO LTDA
10103,e97bf1f8d152,L. C. A. AUTO POSTO LTDA
10104,e983cac5d0a1,POSTO AGUIA COMERCIO DE COMBUSTIVEIS LTDA
10105,e9843746df26,MAUROJA AUTO POSTO SERVICE LTDA
10106,e9861427b494,AUTO POSTO MR LTDA.
10107,e987d971f3d2,K DE J C RIOS COSTA EIRELI
10108,e98842d3bb3d,AUTO POSTO BERIMBAU DANTE LTDA
10109,e989f26b2915,POSTO DE COMBUSTIVEIS E DERIVADOS DE PETROLEO HB LTDA
10110,e98abe357920,POSTO PIT STOP CRISTAL LTDA
10111,e98ada3d580c,WR COMERCIO DE COMBUSTÍVRIS LTDA.
10112,e98bdb11f87c,POSTO MAIS AREINHA LTDA
10113,e98c0003bbc7,AMCE FRONTEIRAS LTDA
10114,e98c480e29d6,AGUIA FOZ COMERCIO E TRANSPORTE DE COMBUSTIVEIS LTDA.
10115,e99166ffff3e,CENCOSUD BRASIL COMERCIAL LTDA.
10116,e9951ed1f786,REAL COMÉRCIO DE COMBUSTÍVEIS LTDA - EIRELI
10117,e99b9d7eec3c,GDO PARTICIPACOES S/A
10118,e99c43d1e8cc,F R DE ARAUJO ALBUQUERQUE - ME
10119,e9a1c9ed6c7e,COMERCIAL DE COMBUSTIVEIS AMERICA LTDA
10120,e9a7dfd295b8,POSTO CAMOES LTDA
10121,e9a876e0296f,ALBUQUERQUE PNEUS LTDA
10122,e9aa87c6b536,AUTO POSTO SOLARIS DE CAMPINAS LTDA.
10123,e9aae57a2a55,DJULIA D CESARES A DOS ANJOS EIRELI
10124,e9c3105727cb,POSTO DE COMBUSTIVEIS DISTRITO LTDA
10125,e9c3d0667964,AUTO POSTO TRE FRATELLI LTDA
10126,e9c4e7d0036b,COOPERCITRUS COOPERATIVA DE PRODUTORES RURAIS
10127,e9c5cd45b079,PRISMA AUTO POSTO LTDA
10128,e9d01f2cfc2c,SANTA ANA ENERGIA LESTE LTDA
10129,e9d74050f3f6,H. D. PORTELLA & CIA LTDA
10130,e9db9ad29ec8,AUTO POSTO BLUE LTDA.
10131,e9dbdd346977,POSTO DE ABASTECIMENTO FUNDAO LTDA
10132,e9e07f775d27,CENTRO AUTOMOTIVO R 2 REQUINTE LTDA
10133,e9e3d8f25cf4,COMERCIO DE COMBUSTIVEIS CH LTDA
10134,e9e698d71164,LESTE OESTE PETRÓLEO LTDA
10135,e9ed4120712a,AUTO POSTO SUPER PARADA LTDA
10136,e9f98a7e2f05,J A COMERCIO DE DERIVADOS DE PETROLEO LTDA
10137,e9ff5cff2dad,"MIRIAN VILHENA AUTO POSTO - COMERCIO DE COMBUSTIVEIS, LUBRIFICANTES, GAS E CULTIVO DE MADEIRAS LTDA"
10138,ea009e2eb54a,R. J. COMBUSTÍVEIS E LUBRIFICANTES LTDA.
10139,ea00a4f8e332,POSTO DE COMBUSTIVEIS J M LTDA
10140,ea11193df229,WENCESLAU COMERCIO DE COMBUSTIVEIS LTDA
10141,ea1917578b71,S ARAGAO COMERCIO E REPRESENTACOES LTDA
10142,ea1d09b339ea,POSTO PIMENTA PEIXOTO FERROVIARIO LTDA
10143,ea1d74d0473d,COOPERATIVA AGRO PECUARIA DO VALE DO PARACATU LTDA
10144,ea2990155a53,AUTO POSTO MAP AMERICA LTDA
10145,ea2d0ffd9b85,SIM REDE DE POSTOS LTDA
10146,ea33ca40fe3d,CEMA CENTRAL MINEIRA ATACADISTA LTDA
10147,ea341c4a8df9,POSTO DE GASOLINA MIDAS DA ALAMEDA LTDA
10148,ea36b0b050bd,POSTO AVENIDA NOSSA SENHORA DE FATIMA CAMPINAS LTDA
10149,ea3bca2f6b58,ANTONIA LIANE GOMES SOARES
10150,ea4788654f05,AUTO POSTO JE COMBUSTIVEIS LTDA
10151,ea4bc04d137f,D. F. COMERCIO DE PETROLEO LTDA
10152,ea4d019dfb56,COMERCIO DE COMBUSTIVEIS CAVALINHO LTDA
10153,ea53046cddaf,AUTO POSTO MARCAL LTDA
10154,ea53516eb0ca,WR PETROLEO E DERIVADOS LTDA
10155,ea57b9991489,AUTO POSTO MIRO LTDA
10156,ea5eb694e8a0,AUTO POSTO MARTINIANO LTDA
10157,ea612de6fe29,L G COMERCIO DE PETROLEO LTDA.
10158,ea66bbe8a77c,247 COMERCIO LTDA
10159,ea6ea013f18f,DALLAS DERIVADOS DE PETROLEO LTDA
10160,ea74f72c9516,AUTO POSTO AVENTADOR LTDA
10161,ea7a6d3ee34d,ALESSANDRA ARAUJO COMERCIO DE PETROLEO & EMPREENDIMENTOS LTDA
10162,ea7bce353fac,AUTO POSTO SAFRA ALENCAR LTDA.
10163,ea7f72e02903,CARREFOUR COMERCIO E INDUSTRIA LTDA
10164,ea8877c064f2,REDE DE POSTOS APOLO LTDA
10165,ea8e6425a417,COMÉRCIO DE COMBUSTÍVEIS PRESIDENTE LTDA
10166,ea92f9019c0f,POSTO DE COMBUSTIVEIS VILA SOUZA LTDA
10167,eaa1b0910abb,IRMAOS PUPIM & CIA LTDA
10168,eaa212751b71,AVILA COMERCIO DE COMBUSTIVEIS LTDA
10169,eaa3f4a9f014,POSTO WAP AMAZONAS LTDA.
10170,eaa68ed8d7fc,AUTO POSTO PARQUE GUARAPIRANGA LTDA.
10171,eaae05d0c702,POSTO NOBRE CONFIANÇA LTDA.
10172,eab4058dd398,NASSER & FEITOZA COMERCIO DE COMBUSTIVEIS LTDA
10173,eab4e83b28bd,BRZ COMERCIO DE COMBUSTIVEIS LTDA
10174,eab51f0d3a1c,AUTO POSTO FUZETTO EIRELI
10175,eab6a602017a,AUTO POSTO BADU LTDA
10176,eabbf96ed901,POSTO O CUPIM - PARANAGUA LTDA
10177,eac8c5c0d75a,AUTO POSTO FB LTDA
10178,eac97aef6f90,AUTO POSTO PORTAL DA SERRA LTDA
10179,eace21c6be77,POSTO PRACA LTDA
10180,ead008e7999c,POSTO MIL SALTO LTDA
10181,ead4d3d06d02,POSTO 15 DE NOVEMBRO LTDA.
10182,ead6ce3f6336,AFOGADOS COMERCIO DE COMBUSTIVEL LTDA - EPP
10183,eada29efcf74,FAST POSTO DE SERVICOS LTDA
10184,eae27034385b,CASCOL COMBUSTIVEIS PARA VEICULOS LTDA
10185,eaf54c1f038b,POSTO DE COMBUSTIVEL LAGO AZUL LTDA
10186,eaf805ae20e0,EL COMERCIO DE COMBUSTIVEIS LTDA
10187,eb00c909d8e8,POSTO DE COMBUSTIVEIS MAX LTDA
10188,eb1217d8d414,SALES E MESQUITA LTDA
10189,eb14fae0a7f9,SAMBADE COM. DE COMBUSTIVEIS LTDA
10190,eb19668f534a,RABELO DERIVADOS DE PETROLEO LTDA
10191,eb20a0516d29,AUTO POSTO RIVIERA LTDA
10192,eb228ee40a64,JP SANTA LUCIA COMERCIO DE COMBUSTIVEIS LTDA
10193,eb2d5fd4b601,GUY FOUGALAN CORREIA
10194,eb303d28667e,AUTO POSTO AMIGAO DE VOTUPORANGA LTDA.
10195,eb3342dfb6ff,DRIVE CAR TRANSPORTES E COMBUSTIVEIS LTDA
10196,eb353be9bea7,AUTO POSTO PORTAL DE INDAIATUBA LTDA
10197,eb37a05a124d,AUTO POSTO DUQUE DUMONT VILLARES LTDA.
10198,eb38b0bc233f,V D B COMÉRCIO DE PETRÓLEO LTDA
10199,eb41eb44c4e8,POSTO MORGADO LTDA
10200,eb44c9e02483,BARROS COMERCIO DE COMBUSTIVEL E CONVENIENCIA LTDA
10201,eb48c9fec74b,AUTO POSTO LAVRAS LTDA
10202,eb491ca020b1,COMERCIO DE COMBUSTIVEIS PEDRA SELADA LTDA
10203,eb4dae313a7a,POSTO PETROTURBO LTDA
10204,eb5741c96704,RODOCAMP AUTO SERVICE LTDA
10205,eb5f14a54132,F C OLIVEIRA COMBUSTIVEIS LTDA
10206,eb5fc55676ed,COMERCIAL DE DERIVADOS DE PETROLEO ITAMOTINGA LTDA
10207,eb648ba6864f,AUTO POSTO ONE PLUS LTDA
10208,eb6650a44d76,AUTO POSTO FORCA DO OLEO III LTDA
10209,eb6f4a537ea8,POSTO BOA VENTURA LTDA
10210,eb7d062ae8c5,R S PNEUS LTDA
10211,eb7d0782ed32,CAPPELLI & ALVES AUTO POSTO LTDA
10212,eb7e52263463,VALE DERIVADOS DE PETROLEO LTDA
10213,eb9908c337e9,REDE CIDADE FELIZ COMERCIO DE COMBUSTIVEIS LTDA
10214,ebb08cab7bb6,M. CRISTINA SOUSA LACERDA & CIA LTDA
10215,ebb139bebdd6,CARREFOUR COMERCIO E INDUSTRIA LTDA
10216,ebb6d2268081,AUTO POSTO DUQUE TOCANTINS LTDA
10217,ebc80fd43a54,B.V. COMÉRCIO DE COMBUSTIVEIS LTDA
10218,ebcaba8b2fb5,CENTRO AUTOMOTIVO PONTE METALICA DE OSASCO LTDA
10219,ebcc5e0f973b,AUTO POSTO TERRA SANTA LTDA
10220,ebd4a74db6fb,AUTO POSTO ARCANJO MIGUEL LTDA
10221,ebd8ae24a50a,POSTO COMETA COMERCIO DE PETROLEO LTDA
10222,ebe46a1c56dc,AUTO POSTO DE COMBUSTIVEIS MANGABEIRA LTDA
10223,ebe5fbc109d3,POSTO DE SERVICOS E LOJA DE CONVENIENCIA FERNANDO ARENS LTDA.
10224,ebee71a96ae6,AUTO POSTO CUPIMZAO LTDA
10225,ebf092330f10,PERIOLI AUTO POSTO LTDA
10226,ec0566efc484,AUTO POSTO JURACI JUNIOR LTDA - ME
10227,ec0c1c8aa1c0,AUTO POSTO CANADA LTDA EPP
10228,ec1035e6cb90,ALBANO DE AZEVEDO E SOUZA & CIA LTDA
10229,ec1fbb2e9180,AUTO POSTO RAGUEB LTDA
10230,ec202d9b00a3,POSTO SANTA LUZIA TRES LTDA
10231,ec20e8188300,POSTO DE GASOLINA GALO BRANCO LTDA
10232,ec213d75526d,POSTO MARIA HELENA COMERCIO DE COMBUSTIVEIS LTDA.
10233,ec23e3567d77,POSTO CONCORDE LTDA.
10234,ec25cf128f00,AUTO POSTO OCHOVE LTDA
10235,ec26d0d93740,AUTO POSTO VIA IGUACU LTDA
10236,ec27111327da,AUTO POSTO ANDRONICO LTDA
10237,ec3013810f57,PALMEIRA & CIA LTDA
10238,ec36f6678deb,AUTO POSTO SAO FERNANDO DE VALINHOS LTDA
10239,ec4832775cc6,AUTO POSTO IPANEMA LTDA
10240,ec4b6ca37c9c,AUTO POSTO NIGÉRIA LTDA
10241,ec4c30981e42,CHR COMERCIO DE COMBUSTIVEIS LTDA
10242,ec4df99b9853,AUTO POSTO MULLER DE BEBEDOURO LTDA
10243,ec5bfdcf6cf1,AUTO POSTO PETROCHULINHA LTDA
10244,ec60ea94cb0a,CECAP GUARULHO AUTO POSTO LTDA.
10245,ec68c7e4633a,AUTO POSTO MIRANDELLA LTDA
10246,ec758046451c,POSTO DE COMBUSTIVEIS JARDINS LTDA
10247,ec77c3fc33bc,AUTO CENTER VITORELLI & VITORELLI LTDA
10248,ec7f3df81659,AUTOPOSTO SANTOS DUMONT LTDA - ME
10249,ec7fe2306152,AGUIAR PETROLEO E LOCACOES LTDA
10250,ec875decbd1e,CAETES - COMERCIO DE COMBUSTIVEIS LTDA
10251,ec89cd6ecf90,FALEIROS & CIA LTDA
10252,ec8a7c41ea63,0G C MACHADO - ME
10253,ec958074db7f,PANAMERICANO AUTO POSTO CUIABÁ LTDA.
10254,ec98dbeb53c0,AUTO POSTO RIBEIRA III LTDA
10255,ecaac68b1376,TRAVESSIA COMERCIO DE DERIVADOS DE PETROLEO LTDA
10256,ecb511c0f91c,POSTO RUI BARBOSA LTDA
10257,ecbb94ea9c91,POSTO TRUCK'S - COMERCIO E TRANSPORTE DE COMBUSTIVEIS LTDA
10258,ecbdb60b5318,AUTO POSTO VIA LÁCTEA LTDA.
10259,ecbe58ca6eef,AUTO POSTO DRIM LTDA
10260,ecc18a2784fd,COTAM - COOPERATIVA DE CONSUMO DOS TAXISTAS AUTONOMOS DE MANAUS
10261,ecc2c07d806f,BEGNINI COMERCIO DE COMBUSTIVEIS LTDA
10262,ecc7074f8859,P&M COMERCIO DE COMBUSTIVEIS LTDA
10263,ecc984902c63,AUTO POSTO TAQUARAL BORBA GATO LTDA
10264,eccc5b5885f2,POSTO ARAGUAINA COMERCIO DERIVADO DE PETROLEO LTDA
10265,ecd338b5c225,POSTO E SERVIOS DIMANCHES LTDA
10266,ecd3765027dd,JOSE PUERTAS JIMENEZ & FILHOS LTDA
10267,ecd5976269ea,PARANA DE DENTRO COMERCIO DE COMBUSTIVEIS E LUBRIFICANTES LTDA
10268,ecdac4c52e24,COMERCIO DE DERIVADOS DE PETROLEO MAJOR LTDA
10269,ece0ad8e2329,AUTO POSTO ABEL GALINHA LIMITADA
10270,ece6388014ae,GAIA AUTO POSTO LTDA
10271,ecfbdb14d900,AUTO POSTO FAMA LTDA
10272,ecfc6d27d70d,AUTO POSTO CANOA QUEBRADA - CE LTDA.
10273,ecff8c16ed02,SAMAMBAIA AUTO POSTO LTDA
10274,ed0260fed0b9,AUTO POSTO ITALIANOS DE JUNDIAI LTDA.
10275,ed04a038bf5e,AUTO POSTO GABRIELA DE CAMPINAS LTDA
10276,ed06076c5602,POSTO MONOLITOS LTDA
10277,ed070661fb13,COMERCIAL CHARITAS DE PETROLEO LTDA
10278,ed08fb0bf3bb,MADREPEROLA COMÉRCIO DE COMBUSTIVEIS LTDA
10279,ed0d0aaf5b59,AUTO POSTO FIDELIDADE LTDA
10280,ed0d429a495d,POSTO SAFRA LTDA
10281,ed0f8b28f98f,AUTO POSTO PUTTINI LTDA
10282,ed115fb11562,J A SOBRAL & CIA LTDA
10283,ed1ba9643156,POSTO UDI LTDA
10284,ed23331f6b95,GARRA SANTA ROSA COMERCIO DE COMBUSTIVEIS LTDA
10285,ed23fba4d4d7,POSTO AZEREDO ELGO LTDA
10286,ed2c92b47133,REDE DE POSTOS TOCA DA ONCA - ARAGUAINA NEBLINA LTDA
10287,ed41e2d4c21d,POSTO ROMUALDO LTDA
10288,ed4ed043af52,AUTO POSTO R&R PADRAO LTDA
10289,ed50f627d3f7,OSWALDO F. F. MANSOUR & CIA. LTDA.
10290,ed55fe1f79d3,SUPER POSTO FORTALEZA LTDA
10291,ed572b28ce19,AUTO POSTO FEMI LTDA
10292,ed58aeef3845,AUTO POSTO J & J -  EIRELI
10293,ed5efa69731f,COMERCIO DE COMBUSTIVEIS CODORNA LTDA
10294,ed5fe3c9e5dc,AUTO POSTO ACARI LTDA.
10295,ed60a6a24262,ABASTECEDORA DE COMBUSTIVEIS NEIVA LTDA
10296,ed6278c083fb,G. & S. PETROLEO LTDA
10297,ed68f05a50d3,POSTO ARAUJO LEITE LTDA
10298,ed6e32a8629a,COMERCIO DE COMBUSTIVEIS NEVOEIRO LTDA
10299,ed6f4f1540c3,SINAI DERIVADOS DE PETROLEO LTDA
10300,ed71595ec0fa,D.H. PETROLEO LTDA
10301,ed743ef2300b,POSTO LEAO DO TREVO LTDA
10302,ed84935cc282,POSTO MARIO WERNECK LIMITADA
10303,ed907a51a064,AUTO POSTO BARAO DE ITAPURA CAMPINAS LTDA
10304,ed99c3a7c912,SANTO AFONSO COMERCIO DE COMBUSTIVEIS LTDA.
10305,eda6bc6bd58f,REDE SUPER PETRO DERIVADOS DE PETROLEO LTDA
10306,edb22ab32086,REDE CH4 DE COMBUSTIVEIS LTDA
10307,edc40f82cae1,POSTO ITAJURU DE CABO FRIO LTDA
10308,edcaf16cb96c,AUTO POSTO HORIZONTE AZUL LTDA
10309,edcddcf28301,PAIVA & MENEZES LTDA
10310,edcff111048c,CENTRO AUTOMOTIVO RECREIO LTDA.
10311,edd9b62e93d1,POSTO DE COMBUSTIVEIS ZUILTON EIRELI - EPP
10312,eddb02f3b018,J A COMERCIO COMBUSTIVEIS LTDA
10313,ede89aac9221,AUTO POSTO INDEPENDENCIA PIRACICABA LTDA
10314,edebb901ba98,POSTO SAO SEBASTIAO RJ LTDA
10315,edef12809184,POSTO MAHLE REAL LTDA
10316,edef143c6cb0,COMERCIO VAREJISTA DE COMBUSTIVEIS PINHO DO GRAJAU LTDA
10317,edfca7def8a8,POSTO DE COMBUSTIVEIS ATACAMA LTDA
10318,edfd0265d51a,PERIMETRAL DERIVADOS DE PETROLEO LTDA
10319,edffc4eacc83,PIN POINT AUTO SERVICO DE COMBUSTIVEIS LTDA
10320,ee035dfdbb92,AUTO POSTO PREMIUM LTDA
10321,ee05fc7fdcca,CANARINHO COMBUSTIVEIS LTDA
10322,ee1e2df294d3,AUTO POSTO V Y LTDA.
10323,ee1e66653916,MARCHI AUTO POSTO LTDA
10324,ee1e880c14f6,AUTO POSTO CONCHA DE OURO LIMEIRA LTDA
10325,ee1e998a2537,COSME & COSME COMBUSTIVEIS LTDA
10326,ee3cd822854e,DUTRA E SILVA LTDA
10327,ee3fb0b4f82e,MS & FILHOS LTDA
10328,ee442d594f4e,LEAO AUTO POSTO LTDA
10329,ee4d084d4a5c,JEPA DERIVADOS DE PETROLEO LTDA
10330,ee52e4a000c6,POSTO DE GASOLINA BUGGY LTDA
10331,ee5495492fea,COMPANHIA BRASILEIRA DE DISTRIBUICAO
10332,ee5e75d25442,AUTO POSTO CUIABA LTDA
10333,ee64033aa1a0,CARREFOUR COMERCIO E INDUSTRIA LTDA
10334,ee676fe5656a,A1 COMBUSTIVEIS GOIATUBA LTDA
10335,ee67e331ff43,AUTO POSTO LOCH LTDA
10336,ee7867007e3e,COMERCIO VAREJISTA DE COMBUSTIVEIS SUCESSO LTDA.
10337,ee7c0ba5538e,POSTO DE COMBUSTIVEIS SALINAS LTDA
10338,ee82b98b0893,AUTO POSTO ESTRELA DALVA DO CURUCA LTDA
10339,ee8518aa57cf,COMERCIAL ALVORADA CENTER LTDA
10340,ee86ab445109,CAMPOS & FERNANDEZ LTDA
10341,ee8e7a6a9129,POSTO DALCASTAGNE LTDA
10342,ee96e96e376b,IRMAOS RUSSI LTDA
10343,ee9a0b9a5550,AUTO POSTO MC DE CARAPICUIBA LTDA
10344,eea1aaa4364b,TURNPIKE 4321 AUTO POSTO BAR E LANCHONETE BAZAR E SERVICOS AUTOMOTIVOS LTDA.
10345,eea5240ef8da,POSTO DE COMBUSTIVEL TAMBIA LTDA
10346,eea8e03dae70,AUTO POSTO REI TUPA LTDA
10347,eeb0bbe73450,SOBRAL & PALACIO PETROLEO LTDA
10348,eeb30718b8e2,AUTO POSTO JOSE BONIFACIO LIMITADA
10349,eeb85356b0ff,AUTO POSTO JLS LTDA
10350,eec1fcba004f,COMERCIAL BUFFON COMBUSTIVEIS E TRANSPORTES LIMITADA
10351,eec6b337ccf3,AUTO POSTO ARACAS LTDA
10352,eecdc43e740e,POSTO DE COMBUSTIVEIS JARDINS LTDA
10353,eece811644c6,AUTO POSTO ANA ROSA TAUBATE LTDA
10354,eecf889c39a7,AUTO POSTO AIWA LTDA
10355,eedbdac08d8c,COMERCIAL BUFFON COMBUSTIVEIS E TRANSPORTES LIMITADA
10356,eee671605974,REDE HG COMBUSTIVEIS LTDA.
10357,eeeb3c2eb526,COMERCIO DE COMBUSTIVEIS BASEGGIO LTDA
10358,eeee1a5ac7c1,M.L.COMERCIO DE COMBUSTIVEIS LTDA
10359,eef422681574,AVILA COMERCIO DE COMBUSTIVEIS LTDA
10360,eefb9efb5e22,ESR COMERCIO DE COMBUSTIVEIS E SERVICOS
10361,ef0813b7adb4,POSTO PARAVIS LTDA
10362,ef08ad535c8b,ABASTECEDORA DE COMBUSTIVEIS T W LTDA
10363,ef0e1ce66129,COMERCIO DE COMBUSTIVEIS HANKE LTDA
10364,ef0f74f104f8,AUTO POSTO MARESIAS PIRACICABA LTDA
10365,ef12dc673976,M.M. P. COSTA EIRELI
10366,ef19082dcee9,REDE OSORIO'S DE MARICA COMERCIO DE GAS NATURAL COMPRIMIDO LTDA
10367,ef198db2e960,POSTO DE SERVICOS AUTOMOTIVOS E COMERCIO DE COMBUSTIVEIS OLIVEIRA & LIMA LTDA.
10368,ef2ada721ae3,POSTO SHOPPING EIRELI
10369,ef2d0e969d1b,POSTO HIDROLANDIA LTDA
10370,ef3674a78774,POSTO DE GASOLINA JBMC LTDA
10371,ef3d61e07fdc,REDE JG TIMBAU COMERCIO DE COMBUSTIVEIS E LUBRIFICANTES LTDA
10372,ef3eb35db364,AUTO POSTO SAKAMOTO LTDA
10373,ef3ee93c8490,VINICIUS CANSANCAO & CIA LTDA
10374,ef42a42fa787,HIPETRO COMERCIO DE DERIVADOS DO PETROLEO LTDA
10375,ef4978bc0f26,AUTO POSTO LIDER DE FRUTAL LTDA
10376,ef4c4eb83b26,ZOOCAR AUTO POSTO LTDA
10377,ef50113f70a2,POSTO NOTA 10 LTDA
10378,ef5534b8674f,POSTO ICCAR LTDA
10379,ef59ffaac081,AUTO POSTO CAPRICHO LTDA
10380,ef678e1c515e,BOA PASSAGEM COMERCIAL DE COMBUTIVEL DOMINGOS LTDA
10381,ef6842edd060,WM-COMERCIO DE COMBUSTIVEIS LTDA
10382,ef6a55d23876,POSTO ZAP PRESIDENTE PRUDENTE LTDA
10383,ef6a9b830cba,AUTO POSTO SAO PEDRO DE AVARE LTDA
10384,ef740cb90bac,POSTO DE GASOLINA MARECHAL DE BANGU LTDA
10385,ef7c5c2c6506,NC DISTRIBUIDORA DE COMBUSTIVEIS PD LTDA
10386,ef7d2ac06425,PRINCESA COMERCIO DE COMBUSTIVEIS LTDA - ME
10387,ef7eb19b6cf6,IURY M FERREIRA LTDA
10388,ef842b8b28b2,AUTO POSTO GAP SAO JOSE LTDA
10389,ef8dc5a21493,IZIDORO COMBUSTIVEIS EIRELI
10390,ef941887bf9d,ESTRELA DO ORIENTE COMERCIO DE COMBUSTIVEIS EIRELI
10391,ef94dfdaff07,MAXIMO COMERCIO DE COMBUSTIVEIS LTDA
10392,ef96ce024c51,POSTO DE COMBUSTIVEIS ITACIBA LTDA
10393,efa23924c870,IEDA Q PINHEIRO
10394,efa53997a687,AUTO POSTO FERRARO LTDA
10395,efaa980b1521,ALICIO VILAR PONTES
10396,efb7c24b2dbf,ANTOSZ & LEME LTDA
10397,efb91bf56c4f,POSTO BANDEIRA LTDA
10398,efbcedf8f2cf,AUTO POSTO TRANSAMERICA LTDA
10399,efc096795109,AUTO POSTO SAMAUMA LTDA
10400,efc60e31afca,POSTO METANO LTDA
10401,efcd0f61751c,REDE SANTANA COMBUSTIVEIS DIVINOPOLIS LTDA
10402,efe8ae3ad477,REDE LK DE POSTOS LTDA
10403,eff61e5cb846,POSTO RFD LTDA.
10404,eff67b29a5ec,AUTO POSTO LIDER CRUZEIRO LTDA.
10405,eff6a2834961,AUTO POSTO MAJOR DE ATIBAIA LTDA
10406,eff847ec3d97,AUTO POSTO SANTA PAULA LTDA
10407,eff917fb7284,MARCOS H. DA CUNHA
10408,effdf62b1af6,TORREZAN AUTO POSTO LTDA
10409,f00720a6957d,AUTO POSTO AVENIDA LTDA
10410,f008a509e371,POSTO ANTONELLI E VITORINO AMERICA LTDA
10411,f019e5461f31,J. M. DA SILVA & FILHOS LTDA
10412,f01cc10fcf41,CENTRO AUTOMOTIVO PORTAL DE ARUJA LTDA
10413,f0213edef439,COMBUSTIVEIS OURO NEGRO IV LTDA
10414,f0283317dd4b,POSTO PARAISO DE MINAS GERAIS LTDA
10415,f02dbc610bf5,CONDOR AUTO POSTO HAUER LTDA
10416,f0305c8bb964,JS COMERCIO DE COMBUSTIVEL E DERIVADOS DE PETROLEO LTDA
10417,f03f641f3810,AUTO POSTO FASCINA LTDA.
10418,f040cae01f3a,AUTO POSTO REDE COMPANHIA LTDA
10419,f04273743453,VIENA COMERCIO DE COMBUSTIVEL LTDA.
10420,f04285b03e99,J V COMERCIO DE COMBUSTIVEIS LTDA
10421,f04c0696a114,CENTRO AUTOMOTIVO ATLANTIS LTDA
10422,f05289598299,CEMOPEL CM PETROLEO LTDA
10423,f0645da836b5,J.C. COMBUSTIVEIS LTDA
10424,f0650eec6bed,M. H. SOARES CARNEIRO COMERCIO
10425,f06b447d5fe0,POSTO EXEMPLO COMERCIO LTDA
10426,f06cb2c33080,AUTO POSTO BLUE 32 LTDA
10427,f070c2ae75d8,ARARA FLUMINENSE COMERCIO DE COMBUSTIVEIS LTDA.
10428,f0782bdcdd8d,AUTO POSTO PORTAL DE CAMPO LARGO LTDA
10429,f07a6c74edc8,CENTRO AUTOMOTIVO CRUZADA DA BARRA LTDA.
10430,f083c9158471,ENZO COMERCIO DE COMBUSTIVEIS LTDA
10431,f0896a63fd3d,MARQUES DE CASTRO & GABRIEL LTDA
10432,f08ab258713c,AUTO POSTO FAUSTO LTDA
10433,f08ed24f2fcf,POSTO SAUDADE BM LTDA
10434,f091400e3812,POSTO RUI BARBOSA COMBUSTIVEIS LTDA
10435,f095f3e6fd07,JRT COMBUSTIVEIS LTDA
10436,f0a8ba565ad2,L S COMERCIO E SERVICOS LTDA
10437,f0ae4a12f0ff,GARCIA & MORETO LTDA
10438,f0c0baaf45fb,NATAL M DE OLIVEIRA LTDA
10439,f0cbee55e888,AUTO POSTO BAESSO LTDA
10440,f0cbf4af7720,AUTO POSTO CASTANHAL II COMERCIO DE DERIVADOS DE PETROLEO LTDA
10441,f0cdd5b559a6,RF COMBUSTIVEIS LTDA
10442,f0d7d7419165,POSTO CAMINHONEIRO LTDA
10443,f0e8ae6fdaab,ANDEBRAZ MEGA POSTOS LTDA
10444,f0fbec6acba5,WENCESLAU - ABASTECEDORA DE COMBUSTIVEIS LTDA.
10445,f1080a2e214b,VALE REDE DE POSTOS LTDA
10446,f113ab5614f0,AGUIA AZUL COMERCIO DE COMBUSTIVEIS LTDA
10447,f115cca1e744,ELCI FARIAS DO COUTO
10448,f1200dcf3a6e,POSTO THIAGO LIMITADA
10449,f123e515bf78,POSTO NOVO CAROLINA LTDA
10450,f12a0a9bbfb0,AUTO POSTO PERO LTDA
10451,f12b28ff90b2,AUTO POSTO KIMURA LTDA
10452,f12ee38d3c05,SIM REDE DE POSTOS LTDA
10453,f131a2a20028,AUTO POSTO CANCIONEIRO POPULAR LTDA
10454,f13283d0c794,AUTO POSTO SANTA LUZIA DE RIBEIRAO PIRES LTDA
10455,f13b47f0eb53,VIA VERDE POSTO DE SERVICOS LTDA
10456,f14054b3adf9,AUTO POSTO DESEJO LTDA.
10457,f14c6037b804,LSL COMERCIO DE DERIVADOS DE PETROLEO LTDA
10458,f1519e955c50,POSTO LUPUS ISABEL BUENO LTDA.
10459,f153c6d38119,GEOPETRUS COMERCIO DE COMBUSTIVEIS LTDA
10460,f15652d22814,POSTO VEREDAS LTDA
10461,f16981ed11a3,AUTO POSTO CLAGIL LTDA
10462,f169860528da,AUTO POSTO COMETA DE LEOPOLDINA LTDA.
10463,f17bee8e1887,POSTO PORTAL DO PARQUE LTDA
10464,f17c92f7d2a2,AUTO POSTO PARQUE INDUSTRIAL LTDA
10465,f17df31d7416,POSTO VERA CRUZ LTDA
10466,f18958a037ea,AUTO POSTO ARINELLA LTDA
10467,f1898d858b3c,FOX MILENIUM PLATINA COMERCIO DE COMBUSTIVEIS LTDA
10468,f19112f70f26,COMPANHIA BRASILEIRA DE DISTRIBUICAO
10469,f19156424a6c,AUTO POSTO QUATRO-TREVO LTDA
10470,f1a066ecc7c8,POSTO BALNEARIO ATIBAIA LTDA
10471,f1a2561722ec,FRANCISCO ASSIS NETO POSTO IGUANA
10472,f1a8f14c6da4,AUTO POSTO BRISA DO MAR LTDA
10473,f1a90f5d1929,AUTO POSTO DE COMBUSTIVEIS CARUARU LTDA
10474,f1abbbfe1e41,POSTO DOM PEDRO DE LEME LTDA
10475,f1ae1de03b28,CEMOPEL CM PETROLEO LTDA
10476,f1af42f2eabf,POSTO JC LTDA
10477,f1b2974bd701,POSTO LAGO AZUL DE RIO CLARO LTDA
10478,f1bef071e84c,AUTO POSTO AEROPORTO LTDA
10479,f1c269c33ffd,INFANTE & PATRICIO LTDA
10480,f1c7df9d896e,AUTO POSTO DONA SANTA LTDA.
10481,f1cdec857c8a,POSTO DE SERVICOS NOVA MOOCA LTDA.
10482,f1d0978a152b,AUTO POSTO ELEVEN LTDA
10483,f1d8e4f2ecd6,REDE DE POSTOS APOLO LTDA
10484,f1e682241f09,B & M COMERCIAL DE COMBUSTIVEIS E LUBRIFICANTES LTDA
10485,f1e9b950478e,GUIMARAES BORGES COMERCIO DE DERIVADOS DE PETROLEO LTDA
10486,f1eadff4c64e,POSTO SATELITE LTDA
10487,f1ebabb3cc27,POSTO VIA ESTRUTURAL COMERCIO DE DERIVADOS DE PETROLEO LTDA
10488,f1f2fc90aded,POSTO CORONEL DE MARÍLIA LTDA
10489,f1fec651abf8,VANAB POSTO DE SERVICOS E CONVENIENCIAS LTDA
10490,f209ff45d50c,TORK OIL CIDADE MORENA LTDA
10491,f21c45ab8a2d,POSTO QUATRO RODAS LTDA
10492,f21d9f07d375,AUTO POSTO CORREDOR OESTE LTDA
10493,f22003a3da50,AUTO POSTO CASSINO LTDA
10494,f2276e73411b,DERIVADOS DE PETROLEO LELEU LTDA
10495,f2338f92ed07,AUTO POSTO GOL LTDA - ME
10496,f23fdf6eb64b,REDE AUTOMAN POSTO DE SERVICO LTDA.
10497,f24005d05e6e,AUTO POSTO ML DE SAO CRISTOVAO LTDA
10498,f24bd0d0cd67,MEDEIROS E CABRAL LTDA
10499,f24e0a6cd3e3,POSTO REAL COMERCIO DE COMBUSTIVEIS LTDA
10500,f25515be9c75,AUTO POSTO PLENITUDE EIRELI
10501,f2568ac1734e,AUTO POSTO DE SERVICO AMA LTDA
10502,f25745add4d9,AUTO POSTO FOLHA 23 LTDA
10503,f26bf16be4cd,AUTO POSTO MOCELIN LTDA
10504,f26ec1bf4280,SIM REDE DE POSTOS LTDA
10505,f2784a7e5262,AUTO POSTO GOMGAJ LTDA
10506,f28460d8c60d,MICRO POSTO RIO VERMELHO LTDA
10507,f28580d1f9d2,AUTO POSTO NOVO CAUA LTDA
10508,f28915e26c8a,J. FERNANDES COMÉRCIO DE PRODUTOS DE PETRÓLEO LTDA.
10509,f289eb07db1a,E.A. TUSCHI COMBUSTIVEIS LTDA.
10510,f28e189ce6bc,SERVICAR AUTO POSTO JOAO ARANHA LTDA
10511,f297354fca39,POSTO FLORA LTDA
10512,f2b191bbb195,J. FERNANDO G. DE SÁ
10513,f2b483799f2f,POSTO KALILANDIA LTDA
10514,f2b7c5a9c91e,POSTO TELEFERICO LTDA
10515,f2bb896ca9d3,POSTO CENTER LTDA
10516,f2c4513ff02b,CENTRO AUTOMOTIVO MILAO LTDA
10517,f2c92289bab3,MOURA SOUSA E BONFIM LTDA
10518,f2cbe2bb90d9,SUPERALL COMERCIO DE COMBUSTIVEIS LTDA
10519,f2cef1e8a983,POSTO ALTERNATIVA DE COMBUSTIVEL E SERVICO LTDA
10520,f2d0e14ddd1f,3 VIAS COMERCIO DE DERIVADOS DE PETROLEO LTDA
10521,f2d6262a2149,AUTO POSTO CAMPEAO DA ESTRADA LTDA.
10522,f2d7f685583f,COMERCIAL BUFFON COMBUSTIVEIS E TRANSPORTES LIMITADA
10523,f2dbc9a6f449,C.F.B. COMERCIO DE COMBUSTIVEIS E DERIVADOS DE PETROLEO LTDA
10524,f2dda2e753f8,MP POSTOS E LOGISTICA LTDA
10525,f2dfce9752f1,POSTO CARLOS GOMES LTDA
10526,f2e297a92259,POSTO DE COMBUSTIVEIS MOINHOS LAJEADO LTDA
10527,f2e37d1f077f,REDE RUSSI LTDA
10528,f2e608308c8f,FORMIGUENSE COMERCIO DE COMBUSTIVEIS E DERIVADOS DE PETROLEO LTDA
10529,f2e6cd68b921,CPD ENERGETICOS E DERIVADOS DE PETROLEO LTDA.
10530,f2ed572d14be,POSTO GP LTDA
10531,f2ed6daff284,AUTO POSTO 304 LTDA
10532,f2f70aaa920e,POSTO ESTACAO CARANDIRU LTDA
10533,f2f845a80002,VENETO EMPREENDIMENTO COMERCIAL LTDA
10534,f2f8bde03649,AUTO POSTO TALENTO LTDA - ME
10535,f2fb629ed80a,GRACANDU AUTO POSTO LTDA
10536,f300b6bb24dc,PLATAMO AUTO POSTO LTDA
10537,f305f9f269c9,AUTO POSTO SÃO BARTOLOMEU SOROCABA LTDA.
10538,f306f4a4af63,PEGASUS COMERCIO DE DERIVADOS DE PETROLEO LTDA
10539,f30c51151518,AUTO POSTO COLINAS DE SAO JOAO LTDA
10540,f31a4cd8ea90,AUTO POSTO BANDEIRA 2 LTDA
10541,f31d439097fe,AUTO POSTO BRASIL PETRO GUAXUPE LTDA - EPP
10542,f3270fa5c8ca,AUTO POSTO VALE LTDA
10543,f33909eb5d35,C. G. DE SOUSA LTDA
10544,f3406a231d6e,POSTO MELO PACHECO LTDA
10545,f341a55d5838,CENTRO AUTOMOTIVO NOBREGA CAMPINAS LTDA
10546,f347604654ac,COMERCIO DE COMBUSTIVEIS LINDENBERG LTDA
10547,f3508290a2d6,POSTO TIO ZICO II LTDA.
10548,f355f421212f,MUCURIPE COMERCIO DE COMBUSTIVEIS LTDA
10549,f35973b0a50a,POSTO ICCAR LTDA
10550,f35c0b0c4e68,AUTO POSTO CATARINA LTDA
10551,f35d6b92d212,AUTO POSTO QUALITA LTDA
10552,f363a31cb9d5,CASCOL COMBUSTIVEIS PARA VEICULOS LTDA
10553,f36936fbeec3,AUTO POSTO GUAIAMASTER LTDA.
10554,f3718730a031,POSTO CARIBBEAN LTDA
10555,f37433038cc1,AUTO POSTO CHAVES LTDA
10556,f3746e62c971,SAVASTANO E PORTO LTDA
10557,f3748abf50b3,V. H. F. COMERCIO DE COMBUSTIVEIS LTDA
10558,f376ef17972c,POSTO DE ABASTECIMENTO MORRO DOS CONVENTOS LTDA
10559,f37b7bdd6481,AUTO POSTO PARANA LTDA
10560,f37ccedc3f89,AUTO POSTO SATURNO BM LTDA
10561,f37d19a40658,AUTO POSTO PARATODOS EIRELI
10562,f3849e43ff28,AUTO POSTO ARECIFE COMERCIO DE COMBUSTIVEIS LTDA
10563,f3884b33e377,AUTO POSTO PETROZATT LTDA
10564,f38cc06d3ddd,CERONIZE COMERCIO DE COMBUSTIVEIS LTDA
10565,f391f6e2ddd0,J N COMERCIO DE COMBUSTIVEIS LTDA
10566,f39850d3e7f8,MG MONTE ALTO AUTO POSTO LTDA
10567,f3996c0bbb47,AUTO POSTO PETRO CHILE LTDA
10568,f3a616f0e802,ABASTECEDORA AVENIDA DE COMBUSTIVEIS LTDA
10569,f3a6584cca57,G. J. G. DERIVADOS DE PETROLEO LTDA
10570,f3b2b2d756c9,"CONSTRUCIPE - COMERCIO, CONSTRUCOES E INCORPORACOES LTDA"
10571,f3b43e2cfe43,PREMIUM COMERCIO DE COMBUSTIVEIS LTDA
10572,f3b6eea3424d,MARILIA AZEVEDO MOURA DE ANDRADE
10573,f3b76d604fee,VALE REDE DE POSTOS LTDA
10574,f3bb3c3f9618,PETROSHOP COMERCIO DE COMBUSTIVEIS LTDA
10575,f3bf756b3bd3,SPOLIER LOGISTICA LTDA
10576,f3c113c51ca8,POSTO 6 LTDA
10577,f3cfc6f49c15,POSTO Z+Z SAO JUDAS TADEU LTDA
10578,f3e569a6e738,DUTRA AUTO POSTO LTDA
10579,f3e9f6a68133,DA PAZ COMERCIO DE COMBUSTIVEIS LTDA
10580,f3f00f385999,POSTO MERITI 1 LTDA
10581,f3f0a674f8c4,LESTE DERIVADOS DE PETROLEO LTDA
10582,f401ea5ed074,WANDERLEY E CLAUDENIER LTDA
10583,f406f858d6d3,AUTO POSTO SUPER - MOBIL LTDA
10584,f4097b2b4247,NEEMIAS AUTO POSTO LTDA
10585,f414fc95dead,CASCOL COMBUSTIVEIS PARA VEICULOS LTDA
10586,f41cc9529ca5,DANTAS & DANTAS LTDA
10587,f423ca0e2d74,GM.3 PETRO COMBUSTIVEIS LTDA
10588,f42d71c515fb,JOCKEY COMERCIO DE COMBUSTIVEIS LTDA
10589,f435ee821e83,BERNARDO & BERNARDO COMÉRCIO DE COMBUSTÍVEIS LTDA.
10590,f43adce6ed0f,AUTO POSTO ALVORADA RIO LTDA
10591,f447c62cfe1b,POSTO WEST LUSO JARDIM REGINA LTDA.
10592,f44ba7e34de0,C A PAES SANTOS & CIA LTDA
10593,f453e3ccfec4,POSTO FELIPE LTDA
10594,f454593c4cf0,AUTO POSTO AVENIDA DE ITATIBA LTDA
10595,f456b4865665,POSTO ESTRELA COMERCIO DE COMBUSTIVEIS LTDA
10596,f45aa88ef42f,POSTO SAO PEDRO LTDA - EPP
10597,f45b0f1d0970,ABASTECEDORA DE COMBUSTIVEL NOVA SAPUCAIA LTDA
10598,f4611432e86f,RIOJA COMERCIO DE PETROLEO LTDA
10599,f462a55916c7,MANTOVANI & MANTOVANI 1 LTDA
10600,f46806593d40,PETROX COMERCIAL LTDA
10601,f468714ac017,AUTO POSTO LH MALAGOLI LTDA
10602,f478cf319ca8,AUTO POSTO SANDE EIRELI
10603,f47cd6893650,MILLENNIUM DERIVADOS DE PETROLEO LTDA
10604,f4851867b191,POSTO ITIQUIRA LTDA
10605,f4858eb04f75,ROD OIL COMERCIO DE COMBUSTIVEIS LTDA
10606,f48703350e78,TYRESOLES DE SERGIPE INDUSTRIA COMERCIO E SERVICOS LTDA
10607,f4909744c492,AUTO POSTO SACI LTDA
10608,f4915a20b4fb,AUTO POSTO VERONA LTDA
10609,f498f1ff8e3e,AUTO POSTO M6 LTDA
10610,f49a308103c7,MP AUTO POSTO COMERCIO DE DERIVADOS DE PETROLEO LTDA.
10611,f49ac18a9cf7,JOAO VALLE POSTO DE SERVICOS LTDA
10612,f4aa203beef5,JN COMERCIO DE COMBUSTIVEIS LTDA - ME
10613,f4caf3577d80,SL COMERCIAL DE COMBUSTIVEIS E DERIVADOS DE PETROLEO LTDA
10614,f4d123625adf,AUTO POSTO N.O. LTDA
10615,f4d1e074782d,SSJT SERVICO DE AUTO POSTO LTDA
10616,f4d36167e56e,AUTO POSTO VIP LTDA
10617,f4d36a14d5ff,POSTO CLUBE DOS 500 LTDA.
10618,f4d7233ffe60,AUTO POSTO VISAO LTDA
10619,f4d7fa8f1b2a,AUTO POSTO MORAES & MORAES LTDA.
10620,f4d7fd9ef0f4,AUTO POSTO CHAVANTES LTDA.
10621,f4d8f3cb52ba,AUTO POSTO VILA URUPES LTDA
10622,f4db31926661,BELLA LUNA CENTRO AUTOMOTIVO LTDA.
10623,f4decec31a3f,GUETNER & MARTINS LTDA
10624,f4e9077a1ed3,COMPANHIA BRASILEIRA DE DISTRIBUICAO
10625,f4f10d545028,AUTO POSTO RESIDENCIAL BENASSI LTDA
10626,f4f218a5ce6f,AUTO POSTO 5300 LTDA
10627,f4f65c5a4f7d,CONDOR AUTO POSTO RODOVIARIA LTDA
10628,f4fd2e358b10,AUTO POSTO SAMPAIO COMERCIO DE COMBUSTIVEIS LTDA
10629,f50081f389e4,AUTO POSTO BARI LTDA
10630,f501c7093120,NODA & MACHADO LTDA
10631,f5030f35cd1c,RODOVIA COMERCIO DE COMBUSTIVEIS E DERIVADOS LTDA
10632,f5068a9f171b,EVOLUTTO AUTO POSTO LTDA
10633,f51ade6b37e0,AUTO POSTO MARGINAL LTDA
10634,f51b31f197e4,POSTO DE SERVICOS PORTAL FERNAO DIAS LTDA
10635,f51b73da922c,AUTO POSTO CLASSIC LTDA
10636,f5212fec8d56,REDE ALSAN PARAGUACU PAULISTA LTDA
10637,f526878fd0ca,AUTO POSTO NOVA SUICA LTDA
10638,f52c2d81975e,V & V AUTO POSTO LTDA
10639,f5338934e5c7,TERRA DE SANTA CRUZ POSTO DE SERVICOS LTDA
10640,f536c88dd76f,AUTO POSTO MARRAKESHY LTDA
10641,f53e44592f70,KOTINSKI & CIA LTDA
10642,f54796c4b4c4,POSTO DE GASOLINA JOSI LTDA
10643,f54850de4459,AUTO POSTO PRAIA DA FLECHEIRA LTDA
10644,f55ea41f7bb3,COMERCIAL DE COMBUSTIVEIS US LTDA
10645,f55f9d13e08a,AUTO POSTO BARTOLOMEU DE GUSMAO II LTDA.
10646,f56559adc170,AUTO POSTO ARAUJO CUNHA LTDA
10647,f567859ca700,CENTRO AUTOMOTIVO SAN MARTIN LTDA
10648,f56a8a884d2c,ARGETAX ADMINISTRACAO E PARTICIPACOES EM EMPREENDIMENTOS COMERCIAIS LTDA
10649,f56bd209585f,SIM REDE DE POSTOS LTDA
10650,f577eb60beb5,AUTO POSTO ARRUDAO LTDA
10651,f57ef9615320,RORAIPETRO RORAIMA PETROLEO LTDA
10652,f5815c69a42d,POSTO FACIL LTDA
10653,f5854aac1804,POSTO DA PONTE COMERCIO DE PETROLEO LTDA
10654,f586a8523649,AUTO POSTO SALVARO II LTDA
10655,f595f6e41dd0,AUTO POSTO DOMINGUES DE SA LTDA
10656,f59b53c01446,SEVEN PARAISO AUTO POSTO LTDA
10657,f5a27453a99c,POSTO DE GASOLINA SAO JERONIMO DO ANIL LTDA
10658,f5a569a64fca,REDE DE POSTOS 2000 II DE COMBUSTIVEIS LTDA
10659,f5a79d1900c8,POSTO SANTOS DUMONT EIRELI
10660,f5ab16db8af7,AUTO POSTO NASCIMENTO LTDA
10661,f5abb6d77f9f,JR DERIVADOS DE PETROLEO LTDA
10662,f5ac9babeb38,POSTO DE COMBUSTIVEIS E LUBRIFICANTES SAO LUIZ LTDA - EPP
10663,f5ae53f3d11b,AUTO POSTO T-13 LTDA
10664,f5aeb80ebf33,POSTO BH AUTO CENTRO LTDA
10665,f5b3b62884d0,POSTO DE COMBUSTIVEIS BROCK E CIFRA LTDA
10666,f5b45311396c,AUTO POSTO VILAMAR LTDA
10667,f5b57ee767e0,AUTO POSTO CIDADE LTDA
10668,f5bc1bc5ca0e,POSTO QUALITY CASABLANCA LTDA
10669,f5c8f6c5d938,POSTO MORAES PAULISTA LTDA
10670,f5ca84cfc8a1,POSTO DE GASOLINA JOTA LTDA
10671,f5cdaf50d09b,AUTO POSTO ASEA LTDA
10672,f5d4de2ea965,RESENDE E RESENDE COMERCIO VAREJISTA DE DERIVADOS DE PETROLEO LTDA
10673,f5db423b7afb,POSTO ZARDO E MULINARI LTDA
10674,f5f13f3676b1,AUTO POSTO UCHIKAWA E KANO LTDA.
10675,f5fd3bc5b482,J.R.F.M. COMERCIO DE COMBUSTIVEIS E LUBRIFICANTES LTDA
10676,f6025bb564d7,SR ESPLANADA COMERCIO VAREJISTA DE COMBUSTIVEIS LTDA
10677,f6047b8a8723,COMERCIO DE COMBUSTIVEIS DO IVAN LTDA
10678,f60624ffcde5,POSTO CATEDRAL LTDA
10679,f615b2ed7587,AMARAL & CIA LTDA
10680,f61ad02c3917,POSTO MARQUES DE OLINDA LTDA.
10681,f61cb306f568,CARRETEIRO DERIVADOS DE PETROLEO LTDA
10682,f627702922f6,POSTO PERNAMBUCANO LTDA
10683,f62830a8e441,REDE OSORIO'S 410 DE NITEROI COMERCIO DE GAS NATURAL PARA VEICULOS LTDA
10684,f62dc96569e4,POSTO LINDO PARQUE LTDA
10685,f62fdc779e88,AUTO POSTO BANDEIRA LTDA
10686,f64a2027e622,TRANSVALE DERIVADOS DE PETROLEO LTDA
10687,f656a2e614b8,SB COMBUSTIVEIS AVENIDA LTDA
10688,f6578303db6a,AUTO POSTO GIBY LTDA
10689,f65c69f350ab,AUTO POSTO SMART LTDA
10690,f67202c2a37c,SERRINHA PRODUTOS DE PETROLEO LTDA
10691,f67ae9624147,POSTO MATO GRANDE COMERCIO DE COMBUSTIVEIS LTDA.
10692,f6838cb076d8,SAO FRANCISCO PETROLEO LTDA
10693,f68750c1ac53,AUTO POSTO E TRANSPORTE ALFENENSE LTDA
10694,f68938821749,POSTO ALDO CUBATAO LTDA
10695,f68f8efe01d3,AUTO POSTO NOVA SUMARE LTDA
10696,f6902be58154,VERDEJANTE COMERCIAL LTDA
10697,f690f058e0fd,AUTO POSTO VILA REMO II LTDA
10698,f69ced9a9df5,POSTO DE SERVICOS WELCOME LTDA
10699,f6a229feb1ed,AUTO POSTO VIA BACACHERI LTDA
10700,f6a688b84ff3,POSTO SHOPING COMER DE COMBUST DERIVADOS DE PETROLEO LTDA
10701,f6a6a65933b3,POSTO SERVICO VIP DE SAO JOAO DE MERITI LTDA
10702,f6a8e9d0bbb2,AUTO POSTO LAS VEGAS LTDA.
10703,f6ae92c796c3,SOL DISTRIBUIDORA DE COMBUSTIVEIS LTDA
10704,f6bae9c15b07,COMERCIAL DE COMBUSTIVEIS MONTE CARLO LTDA.
10705,f6c3edce6493,AUTO POSTO TREVO DE PRAIA SECA LTDA
10706,f6c5d02b7945,POSTO TIO ZICO MOSSUNGUE LTDA
10707,f6c8159d44c9,LOPES  E  CARDOSO  LTDA
10708,f6c98c5c5f95,PAULI CAR POSTO DE SERVICO LTDA
10709,f6c9a2a3ffd0,POSTO CAMARAO LTDA
10710,f6cb3416fcb8,ABRANTES & ABRANTES LTDA
10711,f6cbd4a57b7f,POSTO ZEPPE OASIS LTDA
10712,f6d8a9a3dd47,S.J. POSTO DE COMBUSTIVEIS LTDA
10713,f6d8f5eeac69,AUTO CENTER IAVE SHAMA LTDA
10714,f6df9ca60744,PFLUG COMERCIAL VAREJISTA DE COMBUSTIVEIS LTDA
10715,f6eb1a052ec5,POSTO DE SERVICOS GEREMARIO DANTAS DE JACAREPAGUA LTDA
10716,f6f6df4f37b4,L & S COMERCIO DE COMBUSTIVEIS LTDA
10717,f6f97478f896,AUTO POSTO JAMIR LTDA
10718,f6fbf623d2d7,FX COMERCIO DE COMBUSTIVEIS LTDA
10719,f717689e5e04,POSTO DO CABO LTDA
10720,f7186f636684,POSTO LEVE LTDA
10721,f71cdfc8a278,PFLUG COMERCIAL VAREJISTA DE COMBUSTIVEIS LTDA
10722,f725fb71e5b7,POSTO LEVEL COMERCIO DE COMBUSTIVEIS LTDA
10723,f729ce8a33f6,AUTO POSTO ALVORADA LTDA
10724,f72dfe6fc6e4,AUTO POSTO MARELI LTDA
10725,f73023e2f236,POSTO DE GASOLINA DOS ANOES LTDA
10726,f735c5850ef1,POSTO BE LTDA
10727,f73700a8d942,AUTO POSTO CASTELINHO FAST FOOD LTDA.
10728,f73922faa63f,POSTO DE DERIVADOS DE PETROLEO ITA GUANABARA LTDA
10729,f73b897f3ca8,POSTO DE SERVICOS PREMIUM III LTDA
10730,f7462b96bdf2,A. B. LESSA NETO & CIA LTDA
10731,f74843d5ca99,F & H COMERCIO DE COMBUSTIVEIS EIRELI
10732,f74d02f0faa8,AUTO POSTO BRUTUS BEBEDOURO LTDA
10733,f74d20a1c710,SIM REDE DE POSTOS LTDA
10734,f74f19fd9081,POSTO MODELO LTDA
10735,f753a1611980,AUTO POSTO GIARDINO D' ITALIA LTDA.
10736,f7584e65d82c,POSTO MONUMENTO COMERCIO VAREJISTA DE COMBUSTIVEIS LTDA
10737,f75898fd4c27,TRANSDENARDI TRANSPORTES E COMERCIO DE COMBUSTIVEIS LTDA
10738,f75926f84693,AUTO POSTO UMUARAMA LTDA
10739,f75bb76598a4,AUTO POSTO GK LTDA
10740,f75ca1edb024,AUTO POSTO CIDADE ALTA DE BOTUCATU LTDA
10741,f75ef2dc1eb5,POSTO ITAJUBAR LTDA
10742,f760f638d921,AUTO POSTO UNIVERSO LTDA
10743,f77a5cb25a01,PETROLUZ BANDEIRANTES AUTO POSTO LTDA
10744,f78745167cc6,POSTO PARAISO COMERCIO DE DERIVADOS DE PETROLEO LTDA
10745,f788986c779c,POSTO ESPACO BOTANICO LTDA
10746,f78de2cef7e0,SAGRES COMERCIO DE COMBUSTIVEIS LTDA
10747,f7919d97ea0b,AUTO POSTO JULIANE PELLANDA LTDA
10748,f7948c7d99e8,AUTO POSTO MASTER KING LTDA
10749,f79a3970b61c,PEGORARO E PEGORARO LTDA
10750,f79bdd1f3745,POSTO ALMEIDA COMBUSTIVEIS LTDA
10751,f7a2e9c1c800,POSTO CACHOEIRA LTDA
10752,f7a40673727f,CARVALHO ENGENHARIA LTDA
10753,f7ab8f7ce508,AUTO POSTO ITAMARATI - MITOCONDRIA LTDA.
10754,f7b09697d7fd,AUTO POSTO KAKOGAWA LTDA.
10755,f7b1be579095,POSTO ALEGRIA LTDA
10756,f7b214ff7634,AUTO POSTO TRINDADE EIRELI
10757,f7b4ef8c7ef8,AMALFI & GIANNETTI LTDA
10758,f7b5c6d54a6d,POSTO DE GASOLINA CARVALHO & GOMES LTDA
10759,f7b71893d7fc,NIKIGAS COMERCIAL LTDA
10760,f7c07b59b4fb,AUTO POSTO AVENIDAO DE MURIAE LTDA
10761,f7c68a40c5a4,MARCLAU COMERCIO DE COMBUSTIVEIS LTDA
10762,f7d696e15fb6,AUTO POSTO E SERVICOS ZUMACH LTDA
10763,f7dac78eb70e,AUTO POSTO ZANI COMERCIO DE DERIVADOS DE PETROLEO EIRELI
10764,f7dfd3a93edf,PORTAL PRESTES MAIA COMERCIO VAREJISTA DE COMBUSTIVEIS LTDA
10765,f7e13677531e,AUTO POSTO ESTRELA DE DAVI LTDA
10766,f7e895e3e9c7,POSTO GALO LTDA
10767,f7e952bf85b9,P. LOPES GNV POSTO DE SERVICOS LTDA
10768,f7ea3425d1a9,POSTO DE ABASTECIMENTO DE COMBUSTIVEIS VILA NOVA LTDA
10769,f7f2163de4d6,R.R. COMERCIO VAREJISTA E TRANSPORTE DE DERIVADOS DE PETROLEO LTDA
10770,f7f74b275cf8,MENDES PETROLEO LTDA
10771,f7f97ec75bde,AUTO POSTO IRMAS RIBAS LTDA
10772,f808b723d3e6,POSTO SHOPPING CAR COMBUSTIVEIS LTDA.
10773,f80b4cc87190,POSTO R R CAMPINAS LTDA
10774,f80f2ee36bae,AUTO POSTO GUARARAPES LTDA.
10775,f826fa146b4b,CINTRA DA MOTA COMERCIO DE PETROLEO LTDA
10776,f82d296a5394,CASCOL COMBUSTIVEIS PARA VEICULOS LTDA
10777,f83ecf9a696e,A ALEXANDRE E COMPANHIA
10778,f84183668ae8,COMERCIO DE COMBUSTIVEIS NEVOEIRO LTDA
10779,f84eb1b7681b,REDE N BRASIL DE POSTOS DE COMBUSTIVEIS LTDA
10780,f85171ce11a1,NOVO PANTERA AUTO POSTO LTDA
10781,f85662c6855f,AUTO POSTO QUATRO ESTAÇÕES LTDA EPP
10782,f859447ec69b,ALFA COMÉRCIO DE COMBUSTÍVEIS LTDA.
10783,f8612e5e8b00,SA NACIONAL DE VEICULOS LTDA
10784,f864ccc7038b,POSTO BRASOL COMERCIO DE COMBUSTIVEIS LTDA
10785,f86705b45562,POSTO DE COMBUSTIVEIS ULYSSE MARASCHIN LTDA
10786,f86ce48b741e,MARCOS A.S. CORDEIRO
10787,f86db384d376,POSTO ZEPPE GRAND PRIX LTDA
10788,f884269db159,IBEFIL COMBUSTIVEIS LTDA
10789,f88f9388e69a,AUTO POSTO SPX I LTDA
10790,f8915c2ba420,AUTO POSTO INDEPENDENCIA LTDA
10791,f897da12b69c,REDE DOM PEDRO DE POSTOS LTDA.
10792,f89c52a606f2,SIM REDE DE POSTOS LTDA
10793,f89d226fa0ff,REDE DE POSTOS AUTO POSTO CENTER LTDA
10794,f89e400a1bf3,PIRES COMERCIO DE COMBUSTIVEIS LTDA
10795,f8a04bd6598e,POSTO SEVEN 92 LTDA
10796,f8a152fa23ae,AUTO  POSTO LOPES CACHAMORRA LTDA
10797,f8a463e224ca,AUTO POSTO VITORIA DE ASSIS LTDA
10798,f8a688fc90be,SOL NASCENTE COMERCIO DE COMBUSTIVEIS LTDA
10799,f8b2be80d263,AUTO POSTO COLEGINHO LTDA.
10800,f8b3ffeeadb1,MARTINI COMERCIO DE COMBUSTIVEIS LTDA
10801,f8bdac405311,ACOS COMBUSTIVEIS LTDA.
10802,f8c8b4539943,RODAO AUTO POSTO LTDA
10803,f8c8f9ca1653,AUTO SHOPPING DERIVADOS DE PETROLEO LTDA
10804,f8c911d7af19,AUTO POSTO BENEDETTI DE OURINHOS LTDA
10805,f8c95969d5e2,AUTO POSTO ANTONIO EMERICK LTDA.
10806,f8d2a5206978,OTAMIL DERIVADOS DE PETROLEO LTDA
10807,f8d3f65283df,POSTO CARRETAO LTDA
10808,f8dc064d859c,VIEIRA & OMENA LTDA
10809,f8e15dcaf399,POSTO DE SERVICOS E LOJA DE CONV NACOES UNIDAS JDI LTDA
10810,f8e7e9bc25ea,S. D. DA MATA EIRELI
10811,f8e8c2a454fd,REDE FURNAS COMERCIO DE COMBUSTIVEIS LTDA
10812,f8e92de6c8ba,L G OLIVEIRA
10813,f906f565503e,AUTO POSTO TREVO LTDA
10814,f9101c011e15,COMERCIAL DE COMBUSTIVEIS CRISTAL LTDA
10815,f911b5b87e7d,POSTO DE SERVICO SANTO ANTONIO LTDA
10816,f9145340b98b,MENDES DE MOURA COMERCIO DE COMBUSTIVEIS LTDA
10817,f9191b6bff74,POSTO MONTE MORIA LTDA
10818,f91bf15dfc12,JARDIM FRANCA POSTO DE SERVICOS E CONVENIENCIAS LTDA
10819,f91ea8e4a4c0,CENTRO AUTOMOTIVO MC LAREN LTDA
10820,f9209bdc0813,OURO BRANCO PARANAVAI COMERCIO DE COMBUSTIVEIS LTDA
10821,f927b977839c,ADONAY COMERCIO DE COMBUSTIVEIS LTDA
10822,f928c5da75b3,LOJA AVIAO COMERCIO DE COMBUSTIVEIS IMPORTACAO E EXPORTACAO DE ARTIGOS PARA PRESENTES LTDA
10823,f92ecb005497,NOYER COMERCIO DE COMBUSTIVEIS E DERIVADOS LTDA
10824,f9364cd19627,POSTO ALTERNATIVA DE COMBUSTIVEL E SERVICO LTDA
10825,f93a6944a7c0,GAR JARDIM BRASILIA AUTO POSTO LTDA
10826,f94d15fd10b3,COMPANHIA BRASILEIRA DE DISTRIBUICAO
10827,f961619be364,AUTO POSTO R. JUVEVE LTDA
10828,f96b4b27b933,POSTO VIP COMERCIO DE COMBUSTIVEIS E DERIVADOS LTDA
10829,f96e409fe549,POSTO MAUA COMERCIO DE DERIVADOS DE PETROLEO LTDA
10830,f97701cf8ea0,SW4 AUTO POSTO LTDA.
10831,f979ca32311c,AUTO POSTO CHACARA ANTONIETA LTDA
10832,f97cc7bc21cd,POSTO AGUIA JOIA J R LTDA
10833,f97debd18374,F.L.M.A. DIADEMA COMERCIO VAREJISTA DE COMBUSTIVEIS LTDA.
10834,f989476e57b0,POSTO PARACATU LTDA
10835,f98ffe350048,AUTO POSTO PIONEIRO LTDA
10836,f99326f89331,DAR A SERVICOS AUTOMOTIVOS LTDA
10837,f999abbed71d,AUTO POSTO BICHIM II LTDA
10838,f99e00a80d15,POSTO DO LAGO BEBEDOURO LTDA.
10839,f99fc9505547,POSTO FIUZZA AUTO SERVICE LTDA
10840,f9bfccf7cac8,BSB BANCARIOS COMERCIAL DE COMBUSTIVEIS LTDA
10841,f9c5becbf8e3,AUTO POSTO PRIMAVERA MURCHID LTDA
10842,f9c6d20e0d71,POSTO ARAUJO COMBUSTIVEIS LTDA
10843,f9ccb531783a,POSTO JR FAISAO VII LTDA
10844,f9ddb24c6ebf,AUTO POSTO 100% VALINHOS LTDA.
10845,f9df1d40a176,AUTO POSTO PHOENIX DE MARINGA DE ITAPEVA LTDA
10846,f9e230eef9c4,POSTO RESENDE COSTA LTDA
10847,f9e6d08c0101,M.A. COMBUSTIVEIS LTDA.
10848,f9ee6ff6343b,JOVIAL COMBUSTÍVEIS E TRANSPORTES LTDA
10849,f9eff6333e04,D & M COMERCIAL LTDA
10850,f9f17a8f700b,AUTO POSTO AMA LTDA
10851,f9f6f00021b0,UMUARAMA COMERCIO DE COMBUSTIVEIS LTDA
10852,f9f83ae20872,POSTO DON INACIO LTDA
10853,fa0466ef0662,AUTO POSTO IMPERIO DE SAO JOAO DA BOA VISTA LTDA
10854,fa07880c89dd,AUTO POSTO RAIMONDI LTDA
10855,fa0950069290,POSTO DE ABASTECIMENTO SERVICOS E COMERCIO LINHA AMARELA LTDA
10856,fa09a3d75122,A. ANGELONI & CIA. LTDA
10857,fa183c64acec,AUTO POSTO UM DE NOSSA SENHORA DE FATIMA LTDA
10858,fa1d7388912b,POSTO DE COMBUSTIVEIS XIMENES LTDA
10859,fa20bd2b2b58,COMERCIO DE DERIVADOS DE PETROLEO ESTRELA LTDA.
10860,fa2a4ecd9fb1,POSTO AUTO GIRO LTDA
10861,fa2ca12c9c44,TAGUACENTRO COMERCIO DE DERIVADOS DE PETROLEO LTDA
10862,fa2da5a7f1b7,COMERCIAL PETROMAR LTDA
10863,fa34a296b159,AUTO POSTO VILA NOVA LTDA
10864,fa354b9bde00,ABO POSTOS DE ABASTECIMENTO E SERVICOS LTDA
10865,fa38504b1528,LEONARDO DANNI QUINZZANI
10866,fa3b06e8ad07,POSTO BOM BOM LTDA
10867,fa42bef242aa,AUTO POSTO SANTANA RIO CLARO LTDA
10868,fa4f24211bc9,RPA COMERCIO DE COMBUSTIVEIS PIRACICABA III LTDA
10869,fa591d3b646a,POSTO RC4 LTDA
10870,fa5afb0c035e,COPAS COMBUSTIVEIS LTDA
10871,fa68135fc155,MARAVILHA POSTO DE COMBUSTIVEIS LTDA
10872,fa6cbe30b69a,AGUIAR PETROLEO E LOCACOES LTDA
10873,fa733168838a,AUTO POSTO PORTAL CAMPOS ELISEOS LTDA
10874,fa8084c5dd2b,PORTAL DE POA AUTO POSTO LTDA
10875,fa8b6824cc77,POSTO RODO BEM LTDA
10876,fa8f0db05c51,LEAO CENTER AUTO POSTO LTDA
10877,fa93eb794c02,AUTO POSTO PATINHO FEIO LTDA
10878,fa9d0571847e,AUTO POSTO SABIAO LTDA
10879,fa9fbe01d48a,VIA 277 AUTO POSTO LTDA
10880,faa91aa44939,APEC VEICULOS S/A
10881,fab72ee7028b,COLETO ALDA E FILHOS LTDA
10882,fabe8df5f21e,AJS DERIVADOS DE PETROLEO LTDA
10883,fac0e2d82a5b,FVD COMBUSTIVEIS LTDA
10884,fac16ebc2c80,POSTO GIGANTE BEIRA RIO LTDA
10885,fac34d6fd111,VEREDASGAS AUTO POSTO LTDA
10886,fac53a44f1c9,CENTRO AUTOMOTIVO PRAIA DOS COQUEIROS LTDA
10887,facb7eecfb5a,SANTA CLARA COMERCIO DE COMBUSTIVEIS LTDA
10888,fadf900046c1,SOBRAL & PALACIO PETROLEO LTDA
10889,faecf758ac8b,VITÓRIA COMÉRCIO DE COMBUSTÍVEIS LTDA
10890,faf3e3b3a161,ABASTECEDORA DE COMBUSTIVEIS NOVO HAMBURGO LTDA
10891,faf567ad110e,VERANEIO AUTO POSTO UBATUBA LTDA.
10892,faf77d2310c8,AUTO POSTO ALMIRANTE LTDA
10893,fb00e018b0b9,REDE VIA EXPRESSA KENNEDY COMERCIO DE COMBUSTIVEIS LTDA
10894,fb011b184cc8,SIM REDE DE POSTOS LTDA
10895,fb03845f2305,AUTO POSTO MIRANTE-LIMEIRA LTDA
10896,fb03ac903b2b,POSTO PARQUE LTDA
10897,fb0f5904bb69,CENTRO AUTOMOTIVO PETRO 900 LTDA
10898,fb108c89c2fc,AUTO POSTO DA TORRE LTDA
10899,fb132cd0a48a,PASOLINI & PASOLINI LTDA.
10900,fb17318ca490,GS COMERCIAL DE COMBUSTIVEIS E LUBRIFICANTES LTDA
10901,fb1ad94347e8,POSTO DE GASOLINA DOM PEDRO II LTDA
10902,fb1cc5830988,POSTO DOURO LITORAL LTDA
10903,fb27eadd961e,AUTO POSTO E SERVIÇO COLINA LTDA
10904,fb3b6cdb77ed,POSTO CENTER LTDA
10905,fb3ffbed106c,CONSTRUGAS EMPREENDIMENTOS LTDA - EPP
10906,fb4ec256b43e,PARK AVENIDA POSTO DE SERVIÇOS LTDA
10907,fb4fa8c8fa88,POSTO GAROTINHO PARANAGUA LTDA
10908,fb51f3bcf373,AUTO POSTO PROGRESSO DE ADAMANTINA LTDA
10909,fb5a787644de,AUTO POSTO SOMA LTDA
10910,fb6b86a87d2c,CELT -COMERCIO DE COMBUSTIVEIS E LUBRIFICANTES LTDA
10911,fb6c4d52f678,PRESSGAS EMPREENDIMENTOS LTDA
10912,fb716b695d28,ECS COMBUSTIVEIS E LUBRIFICANTES LTDA - ME
10913,fb7a7a2b3c2a,AUTO POSTO FRANCISCO MARENGO LTDA
10914,fb7f55e7b0e8,POSTO DO VALE III LTDA
10915,fb86352ab8f7,EVALDO DOS SANTOS BATISTA & CIA LTDA
10916,fb8b65d334a1,M. PILATTI & CIA LTDA
10917,fb8d3caba9d8,POSTO GT LTDA
10918,fb90a5776650,M.D.M. COMERCIO DE COMBUSTIVEIS LTDA
10919,fb913a9b586d,JM. R. COMERCIO DE COMBUSTIVEIS LTDA.
10920,fb9198865728,POSTO DE GASOLINA JARDIM SULACAP LTDA
10921,fb9781a4d546,POSTO KADILLAC LTDA
10922,fb9d417edd94,AUTO POSTO ELDORADO LTDA
10923,fb9e29ff0226,CAVALCANTI COMERCIO DE COMBUSTIVEIS LTDA
10924,fb9e67d4b447,AUTO POSTO FRIZEIRAO LTDA
10925,fba04b3f488a,TEMPUS SERVICOS AUTOMOTIVOS LTDA
10926,fba4d49407cd,CELSO PEREIRA DA ROSA
10927,fbad26d2805d,QUINTA MARCHA AUTO POSTO LTDA
10928,fbb244dffd77,SERRA & SENNA COMERCIO DE COMBUSTIVEIS LTDA
10929,fbb5fc90c76c,AUTO POSTO CIDADE NAUTICA LTDA
10930,fbb9aee65526,AUTO POSTO TRIANGULO LTDA
10931,fbbb7531c313,AUTO POSTO ALEIXO LTDA
10932,fbbbd675d49e,POSTO DE SERVICOS AUTOMOTIVOS E COMERCIO DE COMBUSTIVEIS ABU-DHABI LTDA
10933,fbbfaf447462,POSTO DE SERVICOS RIBEIRO LTDA
10934,fbc00f35e358,CV COMERCIO DE COMBUSTIVEIS LTDA
10935,fbc091b16444,AUTO POSTO CAPITAL LTDA
10936,fbc2478dea14,CARLOS HUMBERTO ENES ANDRADE LTDA
10937,fbc672053e2a,AUTO POSTO EXPEDICIONARIOS LTDA
10938,fbcfef7e126c,COMPETRO COMERCIO E DISTRIBUICAO DE DERIVADOS DE PETROLEO LTDA
10939,fbd5b923b96e,RX COMERCIO DE COMBUSTIVEIS LTDA
10940,fbe2c626ce08,AUTO POSTO EUROPA GARDEN LTDA
10941,fbe34d456c32,AUTO POSTO PORTAL PEREQUE-ACU LTDA
10942,fbea0c5a11be,AUTO POSTO GLOBAL DE CAMPINAS LTDA
10943,fbf6e7af1526,VÔ ALDO - AUTO POSTO LTDA.
10944,fbff43685285,POSTO ALBATEX LTDA
10945,fc0ef6e062e8,AUTO POSTO ENERGIA DE ITU LTDA
10946,fc1175cdf4ac,AUTO POSTO BOMBONATO SERTAOZINHO LTDA
10947,fc155ae232d8,POSTO MAGNOLIA LTDA
10948,fc218ee09b77,AUTO POSTO ESTRELA COMERCIO DE DERIVADOS DE PETROLEO LTDA
10949,fc2213896ffb,AUTO POSTO LC PARAISO DO SOL LTDA
10950,fc241343497d,POSTO VILA SORRISO LTDA
10951,fc2643d35f38,PLANALTO PETROLEO BOLA LTDA
10952,fc28f1b6de91,STANG & STANG LTDA
10953,fc38c1d36ddf,LIMA E AGUIAR COMERCIO VAREJISTA DE COMBUSTIVEIS LTDA
10954,fc38d90e74d8,COMERCIAL LE MANS TRANSPORTES E SERVICOS LTDA
10955,fc3bc31d63d6,MEDINA AUTO POSTO LTDA
10956,fc3c021a63b7,AUTO POSTO LUZIANIA LTDA
10957,fc3cac2018ea,AUTO POSTO M6 LTDA
10958,fc42d6db48dd,JJ MARTINS PESSOA COMERCIO DE COMBUSTIVEIS LTDA
10959,fc4a466605a8,PIT STOP AUTO POSTO DE LINS LTDA
10960,fc51eed85892,POSTO PETROTURBO LTDA
10961,fc522236d5bf,POSTO DE COMBUSTIVEIS SAO MARCOS LTDA
10962,fc5ee383e032,POSTO DE GASOLINA SANTA ROSA DE ICARAI LTDA
10963,fc5fbd958ff1,POSTO SANTA TEREZINHA LTDA
10964,fc618c5d319e,SPECIAL POINT AUTO POSTO LTDA
10965,fc68bfe7ae02,COMERCIAL BUFFON COMBUSTIVEIS E TRANSPORTES LIMITADA
10966,fc6af0a10445,POSTO NOVO ELDORADO LTDA
10967,fc6cdae700ea,AUTO POSTO N.G. LTDA
10968,fc6f3cbd1273,COMERCIAL DE COMBUSTIVEIS RAMIRO LTDA
10969,fc721c103544,POSTO DAS ORQUIDEAS DE FRANCA LTDA
10970,fc728397b229,MAGGIORE COMERCIO A VAREJO DE COMBUSTIVEIS LTDA
10971,fc776bcfff63,CRUZEIRO DO SUL COM DE COMBUSTIVEIS E SERVICOS LTDA
10972,fc7c0913e3ff,COMERCIAL PRESIDENTE JUSCELINO LTDA
10973,fc7cfeccb2cb,AUTO POSTO SERRA JOA LTDA
10974,fc7d62d4724c,AUTO POSTO DE COMBUSTIVEL RTT LTDA
10975,fc7fb9070aac,PETROMILIA LTDA
10976,fc81816681c5,AUTO POSTO MOLINARI LTDA
10977,fc82841d700f,AUTO POSTO KAMOME LTDA
10978,fc85768dcdaa,REAL DA ILHA COMERCIO DE DERIVADOS DO PETROLEO LTDA
10979,fc87d1cef375,AUTO POSTO MAP LTDA
10980,fc8ad2edc775,CARAU COMBUSTIVEIS LTDA
10981,fc9298d7d303,POSTO DE COMBUSTIVEIS ABASTECE PRACA CIVICA LTDA
10982,fc93a7a958ff,HIROCHI & LUCIANA KITAGAWA COMERCIO DE COMBUSTIVEIS E LUBRIFICANTES LTDA
10983,fc9ad430faf1,POSTO DE SERVICOS LIBERTY LTDA
10984,fc9c32ee38bb,AUTO POSTO M5 LTDA
10985,fc9d84921b13,POSTO DIVINA LUZ DE ANCHIETA LTDA
10986,fca549a82965,BEZERRA & BEZERRA LTDA
10987,fcab4ae4a2b8,F. C. SMIDT & CIA. LTDA.
10988,fcaf0c67de81,AUTO POSTO R. F. LTDA
10989,fcbfbad43e9f,BCR COMERCIO DE COMBUSTIVEIS LTDA
10990,fcc32606db7d,AUTO POSTO CIDADE DAS HORTÊNCIAS LTDA.
10991,fcc87caa6bba,AUTO POSTO SANTA MONICA LTDA
10992,fcca3a5dcab2,VENI COMERCIO DE COMBUSTIVEIS LTDA
10993,fcd27ff4392c,AUTO POSTO SAN MARINO DE RIO CLARO EIRELI
10994,fcd3abae9290,POSTO E GARAGEM DOM HELDER CAMARA LTDA
10995,fcd9ba25413b,CONDOR AUTO POSTO SANTA PAULA LTDA
10996,fcdb07fca1dd,AUTO POSTO VALE DA FIGUEIRA LTDA
10997,fcdeaefc02b4,M. A. COMERCIO DE COMBUSTIVEIS LTDA
10998,fce0a9c8fd38,AGUAS LINDAS COMBUSTIVEIS LTDA
10999,fce2cf9dbc43,AUTO POSTO NOVA CARAPICUIBA LTDA
11000,fce6049a79d0,AUTO POSTO BOA ESPERANCA LTDA
11001,fcf8dc40cc1f,RKZ COMERCIO DE COMBUSTIVEIS LTDA.
11002,fcf9515c214a,AUTO POSTO MUFFATO LTDA
11003,fd03a4e46fad,AUTO POSTO DELTA BOQUEIRAO LTDA
11004,fd084d8b2370,CENTRO AUTOMOTIVO PINDORAMA LTDA
11005,fd0a71e7e249,ALIANCA CENTER COMERCIO DE COMBUSTIVEL LTDA
11006,fd13cfb7145f,AUTO POSTO MANCINI LTDA
11007,fd13ea54db29,J & L COMERCIO DE DERIVADOS DE PETROLEO LTDA
11008,fd18685e8f4c,MC POSTO DE SERVICOS LTDA
11009,fd24267eb056,SC COMBUSTIVEIS LTDA
11010,fd361223236c,POSTO BEQUIMAO EIRELI
11011,fd3a2fdaa68c,J A PONTES
11012,fd3b748cb82a,POSTO PALMAS COMERCIO LTDA
11013,fd3b77b0f2e6,LUSTOSA COMERCIO DE COMBUSTIVEIS LTDA
11014,fd3c5896b6b0,POSTO TROLLER LTDA
11015,fd42277794d8,POSTO CERRADAO LTDA
11016,fd45f17b8ed3,POSTO CARRETEIRO LTDA
11017,fd494b163159,CASCOL COMBUSTIVEIS PARA VEICULOS LTDA
11018,fd551cad3763,CENTURY AUTO POSTO LTDA
11019,fd5d7abc1ec9,M MELLO & CIA LTDA
11020,fd614ee9d8cf,CWS COMBUSTIVEIS LTDA
11021,fd6834b03236,AUTO POSTO DO MEL LTDA
11022,fd72c9dda8c4,AUTO POSTO DA PEDRA LTDA
11023,fd73eb5941c7,POSTO MINAS SHOPPING LTDA
11024,fd78df25a425,C C I COMERCIO DE COMBUSTIVEIS ITAPORANGA LTDA
11025,fd7c83685773,R TAUBE POSTO DE COMBUSTIVEIS E CONVENIENCIAS LTDA
11026,fd7f9cbbdf36,ESPANHA COMERCIO DE COMBUSTIVEIS LTDA
11027,fd80847f5f60,POSTO LASER LIMITADA
11028,fd871215a21c,GDO PARTICIPACOES S/A
11029,fd90323e7d35,VALE AZUL COMERCIO E DERIVADOS DE PETROLEO LTDA
11030,fd951ced457e,AUTO POSTO DO TRABALHO SANTISSIMO LTDA
11031,fd977f05c343,POSTAO COMERCIO E TRANSPORTE DE COMBUSTIVEIS EIRELI
11032,fd99df93ea34,JARDIM EUROPA COMERCIO DE DERIVADOS DE PETROLEO LTDA
11033,fda4b457cc97,SAO DOMINGOS PETROLEO LTDA
11034,fda8f8773997,POSTO MAHALO COMERCIO DE COMBUSTIVEIS LTDA
11035,fdaa03bc71ef,MOTOGAS INDUSTRIA DE COMPRESSAO E COMERCIO DE GAS NATURAL LTDA
11036,fdae212a3f0d,POSTO ENTRADA OBRIGATORIA LTDA
11037,fdb429cfe6ea,AUTO POSTO TUPY CAMPO BELO LTDA
11038,fdb8b75b6bc3,AUTO POSTO TRAPEZYUN LTDA
11039,fdc364862ee1,COMERCIAL DE COMBUSTIVEIS PR LTDA
11040,fdc581103420,AUTO POSTO VARELA LTDA
11041,fdc5c432735b,AUTO POSTO SAMPAIO DE LIMEIRA LTDA
11042,fdd179eb2758,AUTO POSTO SANTA PAULINA LTDA
11043,fddb5af42dbb,AUTO POSTO IRMAOS NASCIMENTO LTDA
11044,fde66e98c93b,AUTO POSTO CORREA SEMPRE ABASTECE VOTORANTIM EIRELI
11045,fde7905409bc,STANG & STANG LTDA
11046,fde9cf42242a,E. G. COMERCIO VAREJISTA DE DERIVADOS DE PETROLEO LTDA
11047,fdeaa5bf2040,PETROX COMERCIAL LTDA
11048,fdeb8d246de8,AUTO POSTO NOVA SAO JOAO LTDA
11049,fdf02557b1aa,POSTO Z+Z NOSSA SENHORA MEDALHA MILAGROSA LTDA
11050,fdf2bd7f0dc7,AUTO POSTO ALVORADA LTDA
11051,fdf6a90b664e,POSTO DE COMBUSTIVEIS VERDE BRASIL LTDA.
11052,fdfcab8019e6,UCELA & PAULA LTDA
11053,fdff4120c8a0,AUTO POSTO FONTE LUMINOSA LTDA
11054,fdff66d2dd50,POSTO DE SERVICOS ZAIRA LTDA
11055,fe1460ced7e9,SULCAR POSTO DE SERVICOS LTDA
11056,fe14a422c7b9,AUTO POSTO G - 3 LTDA
11057,fe1bdc68e2f8,EXXEL REVENDEDORA DE DERIVADOS DE PETROLEO LTDA
11058,fe2ba8ffb596,AUTO POSTO CALDEIRAO II LTDA
11059,fe395914e905,NOVO PORTO AUTO POSTO LTDA
11060,fe3cef241524,POSTO BRASIL IMPERATRIZ LTDA
11061,fe46d2b8a656,S S COMERCIO DE COMBUSTIVEIS SA
11062,fe56aed606de,ENTRE AMIGOS AUTO POSTO E SERVICOS - EIRELI
11063,fe5739675448,AUTO POSTO JL II LTDA
11064,fe5a334bd9c0,CENTRO AUTOMOTIVO DESCAMPADO LTDA
11065,fe5b15295c2f,POSTO POROROCA POROROCA LTDA
11066,fe5d6edd49de,AUTO POSTO CHACARA FORMOSA LTDA
11067,fe5e13bd3f1e,BOSQUE II GOURMET LTDA
11068,fe60a2104e32,POSTO PARQUE DAS BRISAS LTDA
11069,fe60d9621f00,AUTO POSTO MARFIM LTDA
11070,fe61c1bfef41,POSTO PALESTRA COMBUSTIVEIS - RIO PRETO LTDA.
11071,fe650721b325,COMERCIAL VITORIA LTDA
11072,fe6592d10438,VIA MAIS REDE DE POSTOS S.A.
11073,fe6907bcc376,POSTO DE GASOLINA MARINA PARQUE VEROLME LTDA
11074,fe6cdaf53dd1,VIP COMERCIO DE COMBUSTIVEIS LTDA
11075,fe6ff05197fe,AUTO POSTO LISBOA SJCAMPOS LTDA
11076,fe738a08de70,AUTO POSTO LIBERO BADARO EIRELI
11077,fe75bdb162d8,POSTO TIJUCAS LTDA
11078,fe765d036a96,POSTO IRMAOS AUGUSTO LTDA
11079,fe7b4f97de17,COMERCIO DE COMBUSTIVEIS TIMOTEO ALEGRE LTDA - EPP
11080,fe81b7f10d2c,POSTO 44 IJUI COMERCIO DE COMBUSTIVEIS LTDA
11081,fe8846bcb0ae,GIRAFA AUTO POSTO LTDA
11082,fe90879ef520,AUTO POSTO TABELA LTDA
11083,fe90b7acb545,CANAAN POSTO E SERVICOS LTDA
11084,fe981ef0410c,B. B. PETROLEO EIRELI
11085,fe9ee209de6a,PARQUE EUROPA - COMERCIO VAREJISTA DE COMBUSTIVEIS LTDA
11086,fea32a1b4353,POSTO AVENIDA DE FABRICIANO LTDA
11087,fea751c131f3,AUTO POSTO 102 LTDA
11088,fea7b38cf0a6,AUTO POSTO 3 IRMAOS LTDA
11089,feb63b734103,POSTO PARQUE BRASIL 500 LTDA
11090,febc5faf0189,POSTO MIME S.A.
11091,fec69131e50b,TAVARES & FERNANDES LTDA
11092,fec9f74880d2,POSTO 81 LTDA
11093,fecfd29333f9,AVATAR AUTO POSTO LTDA
11094,fedd77b553a6,AUTO POSTO PETRO IZAAC LTDA  - ME
11095,fedf8c27c309,AUTO POSTO METRO VILA MARIANA LTDA .
11096,fedff986c75b,GV COMERCIAL DE COMBUSTIVEIS LTDA
11097,fee5f4150aca,POSTO GASTOTAL LTDA
11098,feec48e1c8cc,REDE VIA EXPRESSA DEROSSO COMERCIO DE COMBUSTIVEIS LTDA
11099,feee8b3448e8,AUTO POSTO URIAS LTDA
11100,feefe7878db4,COMERCIO DE COMBUSTIVEIS PETROSOJA II LTDA
11101,fef4585c9213,AUTO POSTO AFA LTDA
11102,fef6685db15f,AUTO POSTO AMMA LTDA
11103,ff012237bba0,POSTO MONTE CARLO SAO CARLOS DAMHA LTDA
11104,ff01c53dc256,AUTO SERVICO GASVIX LTDA
11105,ff07440b0104,ESTACAO PREMIER COMERCIO DE COMBUSTIVEIS LTDA
11106,ff0b01fc71a2,POSTO CAICO LTDA
11107,ff1a91e7ba52,RGM 2 COMERCIO DE PETROLEO LTDA
11108,ff1a9e6f7119,J A SOBRAL & CIA LTDA
11109,ff20ba76d3f1,HIPETRO COMERCIO DE DERIVADOS DO PETROLEO LTDA
11110,ff247f027f2b,AUTO POSTO SAMPORT LTDA
11111,ff31de7f46d0,POSTO VIA PARQUE LTDA
11112,ff487fcfa6eb,POSTO MACAUBENSE LTDA
11113,ff4ae1b2058b,R DE J BECKMAN GUTERRES
11114,ff4b65e81259,JF COMERCIAL PETROLEO LTDA
11115,ff4cdf8b105d,AUTO POSTO SENNA LTDA.
11116,ff56e4aec917,AUTO POSTO ARTUR RIOS LTDA
11117,ff6072f0aa31,COMPANHIA BRASILEIRA DE DISTRIBUICAO
11118,ff62eeb10202,POSTO RURAL DE GOIAS LTDA
11119,ff632168aa88,POSTO MAR AZUL LTDA
11120,ff677a80e887,POSTO CANAL CAPITAL VERDE LTDA
11121,ff6ff8054e90,G. M. ABBADE COMBUSTIVEIS
11122,ff70b13b54dd,POSTO DE COMBUSTIVEIS CERCA NOVA LTDA - ME
11123,ff7120f56e7d,COSTA AUTO POSTO LTDA
11124,ff75e124d9c8,AUTO POSTO GOMENSORO LTDA
11125,ff78e41bc0ee,G. DE CESARO & CIA LTDA.
11126,ff7ecd90ff2a,POSTO NERI LTDA
11127,ff84ae26db63,COMERCIAL BUFFON COMBUSTIVEIS E TRANSPORTES LIMITADA
11128,ff8d55f88947,CEU AZUL DERIVADOS DE PETROLEO LTDA
11129,ff94c91bc0e5,REDE HG COMBUSTIVEIS LTDA.
11130,ff9cf4a2f2f4,AUTO POSTO PIRAPORINHA SOLIDAO LTDA
11131,ff9e0604a0d2,AUTO POSTO MIRANTE LTDA
11132,ff9e25a0c212,VALE COMERCIAL DE PETROLEO LTDA - EPP
11133,ffa216b06ac2,WMS SUPERMERCADOS DO BRASIL LTDA.
11134,ffa960ffc540,S R MEURER COMERCIO DE COMBUSTIVEIS LTDA
11135,ffad178b3c23,COMERCIAL BUFFON COMBUSTIVEIS E TRANSPORTES LIMITADA
11136,ffb0db736efb,AUTO POSTO PETRO-PIRES II LTDA
11137,ffb5cefc0394,JHONY & JOSEMAR X PETROLEUM LTDA
11138,ffcc165ec7fe,ROSSO & ROSSO COMERCIO DE COMBUSTIVEIS LTDA - ME
11139,ffcc65ba970a,POSTO OCEANO LTDA
11140,ffcee33ccfdb,J. DA COSTA SILVA & CIA. LTDA.
11141,ffdc0b093667,AUTO POSTO AGUAPEI ARACATUBA LTDA
11142,ffe114c955ab,LETTI AUTO POSTO LTDA.
11143,ffe939e5af9f,VIEIRA & FILHOS ARACATUBA LTDA
11144,ffea23277ddb,AUTO POSTO CAMURUPIM LTDA
11145,ffea440a2d8f,COMERCIAL DE COMBUSTIVEIS VAM LTDA
11146,ffedcaa9c422,AUTO POSTO IMPERADOR LTDA
11147,fff3cf5fd29a,AUTO POSTO FLOR DA ESTAÇAO LTDA.
11148,fff74681e4ab,SAO FRANCISCO DE ASSIS COMERCIO DE COMBUSTIVEIS LTDA
11149,fff893e94993,AUTO POST JJL LTDA
11150,fffb871a049e,POSTO TRUCK'S - COMERCIO E TRANSPORTE DE COMBUSTIVEIS LTDA
11151,fffdb2e76145,NATAL KIFOURI & CIA LTDA
